"txn_id","customer_id","product_id","store_id","staff_id","quantity","payment_method","event_time"
"10000001","109753","2407","12","365",19,Credit Card,2025-12-27
"10000002","74409","2182","9","666",20,Cash,2025-11-15
"10000003","131321","2751","19","217",8,Points,2025-11-16
"10000004","96066","2315","11","304",2,Cash,2025-05-09
"10000005","62457","2680","8","461",4,Credit Card,2025-11-01
"10000006","130570","1467","10","539",5,Credit Card,2025-08-18
"10000007","98745","2674","10","445",8,Credit Card,2025-11-13
"10000008","143330","1944","18","343",3,Points,2025-11-23
"10000009","106107","2976","14","586",1,Credit Card,2025-05-29
"10000010","148661","1021","20","404",12,Digital Wallet,2025-11-12
"10000011","69207","1743","18","209",2,Points,2025-09-24
"10000012","142055","1944","11","303",4,Digital Wallet,2025-05-11
"10000013","116372","1575","1","494",11,Digital Wallet,2025-06-29
"10000014","99040","2853","3","287",20,Cash,2025-06-08
"10000015","125711","1743","14","502",18,Digital Wallet,2025-02-10
"10000016","123912","2357","19","280",4,Cash,2025-12-17
"10000017","137994","2923","2","411",10,Points,2025-05-15
"10000018","80601","2942","13","481",2,Points,2025-10-16
"10000019","86345","2299","5","376",6,Points,2025-03-15
"10000020","97823","1252","19","336",17,Credit Card,2025-02-21
"10000021","121317","2330","20","607",20,Points,2025-11-10
"10000022","56287","2243","20","360",9,Credit Card,2025-10-11
"10000023","73483","1035","10","530",18,Digital Wallet,2025-08-22
"10000024","144326","2503","15","593",7,Digital Wallet,2025-01-19
"10000025","64548","1261","13","201",11,Points,2025-09-13
"10000026","96761","2358","12","599",20,Points,2025-07-31
"10000027","144796","1984","8","385",2,Digital Wallet,2025-11-12
"10000028","148819","1677","12","345",8,Points,2025-08-22
"10000029","96408","2825","10","673",15,Cash,2025-05-04
"10000030","128803","1667","13","427",15,Points,2025-11-10
"10000031","140812","1540","12","610",11,Digital Wallet,2025-09-05
"10000032","137162","1496","2","570",13,Digital Wallet,2025-10-06
"10000033","56651","1417","18","390",12,Cash,2025-07-03
"10000034","116446","1480","8","260",17,Credit Card,2025-10-25
"10000035","123905","1333","2","277",14,Digital Wallet,2025-04-23
"10000036","138454","1496","7","540",20,Points,2025-06-15
"10000037","106255","2828","17","640",9,Digital Wallet,2025-08-30
"10000038","103442","2509","10","567",3,Credit Card,2025-11-24
"10000039","86386","2063","20","279",10,Points,2025-02-03
"10000040","93914","2373","15","340",8,Digital Wallet,2025-07-27
"10000041","94761","2760","2","692",16,Digital Wallet,2025-06-13
"10000042","112290","2730","12","448",5,Points,2025-08-04
"10000043","95064","1513","20","438",18,Points,2025-01-04
"10000044","62348","2746","6","421",12,Digital Wallet,2025-10-09
"10000045","144131","1515","12","577",5,Credit Card,2025-04-09
"10000046","102605","1543","14","216",16,Points,2025-05-14
"10000047","80620","1552","16","216",3,Points,2025-07-25
"10000048","97712","1300","15","433",4,Cash,2025-10-22
"10000049","110020","2674","8","292",5,Digital Wallet,2025-08-10
"10000050","75285","1810","6","555",7,Points,2025-07-09
"10000051","80129","1292","7","640",8,Digital Wallet,2025-01-22
"10000052","84481","2202","6","353",4,Cash,2025-12-18
"10000053","104264","1862","4","245",6,Points,2025-02-17
"10000054","90067","2287","12","265",12,Points,2025-09-11
"10000055","113320","1709","11","675",8,Credit Card,2025-10-06
"10000056","148718","1267","6","530",16,Credit Card,2025-08-11
"10000057","106720","1713","10","534",4,Cash,2025-11-22
"10000058","98620","2715","11","550",15,Credit Card,2025-03-23
"10000059","133246","2214","16","582",15,Digital Wallet,2025-09-01
"10000060","138436","2682","14","305",13,Points,2025-01-17
"10000061","70203","2083","1","353",6,Cash,2025-09-05
"10000062","67099","2174","20","539",11,Points,2025-07-01
"10000063","107999","2709","19","261",1,Digital Wallet,2025-12-13
"10000064","132202","1329","5","356",6,Credit Card,2025-08-01
"10000065","67722","1121","16","559",7,Digital Wallet,2025-02-16
"10000066","113023","2571","12","560",18,Points,2025-10-20
"10000067","50902","1701","14","510",13,Points,2025-05-14
"10000068","132167","2935","5","438",7,Credit Card,2025-07-05
"10000069","95397","2740","10","360",5,Digital Wallet,2025-01-27
"10000070","142921","1214","11","467",18,Digital Wallet,2025-12-15
"10000071","148369","2766","9","288",7,Digital Wallet,2025-10-24
"10000072","126393","2723","13","278",2,Cash,2025-07-30
"10000073","128100","2731","10","310",3,Points,2025-08-09
"10000074","93746","2245","17","665",5,Cash,2025-03-05
"10000075","102833","1367","11","278",9,Digital Wallet,2025-01-19
"10000076","96901","2404","13","290",13,Cash,2025-11-02
"10000077","108281","1264","5","577",11,Points,2025-10-01
"10000078","65606","1281","2","318",17,Points,2025-06-18
"10000079","76245","1953","12","302",2,Credit Card,2025-11-26
"10000080","77900","2255","7","632",7,Cash,2025-03-02
"10000081","140737","2626","9","687",9,Points,2025-02-02
"10000082","144169","2105","19","633",17,Digital Wallet,2025-12-05
"10000083","68358","1147","17","581",5,Points,2025-03-09
"10000084","64123","2999","13","498",6,Points,2025-07-19
"10000085","103786","2961","8","504",20,Cash,2025-04-27
"10000086","112665","2235","19","471",17,Points,2025-04-24
"10000087","76429","2853","6","601",15,Credit Card,2025-10-06
"10000088","73675","2360","1","617",10,Cash,2025-11-13
"10000089","128866","1243","15","272",17,Points,2025-10-29
"10000090","113553","2599","14","309",4,Credit Card,2025-10-13
"10000091","73981","1597","5","601",7,Points,2025-11-30
"10000092","114708","1611","13","442",2,Credit Card,2025-02-02
"10000093","130257","1310","10","536",10,Credit Card,2025-11-12
"10000094","57458","2468","14","393",4,Digital Wallet,2025-06-25
"10000095","114771","1102","16","486",19,Cash,2025-11-30
"10000096","130143","2648","1","691",6,Digital Wallet,2025-07-25
"10000097","122958","2363","3","577",19,Cash,2025-03-23
"10000098","106425","2652","13","353",11,Cash,2025-03-15
"10000099","117152","1637","15","391",16,Points,2025-06-18
"10000100","92701","2142","1","235",3,Cash,2025-08-28
"10000101","76775","1341","2","375",7,Points,2025-06-02
"10000102","50125","2739","9","578",12,Credit Card,2025-09-23
"10000103","115365","1301","8","220",3,Points,2025-05-21
"10000104","95665","2630","6","567",16,Digital Wallet,2025-02-07
"10000105","142177","2904","14","534",16,Points,2025-08-03
"10000106","94421","1579","4","480",3,Cash,2025-02-02
"10000107","123071","1549","8","363",10,Credit Card,2025-10-01
"10000108","51278","1871","20","206",12,Cash,2025-06-21
"10000109","53047","2060","4","415",8,Points,2025-12-28
"10000110","104323","1972","4","316",17,Digital Wallet,2025-07-04
"10000111","134206","1156","8","672",7,Cash,2025-03-24
"10000112","50097","1378","9","329",8,Points,2025-05-05
"10000113","134385","1637","19","476",8,Digital Wallet,2025-12-04
"10000114","121821","2252","11","455",20,Points,2025-02-07
"10000115","142437","1894","12","607",20,Credit Card,2025-05-06
"10000116","105044","1325","8","354",15,Credit Card,2025-01-31
"10000117","102749","1679","1","204",8,Digital Wallet,2025-04-24
"10000118","63108","2989","11","602",14,Cash,2025-09-07
"10000119","113810","2798","13","552",4,Cash,2025-08-03
"10000120","108542","2852","9","595",15,Credit Card,2025-03-11
"10000121","105256","1673","5","696",12,Digital Wallet,2025-02-14
"10000122","127483","1731","1","212",19,Points,2025-07-25
"10000123","63157","2991","6","624",14,Cash,2025-07-18
"10000124","91355","1177","5","572",18,Points,2025-06-01
"10000125","64268","2541","4","370",19,Credit Card,2025-03-09
"10000126","108527","1652","2","586",18,Points,2025-11-03
"10000127","133993","2026","10","581",3,Cash,2025-04-10
"10000128","148194","1765","6","616",14,Points,2025-04-23
"10000129","142824","2057","1","495",2,Digital Wallet,2025-01-11
"10000130","76991","1496","3","388",9,Cash,2025-11-19
"10000131","87105","1848","19","568",10,Points,2025-05-23
"10000132","50363","2028","7","616",17,Digital Wallet,2025-07-03
"10000133","58950","2306","9","224",15,Points,2025-11-21
"10000134","92335","2448","14","356",5,Credit Card,2025-06-20
"10000135","58178","2954","19","490",16,Points,2025-01-17
"10000136","131845","1019","20","624",3,Points,2025-11-23
"10000137","70980","2524","5","540",20,Digital Wallet,2025-10-01
"10000138","68189","1525","10","364",7,Points,2025-05-12
"10000139","80554","2413","2","504",3,Cash,2025-05-09
"10000140","82237","1543","16","684",10,Digital Wallet,2025-06-24
"10000141","99336","2095","16","495",8,Cash,2025-05-08
"10000142","127656","2657","4","265",9,Credit Card,2025-06-18
"10000143","147850","1802","13","368",12,Digital Wallet,2025-04-06
"10000144","113537","1457","3","697",10,Points,2025-12-17
"10000145","74773","1614","13","254",19,Points,2025-01-24
"10000146","88401","1182","3","598",9,Credit Card,2025-11-26
"10000147","104520","1757","16","682",14,Points,2025-05-19
"10000148","50206","1872","11","425",8,Credit Card,2025-10-07
"10000149","74506","2697","3","417",5,Cash,2025-11-24
"10000150","61332","2281","20","370",7,Credit Card,2025-08-26
"10000151","88785","1078","9","536",8,Points,2025-10-16
"10000152","132903","2621","2","551",9,Credit Card,2025-12-07
"10000153","111349","1742","19","231",9,Digital Wallet,2025-04-29
"10000154","82496","2317","10","561",20,Points,2025-09-02
"10000155","117593","2087","8","329",5,Points,2025-09-20
"10000156","75098","1153","19","528",8,Points,2025-05-19
"10000157","77008","2525","19","218",3,Credit Card,2025-03-25
"10000158","139075","2273","9","520",8,Cash,2025-01-30
"10000159","84079","1276","12","638",17,Cash,2025-09-06
"10000160","113083","2979","5","644",15,Credit Card,2025-04-13
"10000161","68170","1736","11","679",1,Digital Wallet,2025-06-02
"10000162","90744","2786","16","638",4,Digital Wallet,2025-08-05
"10000163","63274","2892","7","238",11,Credit Card,2025-09-18
"10000164","81844","2866","10","591",4,Points,2025-08-20
"10000165","113428","1954","11","627",14,Digital Wallet,2025-10-20
"10000166","127244","1163","5","218",14,Points,2025-09-18
"10000167","51351","1522","9","499",3,Digital Wallet,2025-11-18
"10000168","138212","2948","15","522",18,Points,2025-08-22
"10000169","77512","1809","2","229",6,Digital Wallet,2025-08-25
"10000170","147758","1778","5","429",6,Cash,2025-08-28
"10000171","90596","1891","13","671",16,Digital Wallet,2025-08-20
"10000172","144302","1824","6","525",6,Cash,2025-06-18
"10000173","138344","2212","7","316",18,Points,2025-01-15
"10000174","64544","1194","5","385",13,Credit Card,2025-12-16
"10000175","117564","2384","19","428",18,Credit Card,2025-06-28
"10000176","87737","2390","20","220",1,Digital Wallet,2025-05-05
"10000177","83564","1044","8","267",12,Cash,2025-06-15
"10000178","51381","2913","8","675",9,Credit Card,2025-05-15
"10000179","120290","2159","10","503",9,Credit Card,2025-08-13
"10000180","92110","2762","9","610",6,Digital Wallet,2025-08-05
"10000181","63029","2368","7","562",14,Points,2025-05-25
"10000182","80187","2601","2","424",19,Points,2025-06-05
"10000183","110194","2922","6","549",12,Points,2025-09-28
"10000184","61755","1314","10","499",3,Points,2025-03-27
"10000185","127836","1729","17","360",2,Digital Wallet,2025-09-03
"10000186","98167","2438","9","534",9,Cash,2025-02-18
"10000187","67644","1461","20","235",3,Cash,2025-04-05
"10000188","114252","1437","10","658",2,Digital Wallet,2025-02-13
"10000189","70274","2648","13","484",17,Points,2025-08-03
"10000190","90175","2754","2","509",19,Credit Card,2025-10-29
"10000191","91871","1857","16","283",7,Cash,2025-05-01
"10000192","54897","2465","5","338",16,Digital Wallet,2025-12-21
"10000193","82283","1702","11","241",9,Credit Card,2025-03-16
"10000194","115028","2456","15","288",12,Points,2025-07-14
"10000195","95910","2547","11","230",4,Points,2025-04-20
"10000196","71922","2020","1","316",11,Cash,2025-05-13
"10000197","114123","1500","10","557",7,Cash,2025-11-22
"10000198","91467","2029","12","698",4,Credit Card,2025-11-20
"10000199","54548","2921","9","619",1,Cash,2025-10-21
"10000200","55813","1340","9","259",9,Cash,2025-10-18
"10000201","89207","2675","4","280",10,Cash,2025-11-04
"10000202","115616","2053","17","229",3,Credit Card,2025-09-25
"10000203","126633","1882","6","316",7,Points,2025-02-02
"10000204","122722","2075","11","351",3,Credit Card,2025-03-14
"10000205","98948","1023","4","496",18,Points,2025-02-19
"10000206","133316","2972","19","695",5,Digital Wallet,2025-04-05
"10000207","136878","1709","19","502",11,Digital Wallet,2025-08-16
"10000208","124334","1034","8","314",2,Credit Card,2025-11-17
"10000209","74097","2506","19","651",7,Cash,2025-04-10
"10000210","72954","1977","20","439",11,Cash,2025-07-03
"10000211","122214","2030","15","627",10,Credit Card,2025-06-10
"10000212","148381","3000","16","542",20,Cash,2025-06-25
"10000213","51835","2753","2","535",5,Digital Wallet,2025-11-17
"10000214","134936","1388","12","615",13,Cash,2025-02-11
"10000215","105899","1265","19","431",3,Credit Card,2025-03-18
"10000216","73787","2921","18","418",14,Cash,2025-08-12
"10000217","121931","1930","20","643",4,Points,2025-07-08
"10000218","69181","2876","4","294",15,Cash,2025-12-02
"10000219","148498","2827","1","574",18,Cash,2025-11-24
"10000220","121868","2905","12","386",12,Points,2025-03-15
"10000221","111472","2993","10","674",19,Cash,2025-12-11
"10000222","142785","2423","10","672",15,Credit Card,2025-04-05
"10000223","79578","2099","16","493",6,Credit Card,2025-07-26
"10000224","149055","1683","13","525",20,Cash,2025-01-02
"10000225","98143","2636","4","316",10,Points,2025-03-09
"10000226","64911","1803","19","356",14,Points,2025-01-18
"10000227","90399","1209","6","444",16,Credit Card,2025-03-24
"10000228","69358","2456","5","473",19,Cash,2025-01-28
"10000229","75022","2466","8","446",15,Cash,2025-10-11
"10000230","114992","1427","13","450",18,Cash,2025-10-03
"10000231","146020","1318","4","426",12,Credit Card,2025-11-12
"10000232","110275","1700","13","246",1,Cash,2025-09-10
"10000233","96006","1108","2","219",19,Cash,2025-05-20
"10000234","88207","1541","5","345",19,Credit Card,2025-01-27
"10000235","85437","1182","10","634",11,Points,2025-07-02
"10000236","109793","1554","19","345",11,Points,2025-12-22
"10000237","73945","2374","12","222",18,Points,2025-08-03
"10000238","149793","1231","11","250",3,Points,2025-04-07
"10000239","140650","1828","2","258",4,Points,2025-11-19
"10000240","70059","1148","15","573",7,Credit Card,2025-10-29
"10000241","56000","2181","4","483",13,Digital Wallet,2025-07-29
"10000242","92887","1273","3","649",13,Digital Wallet,2025-08-01
"10000243","71712","1299","15","628",16,Digital Wallet,2025-08-31
"10000244","78789","2314","20","418",7,Credit Card,2025-09-24
"10000245","61960","1455","4","204",12,Digital Wallet,2025-02-24
"10000246","129423","2903","16","626",16,Credit Card,2025-06-30
"10000247","147468","1307","11","352",19,Cash,2025-02-13
"10000248","73301","1022","14","301",14,Digital Wallet,2025-06-30
"10000249","67798","2570","19","692",3,Digital Wallet,2025-02-03
"10000250","114242","1393","3","411",16,Cash,2025-01-14
"10000251","147575","2291","11","601",14,Points,2025-06-05
"10000252","143995","1685","11","542",9,Credit Card,2025-04-15
"10000253","112452","1329","17","652",5,Credit Card,2025-12-14
"10000254","110584","1399","10","271",17,Cash,2025-11-27
"10000255","141482","2909","9","326",1,Digital Wallet,2025-08-28
"10000256","137432","1898","8","493",18,Cash,2025-08-03
"10000257","126682","1682","1","222",5,Credit Card,2025-01-10
"10000258","120816","2330","4","695",4,Cash,2025-10-28
"10000259","96808","1130","17","612",14,Credit Card,2025-01-26
"10000260","116213","2921","6","594",20,Cash,2025-04-05
"10000261","102636","1856","16","311",18,Digital Wallet,2025-08-05
"10000262","54521","2430","17","699",10,Credit Card,2025-12-03
"10000263","59578","2657","7","281",11,Cash,2025-07-23
"10000264","66465","2962","16","430",1,Cash,2025-04-25
"10000265","78979","1309","12","263",2,Credit Card,2025-07-28
"10000266","102129","2287","7","551",10,Cash,2025-05-10
"10000267","86947","1929","1","219",15,Cash,2025-12-02
"10000268","96243","2274","8","394",14,Cash,2025-08-21
"10000269","83162","1719","9","297",19,Cash,2025-02-13
"10000270","149242","2882","12","506",14,Digital Wallet,2025-03-29
"10000271","55577","1815","3","636",14,Digital Wallet,2025-01-11
"10000272","103562","2505","12","466",12,Credit Card,2025-10-16
"10000273","99817","2703","6","414",2,Digital Wallet,2025-11-27
"10000274","126073","1686","20","352",20,Points,2025-06-15
"10000275","81852","1476","19","575",17,Digital Wallet,2025-06-03
"10000276","91042","2216","7","493",19,Digital Wallet,2025-11-15
"10000277","68996","2994","13","216",2,Points,2025-10-30
"10000278","109580","1568","10","557",18,Credit Card,2025-03-15
"10000279","68838","2587","8","301",4,Cash,2025-09-22
"10000280","113262","2041","15","650",14,Points,2025-05-17
"10000281","87294","2542","20","599",2,Digital Wallet,2025-09-27
"10000282","133132","2957","15","299",10,Credit Card,2025-04-29
"10000283","95116","1298","19","478",20,Points,2025-09-28
"10000284","147632","1054","11","474",17,Digital Wallet,2025-02-15
"10000285","90224","1278","1","631",10,Cash,2025-11-26
"10000286","131765","1884","11","598",11,Cash,2025-11-12
"10000287","113040","1152","10","325",18,Points,2025-02-16
"10000288","57569","2585","7","500",17,Digital Wallet,2025-05-07
"10000289","52510","2675","2","320",6,Points,2025-04-20
"10000290","139498","2600","4","622",3,Cash,2025-01-06
"10000291","127384","2925","6","498",1,Credit Card,2025-05-04
"10000292","57629","2043","6","590",7,Credit Card,2025-01-14
"10000293","58221","1094","10","419",11,Digital Wallet,2025-10-18
"10000294","141849","1675","11","341",2,Digital Wallet,2025-06-10
"10000295","70075","1120","7","651",8,Points,2025-01-28
"10000296","87464","2430","15","430",19,Digital Wallet,2025-05-22
"10000297","71274","1521","14","463",4,Digital Wallet,2025-10-06
"10000298","135627","2351","19","495",6,Credit Card,2025-03-25
"10000299","78261","2907","5","408",15,Cash,2025-11-21
"10000300","72127","1413","1","667",12,Credit Card,2025-12-13
"10000301","148206","1565","11","573",9,Points,2025-08-12
"10000302","56712","1985","14","312",8,Cash,2025-06-20
"10000303","77782","1451","15","520",13,Cash,2025-11-12
"10000304","83003","1006","2","336",7,Points,2025-03-26
"10000305","72575","2214","18","609",9,Digital Wallet,2025-07-21
"10000306","78955","2855","20","327",5,Digital Wallet,2025-12-14
"10000307","127807","1507","18","502",18,Cash,2025-12-24
"10000308","63431","2444","9","264",3,Cash,2025-06-03
"10000309","113010","1891","11","365",17,Credit Card,2025-12-03
"10000310","91440","1855","7","503",9,Points,2025-02-03
"10000311","126733","1842","14","358",13,Cash,2025-01-08
"10000312","136609","2680","14","436",4,Digital Wallet,2025-06-26
"10000313","82063","2317","12","684",19,Cash,2025-04-10
"10000314","90760","1975","16","695",20,Cash,2025-11-12
"10000315","105041","2480","15","603",19,Credit Card,2025-05-10
"10000316","143048","1438","4","254",2,Cash,2025-08-18
"10000317","127067","1277","18","366",20,Cash,2025-12-18
"10000318","136483","2227","8","415",12,Cash,2025-01-01
"10000319","108635","2613","4","629",7,Credit Card,2025-10-27
"10000320","61055","2391","16","249",14,Digital Wallet,2025-09-21
"10000321","70554","1185","17","676",12,Digital Wallet,2025-06-13
"10000322","82019","1819","5","580",17,Points,2025-03-25
"10000323","60119","1642","17","437",13,Digital Wallet,2025-06-12
"10000324","149190","2734","2","223",11,Points,2025-05-04
"10000325","121112","2745","1","317",11,Credit Card,2025-11-29
"10000326","77965","1391","6","512",16,Digital Wallet,2025-01-04
"10000327","86652","2495","17","270",12,Credit Card,2025-10-25
"10000328","118365","2432","1","226",20,Digital Wallet,2025-10-22
"10000329","98381","2337","14","324",11,Credit Card,2025-12-25
"10000330","77030","2073","5","528",14,Digital Wallet,2025-01-17
"10000331","54400","2123","8","432",5,Credit Card,2025-11-29
"10000332","52696","1089","1","249",4,Points,2025-03-07
"10000333","90097","2054","17","687",5,Points,2025-01-28
"10000334","74168","2216","2","205",3,Credit Card,2025-07-30
"10000335","96048","1711","10","211",15,Credit Card,2025-04-29
"10000336","121525","1763","17","596",15,Credit Card,2025-09-02
"10000337","59146","2226","19","606",18,Digital Wallet,2025-07-29
"10000338","130171","2866","10","486",9,Credit Card,2025-10-18
"10000339","128387","1820","18","274",8,Cash,2025-04-07
"10000340","87114","1691","3","513",4,Cash,2025-08-24
"10000341","82484","2121","19","285",20,Digital Wallet,2025-02-28
"10000342","66811","2013","3","380",14,Digital Wallet,2025-09-24
"10000343","75272","2666","13","503",19,Cash,2025-09-23
"10000344","108515","1791","3","643",11,Cash,2025-05-14
"10000345","54875","1637","11","294",11,Points,2025-09-20
"10000346","125486","1385","2","589",3,Cash,2025-11-22
"10000347","82963","1573","10","392",3,Digital Wallet,2025-05-16
"10000348","142005","2124","5","607",20,Points,2025-04-23
"10000349","120160","1615","9","518",6,Cash,2025-12-13
"10000350","57495","2209","4","234",11,Digital Wallet,2025-09-28
"10000351","79059","1922","12","463",20,Credit Card,2025-09-03
"10000352","100215","1819","15","299",15,Points,2025-09-29
"10000353","102197","2840","8","392",12,Cash,2025-05-31
"10000354","61606","1310","4","203",10,Credit Card,2025-09-30
"10000355","128245","2282","1","329",16,Cash,2025-12-08
"10000356","101229","1641","7","380",9,Digital Wallet,2025-04-12
"10000357","122750","2713","12","691",3,Points,2025-02-24
"10000358","65272","1291","6","347",13,Cash,2025-02-02
"10000359","105812","2443","13","589",2,Points,2025-02-24
"10000360","142833","1457","3","595",2,Credit Card,2025-04-23
"10000361","90379","1632","9","414",2,Credit Card,2025-05-20
"10000362","83092","1651","10","515",2,Points,2025-07-01
"10000363","105164","2699","18","553",17,Cash,2025-08-11
"10000364","133870","1577","9","652",16,Points,2025-10-19
"10000365","134916","1659","14","366",14,Points,2025-06-10
"10000366","68031","1498","19","412",19,Digital Wallet,2025-02-05
"10000367","77271","2838","16","338",9,Points,2025-03-18
"10000368","127980","1236","15","529",16,Digital Wallet,2025-09-12
"10000369","92812","2548","7","214",19,Digital Wallet,2025-12-04
"10000370","71020","1450","19","345",9,Digital Wallet,2025-03-06
"10000371","81463","1984","13","351",12,Digital Wallet,2025-04-24
"10000372","71450","1341","8","272",10,Digital Wallet,2025-04-19
"10000373","147736","2850","11","564",17,Points,2025-10-25
"10000374","119986","2540","19","208",16,Points,2025-01-10
"10000375","50892","1961","18","624",17,Cash,2025-07-13
"10000376","102441","1972","13","525",13,Digital Wallet,2025-06-25
"10000377","95833","2540","10","528",9,Cash,2025-05-10
"10000378","85947","1016","9","600",15,Points,2025-02-01
"10000379","149179","1805","11","584",13,Points,2025-11-26
"10000380","102891","1462","20","589",19,Digital Wallet,2025-08-27
"10000381","86283","1536","11","218",6,Points,2025-10-06
"10000382","65973","2617","4","324",1,Cash,2025-12-28
"10000383","66513","2871","14","450",4,Points,2025-11-11
"10000384","56220","1172","3","622",20,Credit Card,2025-07-04
"10000385","115266","1081","20","256",7,Credit Card,2025-08-19
"10000386","53873","2883","20","346",9,Points,2025-09-26
"10000387","79976","2007","9","274",11,Digital Wallet,2025-10-18
"10000388","82371","2323","15","260",18,Points,2025-06-18
"10000389","118447","2103","10","238",14,Cash,2025-10-15
"10000390","108840","2214","19","532",19,Points,2025-12-17
"10000391","71329","2718","11","329",8,Cash,2025-12-05
"10000392","62074","1489","6","201",16,Credit Card,2025-11-17
"10000393","142102","2736","6","282",14,Cash,2025-06-20
"10000394","77513","1630","3","248",12,Digital Wallet,2025-05-08
"10000395","53865","2128","9","469",20,Credit Card,2025-02-19
"10000396","118767","2305","10","417",18,Cash,2025-06-20
"10000397","61152","2086","9","542",18,Points,2025-04-21
"10000398","92249","1510","5","671",1,Points,2025-03-30
"10000399","82232","2461","10","556",1,Points,2025-04-23
"10000400","71664","2501","10","535",6,Cash,2025-05-21
"10000401","135338","1916","8","537",2,Digital Wallet,2025-01-10
"10000402","50256","1866","15","415",17,Digital Wallet,2025-03-06
"10000403","74785","2779","14","432",3,Credit Card,2025-08-17
"10000404","91630","1500","13","518",18,Points,2025-06-07
"10000405","82393","2378","4","688",16,Credit Card,2025-03-30
"10000406","76592","1918","3","655",17,Credit Card,2025-03-01
"10000407","71410","1786","8","520",13,Digital Wallet,2025-05-26
"10000408","111150","2466","6","266",10,Cash,2025-01-05
"10000409","140718","2980","8","396",13,Points,2025-11-06
"10000410","73854","2730","18","594",15,Digital Wallet,2025-11-20
"10000411","124047","1330","12","470",17,Credit Card,2025-02-16
"10000412","133282","1440","10","453",16,Cash,2025-12-27
"10000413","130728","2926","3","446",4,Points,2025-05-11
"10000414","128952","2590","14","279",15,Points,2025-03-23
"10000415","149314","1561","1","484",14,Credit Card,2025-04-16
"10000416","82968","1317","10","574",16,Cash,2025-11-14
"10000417","110484","1741","16","295",15,Credit Card,2025-10-20
"10000418","73019","2418","7","315",7,Credit Card,2025-09-16
"10000419","73730","2368","14","331",4,Points,2025-08-31
"10000420","108560","1097","14","237",10,Points,2025-05-18
"10000421","90915","1087","4","337",20,Points,2025-10-17
"10000422","59967","1616","3","414",5,Points,2025-09-11
"10000423","124904","1311","17","317",17,Points,2025-12-11
"10000424","54142","2003","12","683",4,Credit Card,2025-06-04
"10000425","78893","2069","18","448",19,Credit Card,2025-11-06
"10000426","110445","2598","20","243",15,Credit Card,2025-01-22
"10000427","84930","2299","6","442",4,Credit Card,2025-12-10
"10000428","119392","1602","18","405",18,Points,2025-03-17
"10000429","78945","2350","7","410",4,Points,2025-04-15
"10000430","90174","1482","3","333",19,Digital Wallet,2025-12-23
"10000431","92942","2729","11","437",5,Credit Card,2025-12-30
"10000432","77044","2526","14","444",13,Points,2025-05-19
"10000433","88360","1096","5","603",1,Points,2025-05-01
"10000434","96767","2360","8","585",3,Points,2025-12-18
"10000435","93480","1220","1","566",20,Points,2025-07-02
"10000436","67346","1435","15","367",18,Digital Wallet,2025-04-18
"10000437","109120","2760","5","546",17,Cash,2025-11-09
"10000438","143627","1602","9","654",2,Credit Card,2025-02-04
"10000439","146858","2814","4","606",10,Credit Card,2025-08-13
"10000440","66522","1572","20","360",11,Digital Wallet,2025-07-21
"10000441","54712","2203","19","553",2,Credit Card,2025-04-01
"10000442","68064","2701","17","271",11,Credit Card,2025-07-11
"10000443","147781","2992","9","494",13,Cash,2025-08-19
"10000444","105938","1823","4","384",10,Points,2025-01-05
"10000445","113365","1667","20","315",7,Credit Card,2025-01-21
"10000446","53279","1198","4","348",16,Credit Card,2025-10-26
"10000447","100678","2589","4","427",2,Cash,2025-12-29
"10000448","133997","1879","19","301",11,Credit Card,2025-01-04
"10000449","123780","2018","17","279",10,Points,2025-08-09
"10000450","60076","2681","2","594",16,Cash,2025-02-23
"10000451","60713","1943","1","597",20,Credit Card,2025-11-05
"10000452","89396","2609","19","543",10,Credit Card,2025-01-08
"10000453","52343","2524","12","414",3,Digital Wallet,2025-07-05
"10000454","106799","2482","4","306",20,Credit Card,2025-10-25
"10000455","65018","1404","12","540",15,Points,2025-05-13
"10000456","112813","2205","18","326",12,Digital Wallet,2025-10-20
"10000457","58008","1005","19","516",13,Digital Wallet,2025-02-04
"10000458","139891","1607","12","217",18,Points,2025-11-25
"10000459","112751","2107","9","490",20,Points,2025-03-22
"10000460","114253","1212","16","518",19,Digital Wallet,2025-12-27
"10000461","95922","1532","10","682",14,Credit Card,2025-09-15
"10000462","88183","2783","11","201",10,Points,2025-11-09
"10000463","50972","2633","8","520",16,Credit Card,2025-06-30
"10000464","98213","2726","16","305",19,Credit Card,2025-04-11
"10000465","104308","2526","8","537",1,Cash,2025-05-26
"10000466","122514","2632","17","679",20,Digital Wallet,2025-08-04
"10000467","131221","1863","1","417",6,Credit Card,2025-10-16
"10000468","98841","1347","5","648",16,Cash,2025-11-13
"10000469","79656","2471","8","673",14,Digital Wallet,2025-06-11
"10000470","123546","1163","20","229",9,Credit Card,2025-10-12
"10000471","81062","1530","11","397",5,Credit Card,2025-11-16
"10000472","62066","1431","15","337",19,Credit Card,2025-12-21
"10000473","130475","2184","1","388",20,Points,2025-04-08
"10000474","89517","2688","6","205",17,Credit Card,2025-08-15
"10000475","95843","1065","10","427",7,Credit Card,2025-07-08
"10000476","53027","1622","14","278",18,Cash,2025-03-24
"10000477","70099","1001","15","400",17,Digital Wallet,2025-10-19
"10000478","90815","2694","3","584",12,Cash,2025-01-01
"10000479","58890","1674","4","273",12,Credit Card,2025-03-23
"10000480","53518","1888","4","677",19,Digital Wallet,2025-08-03
"10000481","50051","1462","16","262",9,Digital Wallet,2025-02-07
"10000482","142188","1243","16","223",2,Digital Wallet,2025-11-28
"10000483","90755","1519","19","272",10,Credit Card,2025-04-15
"10000484","120434","2844","2","304",8,Cash,2025-02-14
"10000485","138652","2278","16","666",5,Points,2025-01-14
"10000486","111002","1624","16","335",17,Digital Wallet,2025-01-13
"10000487","133900","1560","9","595",20,Credit Card,2025-09-24
"10000488","90544","2404","11","404",13,Digital Wallet,2025-01-08
"10000489","130734","1359","20","413",6,Points,2025-11-01
"10000490","53872","1773","17","618",16,Points,2025-01-12
"10000491","68329","1095","8","585",3,Cash,2025-08-15
"10000492","74160","1591","20","276",4,Cash,2025-08-26
"10000493","68735","2778","12","378",19,Cash,2025-07-22
"10000494","89236","2154","5","564",20,Digital Wallet,2025-10-29
"10000495","136778","1966","4","411",15,Cash,2025-10-08
"10000496","137508","2352","1","237",11,Points,2025-01-31
"10000497","78623","2948","14","499",2,Credit Card,2025-11-24
"10000498","53368","2372","10","228",8,Digital Wallet,2025-12-04
"10000499","50436","1695","13","524",17,Digital Wallet,2025-03-24
"10000500","64602","2520","19","638",20,Cash,2025-04-10
"10000501","98205","1377","15","365",15,Points,2025-07-06
"10000502","60049","2928","16","669",8,Cash,2025-05-14
"10000503","96532","1498","6","673",9,Digital Wallet,2025-05-25
"10000504","144509","1035","11","578",4,Credit Card,2025-01-04
"10000505","59533","2493","4","648",12,Cash,2025-08-01
"10000506","115263","2640","6","654",2,Digital Wallet,2025-02-27
"10000507","114556","1107","20","649",8,Digital Wallet,2025-12-06
"10000508","126017","1990","17","284",10,Cash,2025-06-03
"10000509","93525","2972","9","204",6,Cash,2025-12-05
"10000510","57126","1151","14","523",10,Cash,2025-02-18
"10000511","114872","2627","20","619",8,Credit Card,2025-05-16
"10000512","56340","1256","5","345",9,Credit Card,2025-06-16
"10000513","135292","2476","12","482",18,Cash,2025-04-16
"10000514","93044","2975","15","272",13,Digital Wallet,2025-08-21
"10000515","128396","1840","7","421",11,Cash,2025-09-20
"10000516","91272","2009","20","268",8,Cash,2025-01-02
"10000517","132806","1628","12","630",14,Credit Card,2025-07-18
"10000518","84779","1058","20","485",12,Credit Card,2025-12-06
"10000519","119288","1916","15","575",2,Digital Wallet,2025-04-10
"10000520","97237","2726","17","687",17,Credit Card,2025-03-18
"10000521","99915","1688","15","581",13,Credit Card,2025-06-02
"10000522","74556","1713","17","472",15,Credit Card,2025-09-01
"10000523","106302","1477","16","438",16,Cash,2025-01-06
"10000524","85884","2092","10","227",15,Points,2025-01-01
"10000525","76471","2489","6","324",7,Cash,2025-01-31
"10000526","103736","2895","12","366",16,Digital Wallet,2025-05-02
"10000527","126528","1202","17","414",7,Points,2025-09-21
"10000528","96867","1197","7","205",9,Points,2025-11-14
"10000529","127396","1350","5","213",2,Cash,2025-04-25
"10000530","133253","2181","18","557",4,Credit Card,2025-12-16
"10000531","126625","1535","2","688",20,Digital Wallet,2025-12-25
"10000532","95236","2909","18","574",3,Cash,2025-07-19
"10000533","98800","1011","14","376",10,Digital Wallet,2025-02-18
"10000534","86293","1135","8","326",14,Digital Wallet,2025-07-30
"10000535","98551","2801","17","480",18,Cash,2025-02-05
"10000536","92275","1888","1","329",13,Digital Wallet,2025-05-02
"10000537","140560","1931","3","219",12,Credit Card,2025-10-01
"10000538","58317","2111","9","519",17,Credit Card,2025-03-09
"10000539","117975","1819","16","557",9,Credit Card,2025-08-14
"10000540","146246","1832","18","612",14,Points,2025-06-07
"10000541","130901","2195","14","640",15,Digital Wallet,2025-03-12
"10000542","92990","2429","15","264",8,Cash,2025-08-29
"10000543","132926","1702","18","441",4,Credit Card,2025-09-11
"10000544","50766","2664","12","222",4,Credit Card,2025-06-17
"10000545","148562","2658","12","255",8,Credit Card,2025-12-20
"10000546","83293","2624","13","276",16,Points,2025-11-02
"10000547","57914","1733","11","384",3,Credit Card,2025-11-11
"10000548","135483","2407","20","446",13,Digital Wallet,2025-06-18
"10000549","101871","1897","17","501",11,Digital Wallet,2025-09-01
"10000550","68188","2834","17","654",11,Credit Card,2025-12-24
"10000551","62669","2109","16","433",11,Digital Wallet,2025-02-08
"10000552","74227","2284","13","551",1,Cash,2025-02-12
"10000553","102065","2085","2","300",4,Digital Wallet,2025-10-05
"10000554","61960","1932","7","365",4,Points,2025-09-12
"10000555","96703","2146","2","350",5,Cash,2025-08-13
"10000556","94415","2295","15","327",7,Cash,2025-05-31
"10000557","147673","2958","16","478",13,Cash,2025-01-23
"10000558","123621","2053","20","445",12,Points,2025-03-24
"10000559","81447","2175","18","266",11,Digital Wallet,2025-04-16
"10000560","148517","1998","17","260",3,Credit Card,2025-11-10
"10000561","93340","1447","13","543",18,Cash,2025-04-28
"10000562","70183","2126","16","430",17,Cash,2025-02-27
"10000563","68585","1569","2","538",6,Digital Wallet,2025-08-24
"10000564","59225","1218","8","568",4,Credit Card,2025-09-29
"10000565","67276","1102","9","317",10,Digital Wallet,2025-07-18
"10000566","59552","2592","15","639",6,Cash,2025-08-30
"10000567","103798","2296","13","435",5,Cash,2025-10-22
"10000568","73532","1410","16","257",10,Digital Wallet,2025-08-27
"10000569","60015","1239","13","691",16,Digital Wallet,2025-07-09
"10000570","109432","2295","11","527",8,Digital Wallet,2025-05-19
"10000571","101825","1376","8","441",7,Points,2025-11-17
"10000572","120363","1280","16","580",18,Points,2025-07-27
"10000573","137845","1626","2","567",11,Credit Card,2025-01-30
"10000574","52316","2041","9","257",13,Digital Wallet,2025-11-26
"10000575","108549","2414","11","397",5,Cash,2025-10-25
"10000576","146884","1515","10","374",1,Points,2025-08-01
"10000577","112609","2427","11","433",8,Cash,2025-07-23
"10000578","114126","1672","3","326",9,Points,2025-12-28
"10000579","99381","2189","13","392",18,Points,2025-07-02
"10000580","50984","1908","12","532",12,Cash,2025-08-29
"10000581","129182","1804","10","590",18,Points,2025-10-24
"10000582","130053","1797","17","348",15,Cash,2025-10-10
"10000583","86722","1085","6","463",10,Cash,2025-02-10
"10000584","139318","2082","16","348",17,Cash,2025-03-20
"10000585","142880","2466","2","504",3,Digital Wallet,2025-06-09
"10000586","133993","1492","9","512",17,Digital Wallet,2025-11-16
"10000587","127071","2341","2","549",12,Points,2025-09-23
"10000588","140513","1333","10","683",14,Cash,2025-05-21
"10000589","97256","2600","10","474",16,Digital Wallet,2025-08-13
"10000590","96042","2162","17","328",9,Digital Wallet,2025-07-23
"10000591","113302","1541","19","631",16,Cash,2025-06-14
"10000592","77297","1126","11","408",20,Cash,2025-07-10
"10000593","125610","1765","5","377",14,Digital Wallet,2025-06-25
"10000594","116764","2187","10","552",17,Credit Card,2025-11-10
"10000595","70949","2860","1","676",14,Cash,2025-11-26
"10000596","96054","2674","13","277",14,Digital Wallet,2025-07-23
"10000597","137093","2969","4","658",4,Points,2025-12-17
"10000598","94199","2317","6","492",18,Credit Card,2025-09-10
"10000599","127662","2323","9","392",11,Digital Wallet,2025-11-17
"10000600","131872","1712","17","317",13,Credit Card,2025-11-25
"10000601","50253","2403","16","489",12,Points,2025-09-03
"10000602","72322","2704","1","408",5,Credit Card,2025-12-18
"10000603","129705","1220","10","245",3,Cash,2025-09-21
"10000604","140552","2901","7","256",6,Digital Wallet,2025-10-17
"10000605","123059","2293","5","276",17,Cash,2025-08-23
"10000606","79280","2578","4","286",16,Points,2025-09-06
"10000607","147373","1031","15","238",13,Cash,2025-09-17
"10000608","94182","1593","11","216",17,Cash,2025-06-14
"10000609","95978","1437","14","244",20,Digital Wallet,2025-03-25
"10000610","148539","2727","18","362",8,Points,2025-05-01
"10000611","133561","1855","15","226",8,Points,2025-08-17
"10000612","127783","1128","12","534",8,Credit Card,2025-10-07
"10000613","72371","2197","20","639",20,Points,2025-01-13
"10000614","65143","2637","5","634",6,Points,2025-11-02
"10000615","108145","1461","12","224",12,Points,2025-11-24
"10000616","142436","1594","3","379",4,Points,2025-05-06
"10000617","109176","1391","7","332",16,Credit Card,2025-09-27
"10000618","111744","1043","8","217",19,Points,2025-03-27
"10000619","92470","2342","14","447",6,Credit Card,2025-10-21
"10000620","63231","1862","14","496",10,Cash,2025-02-26
"10000621","85199","1472","7","478",20,Digital Wallet,2025-05-14
"10000622","148356","2042","16","393",10,Credit Card,2025-02-08
"10000623","95614","1084","8","538",15,Points,2025-09-25
"10000624","96077","2658","1","310",17,Credit Card,2025-12-15
"10000625","51894","2056","11","410",2,Points,2025-06-12
"10000626","122433","1851","2","396",11,Digital Wallet,2025-06-17
"10000627","128017","1627","13","621",16,Digital Wallet,2025-09-19
"10000628","110571","2232","4","356",18,Digital Wallet,2025-12-02
"10000629","84510","2158","16","328",8,Cash,2025-08-06
"10000630","103976","1423","12","258",4,Points,2025-10-03
"10000631","106661","2690","2","533",7,Cash,2025-06-14
"10000632","70857","1495","20","648",19,Cash,2025-08-11
"10000633","138152","1431","17","619",18,Credit Card,2025-06-05
"10000634","143674","1153","14","571",1,Points,2025-10-08
"10000635","54546","1826","12","471",1,Cash,2025-08-20
"10000636","122735","1357","12","272",11,Digital Wallet,2025-09-13
"10000637","87802","2778","7","524",9,Credit Card,2025-03-21
"10000638","74163","1302","1","513",3,Digital Wallet,2025-04-22
"10000639","93007","2983","1","570",20,Cash,2025-02-03
"10000640","116153","1890","16","662",7,Credit Card,2025-09-20
"10000641","101761","1231","8","697",12,Credit Card,2025-02-10
"10000642","88887","1608","5","609",9,Cash,2025-04-30
"10000643","62002","2125","8","512",15,Cash,2025-03-02
"10000644","117084","1974","8","590",9,Digital Wallet,2025-01-06
"10000645","59281","1636","3","218",20,Credit Card,2025-12-06
"10000646","103164","2093","20","642",8,Credit Card,2025-10-05
"10000647","63455","1096","8","604",13,Credit Card,2025-04-13
"10000648","64831","1421","16","216",14,Cash,2025-09-11
"10000649","68112","1309","8","580",6,Points,2025-10-07
"10000650","59426","1735","5","370",5,Cash,2025-11-07
"10000651","83956","2943","19","389",16,Points,2025-04-08
"10000652","55627","2737","10","680",11,Cash,2025-02-11
"10000653","105224","1049","11","552",4,Credit Card,2025-05-31
"10000654","120237","1218","5","500",20,Credit Card,2025-01-18
"10000655","131365","1268","3","424",19,Points,2025-04-10
"10000656","69810","2032","2","541",14,Digital Wallet,2025-01-06
"10000657","61391","1307","3","562",16,Points,2025-08-12
"10000658","143434","2089","11","229",19,Points,2025-09-17
"10000659","123127","2718","13","296",1,Points,2025-08-31
"10000660","68056","1361","15","320",7,Digital Wallet,2025-09-18
"10000661","81650","2576","1","331",5,Digital Wallet,2025-08-16
"10000662","139800","2640","19","230",16,Credit Card,2025-07-25
"10000663","92672","1775","6","256",4,Digital Wallet,2025-05-24
"10000664","57184","2057","20","424",13,Cash,2025-10-16
"10000665","85852","2517","10","529",5,Digital Wallet,2025-03-11
"10000666","72262","1551","15","316",19,Points,2025-11-17
"10000667","139409","2932","1","336",17,Points,2025-10-29
"10000668","51445","1384","5","483",3,Credit Card,2025-12-11
"10000669","64411","1600","12","659",13,Credit Card,2025-01-01
"10000670","112090","2709","4","422",7,Points,2025-11-18
"10000671","77312","1539","14","655",7,Digital Wallet,2025-03-25
"10000672","93557","1728","12","511",6,Digital Wallet,2025-03-31
"10000673","109905","1518","18","622",9,Cash,2025-10-01
"10000674","93495","1397","3","272",5,Credit Card,2025-10-12
"10000675","133737","2973","13","336",14,Digital Wallet,2025-05-26
"10000676","126759","1321","18","686",7,Points,2025-03-05
"10000677","117011","2923","20","332",18,Digital Wallet,2025-07-08
"10000678","69890","2042","16","501",4,Points,2025-04-05
"10000679","114546","1905","12","226",6,Cash,2025-02-02
"10000680","140869","2631","18","335",1,Points,2025-05-25
"10000681","109941","2063","9","272",11,Cash,2025-01-29
"10000682","115228","2472","7","351",5,Cash,2025-03-31
"10000683","107858","1843","20","440",12,Cash,2025-07-12
"10000684","77101","2357","19","660",4,Credit Card,2025-01-15
"10000685","137181","2037","17","621",7,Cash,2025-05-23
"10000686","132654","1073","10","626",11,Cash,2025-05-25
"10000687","81873","2483","20","599",13,Cash,2025-12-25
"10000688","92469","1029","14","515",8,Cash,2025-03-26
"10000689","120165","2885","15","523",10,Digital Wallet,2025-01-21
"10000690","132888","1391","1","370",1,Points,2025-03-15
"10000691","84140","2945","5","337",14,Points,2025-07-27
"10000692","101414","1293","6","594",15,Points,2025-11-20
"10000693","52506","1645","20","340",2,Digital Wallet,2025-07-07
"10000694","110648","2736","8","278",18,Points,2025-08-23
"10000695","113734","2172","4","697",2,Points,2025-02-10
"10000696","93174","2683","7","512",11,Credit Card,2025-07-27
"10000697","93948","1510","9","255",18,Points,2025-07-08
"10000698","129435","1754","15","500",17,Credit Card,2025-07-05
"10000699","107832","2958","1","258",6,Digital Wallet,2025-10-13
"10000700","94037","1358","1","419",1,Credit Card,2025-11-13
"10000701","148492","1931","15","531",16,Credit Card,2025-10-30
"10000702","133099","1025","7","692",19,Cash,2025-06-22
"10000703","52212","2314","12","616",4,Digital Wallet,2025-01-29
"10000704","91848","1415","11","267",13,Digital Wallet,2025-06-20
"10000705","95607","2345","20","468",19,Cash,2025-08-28
"10000706","68499","1953","19","592",3,Points,2025-12-19
"10000707","143713","1679","14","568",10,Points,2025-02-02
"10000708","116965","2620","1","386",9,Cash,2025-11-27
"10000709","126288","1427","15","420",5,Cash,2025-12-27
"10000710","59831","2387","11","358",19,Points,2025-10-31
"10000711","145637","2746","15","253",4,Digital Wallet,2025-07-16
"10000712","124215","2487","10","684",13,Digital Wallet,2025-02-12
"10000713","53679","2168","14","627",9,Digital Wallet,2025-03-12
"10000714","111559","1086","14","413",17,Digital Wallet,2025-07-15
"10000715","59159","1672","20","229",16,Points,2025-12-04
"10000716","129688","2469","17","578",10,Cash,2025-04-08
"10000717","105875","1270","14","516",13,Points,2025-09-15
"10000718","138346","1825","1","452",12,Credit Card,2025-06-19
"10000719","89965","1719","18","562",8,Digital Wallet,2025-03-30
"10000720","74920","1114","15","384",16,Digital Wallet,2025-09-24
"10000721","97703","1435","6","383",18,Points,2025-08-30
"10000722","122992","1971","18","663",4,Credit Card,2025-02-28
"10000723","139254","1387","8","354",3,Cash,2025-05-07
"10000724","101011","2823","10","619",8,Cash,2025-04-17
"10000725","112950","2084","6","296",9,Credit Card,2025-07-23
"10000726","59487","1461","14","696",9,Digital Wallet,2025-10-07
"10000727","121689","1105","18","203",3,Points,2025-05-12
"10000728","59806","2027","15","617",9,Cash,2025-11-20
"10000729","51441","1843","3","412",19,Points,2025-09-05
"10000730","134390","1237","11","425",8,Digital Wallet,2025-10-05
"10000731","120326","1153","11","627",17,Points,2025-10-20
"10000732","92592","2930","19","324",5,Digital Wallet,2025-08-05
"10000733","54524","1276","14","417",11,Digital Wallet,2025-05-09
"10000734","95390","1578","18","575",13,Credit Card,2025-10-08
"10000735","66034","1599","12","226",16,Digital Wallet,2025-10-24
"10000736","63367","1053","18","279",7,Credit Card,2025-03-12
"10000737","140444","2908","17","672",13,Points,2025-12-03
"10000738","118267","1903","7","515",4,Credit Card,2025-07-28
"10000739","71651","1047","12","341",13,Credit Card,2025-07-27
"10000740","53603","2591","8","324",19,Digital Wallet,2025-05-02
"10000741","138364","2940","7","301",10,Points,2025-05-19
"10000742","95303","2618","4","490",20,Digital Wallet,2025-08-28
"10000743","55108","2159","9","679",12,Digital Wallet,2025-02-01
"10000744","50295","1219","2","625",3,Cash,2025-11-29
"10000745","117876","1435","16","363",9,Cash,2025-05-21
"10000746","112944","2572","5","605",16,Cash,2025-05-19
"10000747","61779","2174","10","283",10,Cash,2025-05-15
"10000748","62327","2065","9","267",6,Points,2025-12-08
"10000749","122538","1517","18","541",2,Points,2025-04-17
"10000750","110181","1977","5","382",15,Digital Wallet,2025-06-09
"10000751","51203","1025","13","437",19,Points,2025-07-01
"10000752","116674","2443","16","471",9,Cash,2025-09-22
"10000753","107136","1156","10","324",15,Cash,2025-06-26
"10000754","128399","2423","14","355",2,Credit Card,2025-02-01
"10000755","79933","1889","7","593",16,Points,2025-09-15
"10000756","117652","1760","18","676",13,Cash,2025-02-21
"10000757","59955","2418","3","274",13,Points,2025-05-28
"10000758","143089","1874","6","345",9,Points,2025-11-25
"10000759","124819","2074","5","328",17,Cash,2025-08-01
"10000760","107651","2767","9","671",11,Points,2025-01-14
"10000761","82588","2893","4","563",19,Credit Card,2025-01-22
"10000762","58234","1336","11","523",11,Credit Card,2025-10-02
"10000763","129649","2061","19","589",14,Digital Wallet,2025-06-07
"10000764","138354","1129","7","589",10,Cash,2025-06-01
"10000765","115526","2777","5","617",16,Points,2025-02-07
"10000766","126269","1253","8","408",15,Points,2025-12-27
"10000767","123695","2973","19","458",1,Digital Wallet,2025-11-06
"10000768","137990","2622","15","491",3,Digital Wallet,2025-10-09
"10000769","89545","1700","19","431",7,Points,2025-06-07
"10000770","126569","2315","17","649",17,Cash,2025-02-28
"10000771","140557","2078","12","521",10,Credit Card,2025-03-25
"10000772","63997","2632","18","596",15,Cash,2025-12-05
"10000773","55467","1420","8","547",11,Points,2025-06-27
"10000774","113374","1042","13","361",1,Points,2025-06-09
"10000775","95860","2686","20","280",15,Digital Wallet,2025-02-16
"10000776","97904","2088","11","468",4,Digital Wallet,2025-05-07
"10000777","136482","1696","17","391",6,Credit Card,2025-02-05
"10000778","123979","1367","6","471",1,Points,2025-08-06
"10000779","98716","1566","20","376",1,Cash,2025-01-28
"10000780","63989","2035","11","686",19,Cash,2025-05-03
"10000781","111473","1860","11","246",18,Digital Wallet,2025-05-22
"10000782","73795","1385","13","565",11,Digital Wallet,2025-01-02
"10000783","101982","1299","14","559",11,Credit Card,2025-04-22
"10000784","144326","1830","8","589",16,Cash,2025-03-21
"10000785","124206","1262","16","697",19,Points,2025-07-31
"10000786","76824","1230","17","645",18,Cash,2025-07-10
"10000787","142865","1120","10","290",18,Points,2025-02-02
"10000788","67156","1920","19","225",5,Cash,2025-02-13
"10000789","133738","2717","14","686",5,Points,2025-05-14
"10000790","126907","2629","10","401",14,Cash,2025-01-17
"10000791","57734","2927","12","556",9,Credit Card,2025-02-11
"10000792","104897","1277","2","675",7,Cash,2025-07-30
"10000793","122216","1911","6","317",13,Credit Card,2025-08-03
"10000794","57598","2444","2","381",3,Points,2025-06-03
"10000795","100214","1362","1","583",2,Digital Wallet,2025-08-14
"10000796","50286","2345","18","559",14,Cash,2025-02-14
"10000797","52376","1487","7","463",1,Cash,2025-11-01
"10000798","89424","2055","7","295",12,Credit Card,2025-09-23
"10000799","58471","2441","5","547",3,Credit Card,2025-05-11
"10000800","57950","2274","12","313",10,Points,2025-02-01
"10000801","135280","2568","15","459",19,Points,2025-01-26
"10000802","94149","1811","14","217",17,Credit Card,2025-10-11
"10000803","110002","2127","19","353",16,Cash,2025-07-18
"10000804","55842","1192","6","636",5,Credit Card,2025-10-12
"10000805","79608","2428","2","329",9,Credit Card,2025-03-11
"10000806","84465","2892","10","469",12,Cash,2025-05-13
"10000807","107697","2697","15","352",13,Credit Card,2025-03-08
"10000808","75706","2668","4","469",16,Cash,2025-12-28
"10000809","88819","1977","1","227",5,Cash,2025-06-29
"10000810","124262","2178","17","209",4,Points,2025-08-01
"10000811","145378","2799","9","654",2,Credit Card,2025-10-24
"10000812","113061","1227","15","248",15,Credit Card,2025-02-19
"10000813","135418","1251","11","359",4,Points,2025-01-08
"10000814","123920","1886","11","543",11,Credit Card,2025-07-12
"10000815","96930","2131","12","592",8,Points,2025-09-13
"10000816","81321","2473","13","411",15,Points,2025-01-13
"10000817","74850","2633","5","279",2,Cash,2025-05-15
"10000818","115399","1658","18","350",10,Digital Wallet,2025-04-27
"10000819","62366","2217","14","631",19,Credit Card,2025-04-20
"10000820","133342","1258","15","691",20,Credit Card,2025-04-14
"10000821","55674","1270","15","658",7,Cash,2025-12-05
"10000822","111906","1698","16","260",10,Digital Wallet,2025-03-18
"10000823","54697","2185","5","604",9,Cash,2025-09-20
"10000824","148339","2361","8","272",16,Cash,2025-03-21
"10000825","67617","2362","13","586",20,Points,2025-04-08
"10000826","87764","1415","13","282",10,Credit Card,2025-07-04
"10000827","112709","2919","4","433",20,Points,2025-12-30
"10000828","72805","2959","2","615",16,Points,2025-05-14
"10000829","101689","2708","7","249",18,Digital Wallet,2025-06-02
"10000830","92008","1944","10","499",1,Credit Card,2025-08-01
"10000831","60505","1259","10","305",8,Points,2025-10-01
"10000832","64069","2322","6","516",14,Cash,2025-08-23
"10000833","102793","2109","13","648",7,Credit Card,2025-10-29
"10000834","85823","1534","6","614",8,Digital Wallet,2025-02-25
"10000835","95686","2967","8","282",19,Credit Card,2025-10-19
"10000836","78192","1488","13","240",5,Credit Card,2025-02-04
"10000837","108889","1949","2","381",19,Digital Wallet,2025-12-10
"10000838","116735","2229","2","269",5,Credit Card,2025-03-06
"10000839","75681","1268","1","554",20,Credit Card,2025-01-14
"10000840","117978","2807","8","649",13,Points,2025-10-26
"10000841","58314","1583","2","511",15,Cash,2025-05-01
"10000842","125807","1535","2","523",6,Credit Card,2025-01-18
"10000843","89054","1337","14","352",1,Digital Wallet,2025-02-09
"10000844","137165","2357","1","669",15,Digital Wallet,2025-12-26
"10000845","144765","2355","16","386",16,Cash,2025-06-20
"10000846","53122","1779","13","335",20,Credit Card,2025-01-10
"10000847","62349","1877","14","538",17,Points,2025-08-01
"10000848","93387","2001","10","510",20,Credit Card,2025-06-19
"10000849","86296","2003","2","264",13,Digital Wallet,2025-12-18
"10000850","55116","2888","6","362",14,Cash,2025-09-03
"10000851","62470","2959","18","378",20,Cash,2025-10-21
"10000852","96183","2802","3","230",15,Digital Wallet,2025-06-23
"10000853","131569","1890","1","309",7,Points,2025-09-28
"10000854","149826","2820","13","377",16,Points,2025-09-23
"10000855","65985","1445","15","270",14,Digital Wallet,2025-02-22
"10000856","79140","2868","11","364",16,Cash,2025-01-20
"10000857","70507","1107","6","488",11,Digital Wallet,2025-04-27
"10000858","112219","1760","6","643",13,Credit Card,2025-08-12
"10000859","98216","1968","11","420",8,Cash,2025-04-22
"10000860","57235","1703","12","697",12,Digital Wallet,2025-12-09
"10000861","140165","1366","3","405",18,Cash,2025-03-05
"10000862","97064","1476","2","210",1,Cash,2025-10-29
"10000863","79174","2056","20","354",5,Points,2025-12-01
"10000864","119867","2663","1","290",2,Points,2025-02-05
"10000865","61662","2489","3","327",2,Cash,2025-12-23
"10000866","70148","2815","12","641",8,Cash,2025-09-20
"10000867","136804","2847","3","554",11,Digital Wallet,2025-05-03
"10000868","92180","2155","17","636",16,Digital Wallet,2025-10-24
"10000869","106407","1226","14","249",2,Cash,2025-01-07
"10000870","54429","2480","14","262",8,Points,2025-09-29
"10000871","87297","2761","10","562",11,Digital Wallet,2025-07-15
"10000872","123796","2000","13","650",8,Digital Wallet,2025-01-31
"10000873","111623","1998","20","437",1,Cash,2025-03-09
"10000874","60904","2121","1","450",7,Cash,2025-04-27
"10000875","97917","1336","5","667",9,Credit Card,2025-01-09
"10000876","85751","1900","2","220",6,Credit Card,2025-11-15
"10000877","55848","1223","5","676",10,Credit Card,2025-04-20
"10000878","81633","2114","4","588",5,Digital Wallet,2025-03-26
"10000879","61351","1894","17","457",4,Cash,2025-09-24
"10000880","105888","1091","5","203",3,Credit Card,2025-03-15
"10000881","85535","2805","16","689",4,Credit Card,2025-02-14
"10000882","56525","2303","19","534",3,Points,2025-05-08
"10000883","99938","1710","4","692",10,Digital Wallet,2025-08-01
"10000884","65890","1403","5","462",4,Digital Wallet,2025-04-28
"10000885","144179","2153","2","693",3,Digital Wallet,2025-05-31
"10000886","140480","2528","12","513",4,Credit Card,2025-07-12
"10000887","107639","1520","9","589",12,Cash,2025-05-24
"10000888","96822","2889","1","633",19,Points,2025-12-12
"10000889","147588","1999","6","489",14,Credit Card,2025-02-27
"10000890","129409","1070","12","503",16,Credit Card,2025-06-23
"10000891","132591","2805","12","334",4,Credit Card,2025-01-26
"10000892","77807","1187","18","383",7,Points,2025-06-23
"10000893","140758","1796","9","314",16,Cash,2025-04-02
"10000894","115521","2480","13","589",10,Points,2025-07-27
"10000895","51609","1259","16","443",11,Digital Wallet,2025-01-15
"10000896","140625","2525","20","481",2,Credit Card,2025-09-19
"10000897","108825","1776","13","399",12,Digital Wallet,2025-10-06
"10000898","68775","2856","17","442",18,Cash,2025-02-19
"10000899","86442","1459","1","605",11,Credit Card,2025-04-05
"10000900","123169","2751","6","541",9,Points,2025-12-02
"10000901","85090","1810","20","605",16,Credit Card,2025-06-29
"10000902","115449","1662","12","615",5,Digital Wallet,2025-04-02
"10000903","133007","1265","16","485",13,Cash,2025-09-12
"10000904","109871","1279","20","554",14,Points,2025-10-31
"10000905","93500","1120","18","233",4,Cash,2025-03-10
"10000906","144665","1647","4","425",16,Credit Card,2025-11-02
"10000907","139849","1714","12","433",12,Points,2025-12-28
"10000908","58029","2613","3","491",4,Points,2025-07-07
"10000909","126872","1631","15","487",11,Credit Card,2025-02-21
"10000910","92155","1317","15","354",7,Digital Wallet,2025-08-02
"10000911","91614","2341","3","335",13,Points,2025-06-16
"10000912","83317","2505","8","610",5,Points,2025-10-29
"10000913","77246","1803","10","363",13,Credit Card,2025-05-30
"10000914","63454","1912","3","682",12,Points,2025-03-06
"10000915","73374","1433","9","628",10,Digital Wallet,2025-11-07
"10000916","88230","2010","6","621",15,Credit Card,2025-07-18
"10000917","56577","2560","2","633",20,Credit Card,2025-07-11
"10000918","93439","2745","4","693",3,Digital Wallet,2025-04-28
"10000919","133464","1080","6","326",18,Credit Card,2025-01-12
"10000920","133636","2874","4","521",14,Cash,2025-01-02
"10000921","58032","2939","7","431",7,Digital Wallet,2025-10-11
"10000922","141312","1368","8","480",6,Cash,2025-01-13
"10000923","138870","1252","7","531",15,Points,2025-05-14
"10000924","127001","1738","9","330",15,Digital Wallet,2025-11-02
"10000925","139429","2208","20","540",17,Cash,2025-02-17
"10000926","137474","1320","17","349",4,Cash,2025-07-12
"10000927","131967","2900","16","574",19,Credit Card,2025-04-27
"10000928","134233","2672","20","466",17,Digital Wallet,2025-12-29
"10000929","146949","1762","10","345",9,Digital Wallet,2025-03-16
"10000930","100517","2970","2","608",18,Digital Wallet,2025-11-05
"10000931","127137","2272","17","456",13,Credit Card,2025-11-28
"10000932","117839","2084","20","610",14,Digital Wallet,2025-09-29
"10000933","69192","1465","18","371",12,Cash,2025-12-25
"10000934","72011","1139","7","651",13,Points,2025-12-02
"10000935","126011","1202","2","257",18,Points,2025-09-16
"10000936","125539","2895","9","672",13,Digital Wallet,2025-08-19
"10000937","113093","1419","10","630",14,Credit Card,2025-04-09
"10000938","78772","1971","15","515",9,Points,2025-11-28
"10000939","118378","1987","4","482",17,Digital Wallet,2025-01-12
"10000940","105085","1255","7","607",4,Credit Card,2025-11-03
"10000941","98988","2246","17","202",16,Credit Card,2025-02-24
"10000942","144196","1514","18","610",13,Credit Card,2025-03-16
"10000943","88602","1927","20","570",8,Points,2025-12-29
"10000944","64315","1395","4","671",5,Cash,2025-05-28
"10000945","62359","1047","15","682",2,Digital Wallet,2025-01-14
"10000946","58765","2290","11","614",9,Credit Card,2025-04-25
"10000947","76503","1549","6","492",13,Points,2025-03-15
"10000948","145926","2374","10","389",9,Cash,2025-05-09
"10000949","83723","1919","1","483",2,Points,2025-08-25
"10000950","62567","1703","11","296",8,Points,2025-03-17
"10000951","66875","1296","19","612",11,Points,2025-07-10
"10000952","64080","2312","8","487",2,Points,2025-04-30
"10000953","99911","2273","13","638",14,Credit Card,2025-12-03
"10000954","127728","1012","5","668",11,Cash,2025-05-23
"10000955","102744","1362","13","216",19,Credit Card,2025-02-28
"10000956","133925","1346","12","559",4,Digital Wallet,2025-03-22
"10000957","129936","2294","20","370",18,Points,2025-05-11
"10000958","78791","1586","11","660",19,Points,2025-02-28
"10000959","101366","2374","8","216",20,Points,2025-09-06
"10000960","124966","1511","5","203",10,Credit Card,2025-06-15
"10000961","63632","2070","17","514",5,Cash,2025-07-02
"10000962","128700","1499","16","633",9,Cash,2025-09-02
"10000963","53717","1053","2","585",1,Credit Card,2025-06-04
"10000964","106534","2176","10","430",10,Cash,2025-05-01
"10000965","102264","2714","8","298",7,Digital Wallet,2025-08-11
"10000966","130018","1451","1","507",5,Cash,2025-05-14
"10000967","83506","2266","19","265",5,Points,2025-04-06
"10000968","91090","2159","3","312",6,Credit Card,2025-07-07
"10000969","121556","2341","9","581",12,Credit Card,2025-03-12
"10000970","149244","1825","18","346",20,Digital Wallet,2025-02-05
"10000971","131703","2453","3","462",18,Points,2025-04-02
"10000972","58950","1882","3","228",20,Points,2025-06-15
"10000973","72758","2185","10","554",4,Points,2025-04-22
"10000974","123550","2387","4","516",16,Credit Card,2025-03-29
"10000975","52050","1444","7","391",11,Cash,2025-11-09
"10000976","136361","2431","5","441",5,Digital Wallet,2025-02-28
"10000977","84850","1211","18","658",18,Digital Wallet,2025-12-28
"10000978","109548","1666","16","215",19,Credit Card,2025-02-01
"10000979","122641","2863","20","466",10,Points,2025-08-03
"10000980","122163","1081","19","353",16,Credit Card,2025-01-27
"10000981","68200","1093","6","606",6,Cash,2025-08-04
"10000982","83593","1481","6","217",10,Credit Card,2025-06-14
"10000983","71797","1127","20","647",3,Credit Card,2025-06-27
"10000984","109802","2751","15","540",4,Credit Card,2025-08-14
"10000985","145485","1071","5","412",3,Cash,2025-07-17
"10000986","139048","1075","14","350",5,Cash,2025-05-28
"10000987","112815","2107","14","699",9,Credit Card,2025-03-08
"10000988","133328","2630","12","235",17,Points,2025-01-14
"10000989","75282","1516","5","477",7,Digital Wallet,2025-06-02
"10000990","78789","1984","9","611",13,Credit Card,2025-10-31
"10000991","65538","2139","19","454",7,Cash,2025-04-01
"10000992","50385","2257","8","208",11,Cash,2025-11-14
"10000993","98446","1118","8","582",18,Cash,2025-07-22
"10000994","53514","1668","11","247",20,Cash,2025-07-25
"10000995","149631","1987","13","514",15,Points,2025-09-06
"10000996","112061","1390","13","336",10,Credit Card,2025-02-07
"10000997","133048","1752","3","491",1,Cash,2025-03-29
"10000998","112479","1603","1","341",16,Points,2025-09-29
"10000999","94306","2231","14","643",13,Points,2025-01-29
"10001000","135709","1938","12","229",2,Digital Wallet,2025-06-15
"10001001","76868","1312","14","363",5,Digital Wallet,2025-05-25
"10001002","84048","1488","12","421",14,Points,2025-02-01
"10001003","66281","1377","6","431",11,Digital Wallet,2025-02-20
"10001004","115047","1893","2","606",6,Cash,2025-06-25
"10001005","120978","1841","15","402",3,Digital Wallet,2025-04-15
"10001006","99919","2308","16","398",16,Cash,2025-05-12
"10001007","127634","2295","14","648",3,Credit Card,2025-07-19
"10001008","98286","1489","11","408",19,Points,2025-02-05
"10001009","91622","1299","18","523",8,Points,2025-09-18
"10001010","123662","1746","19","590",7,Cash,2025-04-26
"10001011","110453","2382","12","635",14,Points,2025-05-31
"10001012","54564","2625","10","528",14,Points,2025-01-19
"10001013","72015","1115","1","290",12,Digital Wallet,2025-12-25
"10001014","143444","1150","5","563",17,Credit Card,2025-07-30
"10001015","69071","2036","10","296",13,Digital Wallet,2025-07-15
"10001016","139737","1592","4","602",10,Credit Card,2025-10-17
"10001017","117220","1606","1","366",2,Points,2025-11-19
"10001018","97974","2593","1","259",19,Points,2025-09-13
"10001019","128981","2419","13","433",3,Cash,2025-03-20
"10001020","78418","1932","17","240",18,Cash,2025-07-25
"10001021","142079","1102","5","245",10,Points,2025-08-16
"10001022","120461","1938","3","694",14,Credit Card,2025-11-27
"10001023","125726","2399","18","355",5,Credit Card,2025-08-27
"10001024","115190","1352","11","286",11,Cash,2025-01-19
"10001025","77353","1424","16","535",1,Digital Wallet,2025-10-03
"10001026","100119","2221","6","259",5,Cash,2025-08-19
"10001027","80595","2777","15","406",7,Points,2025-10-31
"10001028","62897","2588","7","406",15,Points,2025-09-22
"10001029","149749","1602","7","516",7,Digital Wallet,2025-05-21
"10001030","145517","2560","6","620",9,Cash,2025-06-02
"10001031","141446","2152","5","355",5,Points,2025-10-17
"10001032","55807","2283","20","242",4,Points,2025-12-20
"10001033","128390","2752","16","487",11,Digital Wallet,2025-12-18
"10001034","94431","2736","20","256",12,Credit Card,2025-02-06
"10001035","70973","1433","11","674",19,Cash,2025-08-03
"10001036","74866","2346","20","290",18,Cash,2025-09-25
"10001037","137640","2810","10","372",13,Credit Card,2025-11-12
"10001038","116259","2598","2","237",17,Points,2025-10-21
"10001039","64942","2396","15","602",10,Credit Card,2025-08-23
"10001040","81003","1325","18","487",6,Digital Wallet,2025-05-25
"10001041","121577","1285","13","365",15,Cash,2025-08-28
"10001042","61512","2200","2","292",9,Cash,2025-04-14
"10001043","70760","1136","3","660",19,Points,2025-04-19
"10001044","137246","2852","3","329",12,Points,2025-08-07
"10001045","58259","1702","20","251",12,Digital Wallet,2025-03-15
"10001046","92235","1137","14","669",14,Cash,2025-04-21
"10001047","139693","1704","3","390",10,Points,2025-02-05
"10001048","89903","2059","17","694",16,Cash,2025-05-07
"10001049","132842","2535","14","476",7,Digital Wallet,2025-02-07
"10001050","128030","1019","4","466",3,Cash,2025-10-11
"10001051","137781","1192","12","342",19,Credit Card,2025-01-16
"10001052","123655","1721","16","446",13,Credit Card,2025-09-10
"10001053","92405","1843","1","491",9,Credit Card,2025-12-17
"10001054","87874","1714","17","651",14,Digital Wallet,2025-11-02
"10001055","137512","1529","15","419",8,Points,2025-03-26
"10001056","132464","2147","12","484",7,Digital Wallet,2025-06-04
"10001057","115010","2689","20","305",10,Points,2025-10-21
"10001058","61980","2447","3","348",16,Points,2025-07-03
"10001059","72659","1287","10","355",20,Credit Card,2025-06-20
"10001060","133536","2233","7","281",4,Digital Wallet,2025-10-30
"10001061","57917","1344","6","328",13,Points,2025-09-09
"10001062","87855","2098","12","221",17,Digital Wallet,2025-04-20
"10001063","121787","2551","17","311",19,Digital Wallet,2025-01-28
"10001064","103074","2131","5","600",7,Credit Card,2025-10-19
"10001065","109078","2650","20","607",12,Cash,2025-06-03
"10001066","116810","1366","19","534",14,Digital Wallet,2025-05-11
"10001067","90001","1112","3","348",3,Points,2025-07-02
"10001068","62281","2800","20","669",18,Points,2025-09-09
"10001069","51227","2389","12","595",5,Digital Wallet,2025-08-07
"10001070","90995","1093","1","237",14,Cash,2025-07-28
"10001071","144883","1401","18","259",4,Digital Wallet,2025-06-03
"10001072","67466","1431","16","554",16,Cash,2025-06-27
"10001073","94592","2913","5","535",14,Points,2025-06-18
"10001074","88604","2635","20","542",4,Cash,2025-02-21
"10001075","51598","1901","18","640",17,Credit Card,2025-02-10
"10001076","59117","2799","10","653",18,Points,2025-01-29
"10001077","54903","1539","7","429",2,Credit Card,2025-08-21
"10001078","96246","1608","4","320",9,Points,2025-12-26
"10001079","61547","2381","16","379",18,Credit Card,2025-12-20
"10001080","82270","1813","4","229",2,Digital Wallet,2025-10-11
"10001081","134221","1364","20","226",17,Points,2025-10-05
"10001082","105347","1650","12","669",3,Digital Wallet,2025-03-03
"10001083","102420","1103","5","652",10,Cash,2025-11-04
"10001084","129296","2468","7","603",20,Points,2025-05-23
"10001085","144173","2331","2","363",11,Cash,2025-01-10
"10001086","116179","1730","1","659",15,Points,2025-02-26
"10001087","98330","1170","2","203",9,Cash,2025-07-31
"10001088","110674","2942","7","668",18,Credit Card,2025-10-26
"10001089","76156","1655","14","382",12,Cash,2025-06-04
"10001090","81094","2122","12","440",8,Points,2025-05-03
"10001091","103277","1654","13","297",8,Points,2025-04-06
"10001092","89216","1795","18","299",13,Points,2025-02-14
"10001093","105425","1432","11","274",3,Digital Wallet,2025-06-28
"10001094","117332","1554","6","493",2,Credit Card,2025-11-03
"10001095","113254","2046","18","387",17,Digital Wallet,2025-08-03
"10001096","79072","1761","12","227",2,Points,2025-06-08
"10001097","69708","2677","4","673",10,Digital Wallet,2025-12-30
"10001098","103938","1339","7","510",15,Digital Wallet,2025-06-26
"10001099","68896","2039","5","248",2,Credit Card,2025-06-28
"10001100","100899","1984","2","680",14,Credit Card,2025-01-08
"10001101","122833","1608","11","204",19,Credit Card,2025-07-24
"10001102","84414","2037","5","465",4,Points,2025-08-10
"10001103","115810","1795","17","533",12,Cash,2025-02-25
"10001104","71669","1443","19","506",9,Credit Card,2025-02-16
"10001105","117623","1422","12","392",14,Points,2025-07-03
"10001106","127489","1345","6","595",14,Credit Card,2025-07-29
"10001107","74895","2522","20","454",13,Points,2025-07-05
"10001108","136798","2325","3","372",19,Credit Card,2025-02-05
"10001109","54519","2018","4","657",9,Cash,2025-09-14
"10001110","92167","1895","7","378",1,Points,2025-04-09
"10001111","129966","2745","2","310",17,Digital Wallet,2025-02-11
"10001112","76463","2945","10","668",17,Digital Wallet,2025-06-20
"10001113","134209","2468","1","223",3,Digital Wallet,2025-12-12
"10001114","123095","2191","12","563",13,Digital Wallet,2025-12-04
"10001115","76986","1440","2","525",2,Points,2025-03-23
"10001116","82361","2653","1","295",6,Points,2025-07-07
"10001117","57482","1472","11","593",10,Credit Card,2025-12-16
"10001118","113534","2271","10","670",8,Points,2025-03-01
"10001119","67415","2373","1","398",1,Credit Card,2025-07-04
"10001120","128340","2472","11","644",10,Digital Wallet,2025-03-30
"10001121","101831","1605","13","584",16,Points,2025-01-29
"10001122","119901","2414","4","501",16,Digital Wallet,2025-10-19
"10001123","119885","2675","6","621",19,Points,2025-12-22
"10001124","149415","2135","5","316",6,Credit Card,2025-02-14
"10001125","98776","1979","20","562",15,Digital Wallet,2025-11-02
"10001126","52381","1151","6","302",3,Digital Wallet,2025-10-02
"10001127","106293","2817","18","697",6,Points,2025-08-19
"10001128","115667","1001","17","449",13,Digital Wallet,2025-03-15
"10001129","120392","2030","8","649",1,Credit Card,2025-06-19
"10001130","62108","1765","3","528",5,Cash,2025-12-10
"10001131","132573","1280","2","626",18,Credit Card,2025-05-03
"10001132","89945","2002","10","226",14,Points,2025-02-09
"10001133","127936","1312","9","499",19,Digital Wallet,2025-10-20
"10001134","134733","2326","2","547",13,Digital Wallet,2025-08-16
"10001135","115749","2720","10","484",14,Cash,2025-10-12
"10001136","142907","1889","15","500",14,Digital Wallet,2025-03-14
"10001137","58446","2794","6","404",5,Points,2025-05-02
"10001138","130687","2550","4","444",9,Cash,2025-03-18
"10001139","137654","2787","15","345",18,Credit Card,2025-08-15
"10001140","117951","2108","18","696",11,Points,2025-09-16
"10001141","53905","1785","18","460",12,Credit Card,2025-09-11
"10001142","74453","1160","19","438",4,Points,2025-03-17
"10001143","147001","2778","6","573",17,Cash,2025-01-23
"10001144","76076","1567","4","665",2,Points,2025-03-28
"10001145","57788","1460","19","689",18,Credit Card,2025-01-28
"10001146","130964","2419","19","603",11,Points,2025-01-28
"10001147","143097","1848","6","275",5,Credit Card,2025-03-09
"10001148","114795","1716","14","386",4,Digital Wallet,2025-11-10
"10001149","138356","2894","9","236",7,Digital Wallet,2025-11-25
"10001150","57471","1921","13","607",15,Credit Card,2025-09-28
"10001151","125882","2201","2","333",5,Points,2025-05-12
"10001152","79194","2151","6","380",8,Cash,2025-01-04
"10001153","82877","1834","20","590",3,Points,2025-01-28
"10001154","82416","2108","4","606",4,Points,2025-10-09
"10001155","113080","1147","11","693",18,Credit Card,2025-02-13
"10001156","83374","1104","18","496",19,Cash,2025-02-21
"10001157","81326","1857","19","339",12,Credit Card,2025-08-29
"10001158","72139","1268","3","699",10,Points,2025-06-03
"10001159","116768","1359","12","642",14,Credit Card,2025-11-22
"10001160","121972","2933","17","513",3,Credit Card,2025-06-08
"10001161","71125","2646","2","466",16,Cash,2025-07-14
"10001162","53605","2015","2","603",6,Points,2025-01-03
"10001163","131566","1110","2","500",4,Cash,2025-09-06
"10001164","81474","1362","5","302",19,Credit Card,2025-07-14
"10001165","143778","2143","1","340",18,Credit Card,2025-02-09
"10001166","82852","2644","7","324",6,Cash,2025-03-10
"10001167","76571","1971","2","599",2,Points,2025-12-28
"10001168","101710","2699","6","244",10,Digital Wallet,2025-09-17
"10001169","130072","2991","2","663",13,Points,2025-08-10
"10001170","101161","1560","13","663",9,Credit Card,2025-08-10
"10001171","128640","2872","20","212",11,Digital Wallet,2025-05-31
"10001172","57215","1854","19","495",18,Points,2025-05-14
"10001173","109180","1811","6","532",17,Points,2025-04-24
"10001174","137390","1053","14","646",15,Digital Wallet,2025-12-27
"10001175","101953","1205","18","356",2,Credit Card,2025-09-08
"10001176","126769","2773","7","335",19,Points,2025-01-29
"10001177","69048","1105","5","291",1,Digital Wallet,2025-06-02
"10001178","55375","1129","13","522",17,Digital Wallet,2025-03-07
"10001179","108480","2942","10","215",2,Points,2025-10-11
"10001180","102705","1273","2","567",11,Cash,2025-02-26
"10001181","110830","1747","16","647",9,Points,2025-07-18
"10001182","57408","1335","16","609",17,Cash,2025-11-23
"10001183","107235","1555","7","648",4,Digital Wallet,2025-08-12
"10001184","62539","2181","10","599",18,Cash,2025-01-09
"10001185","74570","1747","10","631",4,Digital Wallet,2025-04-02
"10001186","116540","1764","11","205",2,Points,2025-07-17
"10001187","132040","2737","13","257",9,Digital Wallet,2025-12-14
"10001188","100554","1651","2","273",18,Digital Wallet,2025-04-23
"10001189","84348","2821","18","441",3,Credit Card,2025-08-11
"10001190","142045","2458","13","683",13,Credit Card,2025-11-04
"10001191","54915","2611","17","675",20,Credit Card,2025-11-25
"10001192","53442","1955","19","690",6,Digital Wallet,2025-07-24
"10001193","54241","1568","5","413",1,Points,2025-02-12
"10001194","133990","1966","16","623",8,Cash,2025-03-25
"10001195","119816","2865","20","574",13,Cash,2025-10-13
"10001196","119115","1869","13","634",11,Cash,2025-01-27
"10001197","143748","2200","14","541",10,Credit Card,2025-12-27
"10001198","148096","1680","15","235",17,Points,2025-07-28
"10001199","79919","2457","17","461",1,Credit Card,2025-05-03
"10001200","114088","1975","15","360",9,Digital Wallet,2025-04-19
"10001201","132370","2939","10","383",7,Digital Wallet,2025-05-23
"10001202","134093","2371","19","535",14,Points,2025-12-17
"10001203","85293","1247","18","392",2,Digital Wallet,2025-01-14
"10001204","56521","1296","5","609",3,Credit Card,2025-11-09
"10001205","114379","2641","20","584",1,Cash,2025-05-20
"10001206","112886","2279","3","357",4,Cash,2025-10-26
"10001207","72040","2428","18","355",5,Credit Card,2025-12-05
"10001208","79132","1085","7","551",1,Cash,2025-03-20
"10001209","120892","1232","16","379",11,Credit Card,2025-06-08
"10001210","97159","2762","2","388",1,Credit Card,2025-07-02
"10001211","118901","1993","7","469",6,Credit Card,2025-05-24
"10001212","96600","1021","20","645",16,Digital Wallet,2025-12-19
"10001213","135360","1289","6","305",16,Points,2025-12-14
"10001214","61839","2788","8","526",1,Digital Wallet,2025-06-29
"10001215","131869","1512","19","523",20,Cash,2025-03-28
"10001216","93377","2325","5","341",12,Digital Wallet,2025-11-11
"10001217","135331","1228","4","389",10,Credit Card,2025-07-12
"10001218","69204","2139","18","295",7,Cash,2025-11-03
"10001219","145736","1360","5","464",10,Cash,2025-08-17
"10001220","60089","1402","3","577",11,Digital Wallet,2025-08-29
"10001221","69733","2978","18","331",8,Cash,2025-06-25
"10001222","126665","2921","12","201",7,Digital Wallet,2025-11-17
"10001223","100586","2056","7","640",8,Points,2025-05-23
"10001224","98196","1848","17","669",8,Cash,2025-03-08
"10001225","78085","1441","13","439",17,Points,2025-05-17
"10001226","72394","1490","12","337",5,Points,2025-04-14
"10001227","77855","2315","5","251",8,Digital Wallet,2025-07-10
"10001228","58415","2379","12","538",7,Points,2025-10-12
"10001229","124864","2976","12","556",5,Cash,2025-06-11
"10001230","117878","2071","14","572",3,Credit Card,2025-11-21
"10001231","90203","1452","9","346",18,Credit Card,2025-09-11
"10001232","62083","1642","3","643",10,Digital Wallet,2025-05-20
"10001233","135126","2273","11","342",7,Cash,2025-01-29
"10001234","60746","1129","17","419",19,Points,2025-01-13
"10001235","124224","1504","10","418",14,Points,2025-10-23
"10001236","53985","1411","6","214",11,Points,2025-08-27
"10001237","69765","1020","19","223",18,Digital Wallet,2025-01-05
"10001238","114168","1758","8","544",17,Points,2025-10-19
"10001239","142164","2395","11","258",4,Credit Card,2025-01-03
"10001240","107038","2887","4","621",5,Credit Card,2025-01-12
"10001241","113857","2098","20","284",9,Digital Wallet,2025-10-05
"10001242","108250","1698","19","254",3,Digital Wallet,2025-08-18
"10001243","139434","1905","1","222",17,Cash,2025-11-02
"10001244","128576","1429","9","563",14,Cash,2025-05-01
"10001245","111914","1307","19","604",17,Points,2025-05-27
"10001246","62974","1949","10","617",5,Cash,2025-05-28
"10001247","139659","1461","3","514",19,Digital Wallet,2025-06-25
"10001248","77199","2621","6","259",14,Cash,2025-08-10
"10001249","121122","1636","5","256",11,Points,2025-09-23
"10001250","141549","2623","12","683",15,Credit Card,2025-09-06
"10001251","135962","1001","11","221",13,Points,2025-10-05
"10001252","81746","2148","6","373",11,Cash,2025-09-08
"10001253","82736","1582","1","300",11,Cash,2025-02-02
"10001254","61403","1921","18","667",20,Credit Card,2025-08-29
"10001255","141285","2177","6","316",7,Cash,2025-03-13
"10001256","107590","2020","5","367",13,Cash,2025-03-19
"10001257","76191","2451","4","564",17,Credit Card,2025-10-22
"10001258","51932","1624","19","363",10,Digital Wallet,2025-05-09
"10001259","106868","1101","14","405",1,Credit Card,2025-02-22
"10001260","130989","1978","12","252",2,Points,2025-05-03
"10001261","128148","2580","11","685",10,Credit Card,2025-06-19
"10001262","124245","2522","13","352",18,Cash,2025-09-13
"10001263","53499","1799","9","307",15,Digital Wallet,2025-12-12
"10001264","72156","2806","16","364",14,Digital Wallet,2025-10-01
"10001265","54329","2620","18","693",1,Points,2025-12-16
"10001266","116752","2377","2","414",17,Digital Wallet,2025-12-23
"10001267","76101","2720","13","232",8,Points,2025-03-17
"10001268","75258","1783","16","691",7,Cash,2025-12-13
"10001269","139569","2820","8","573",4,Credit Card,2025-12-06
"10001270","141658","1802","6","684",9,Points,2025-06-11
"10001271","93671","1302","13","396",14,Credit Card,2025-07-30
"10001272","74648","1979","16","665",1,Points,2025-09-27
"10001273","137100","1077","13","670",3,Credit Card,2025-10-22
"10001274","116422","2777","4","368",19,Points,2025-12-23
"10001275","90459","1013","9","264",4,Points,2025-02-13
"10001276","60920","1306","1","470",16,Credit Card,2025-08-23
"10001277","101968","1824","7","220",14,Cash,2025-07-18
"10001278","116531","1320","14","378",14,Credit Card,2025-02-21
"10001279","143849","1604","8","311",16,Digital Wallet,2025-09-16
"10001280","125398","1638","3","370",5,Digital Wallet,2025-11-16
"10001281","119188","2238","7","322",8,Digital Wallet,2025-10-25
"10001282","63437","1915","3","354",7,Points,2025-07-02
"10001283","103798","1471","14","685",13,Credit Card,2025-10-06
"10001284","99498","1053","14","420",7,Credit Card,2025-08-30
"10001285","71584","1508","18","694",6,Cash,2025-01-25
"10001286","98734","2118","17","663",10,Digital Wallet,2025-02-10
"10001287","108073","2609","10","561",4,Points,2025-01-07
"10001288","88631","1058","10","509",17,Points,2025-03-12
"10001289","52845","1806","6","348",17,Points,2025-05-21
"10001290","79930","1989","17","207",3,Digital Wallet,2025-05-31
"10001291","117800","2214","12","413",3,Points,2025-11-01
"10001292","132706","1160","3","661",2,Points,2025-02-07
"10001293","68881","2725","4","687",11,Digital Wallet,2025-06-20
"10001294","53623","1745","10","675",16,Credit Card,2025-04-11
"10001295","98260","1276","14","467",4,Credit Card,2025-10-20
"10001296","131468","2477","19","541",6,Points,2025-03-26
"10001297","106596","2386","2","688",9,Credit Card,2025-03-20
"10001298","137420","1913","15","249",18,Credit Card,2025-11-04
"10001299","138639","1998","19","644",6,Points,2025-11-04
"10001300","107334","1893","9","202",6,Digital Wallet,2025-02-22
"10001301","106752","2257","3","510",13,Points,2025-02-13
"10001302","80544","2399","4","327",16,Credit Card,2025-10-15
"10001303","125571","2471","3","521",20,Digital Wallet,2025-09-05
"10001304","85302","2156","18","620",15,Cash,2025-11-03
"10001305","137809","1201","1","652",18,Points,2025-06-26
"10001306","131516","1906","8","482",12,Points,2025-09-19
"10001307","63359","2664","15","537",3,Digital Wallet,2025-08-25
"10001308","57664","1952","1","523",13,Points,2025-11-25
"10001309","115631","1850","12","574",10,Cash,2025-04-22
"10001310","82112","2854","8","217",1,Digital Wallet,2025-04-23
"10001311","86434","1220","3","476",9,Cash,2025-05-03
"10001312","93987","1066","7","681",8,Points,2025-09-26
"10001313","85490","1952","17","285",20,Cash,2025-05-21
"10001314","93815","2180","4","560",12,Points,2025-05-16
"10001315","89521","1939","15","637",7,Digital Wallet,2025-01-02
"10001316","57586","1625","13","625",16,Cash,2025-12-17
"10001317","64022","1866","1","400",9,Credit Card,2025-05-05
"10001318","121597","1928","5","347",11,Digital Wallet,2025-02-02
"10001319","104941","1583","14","456",20,Cash,2025-06-27
"10001320","92260","1919","13","440",15,Cash,2025-07-06
"10001321","77066","1176","6","396",1,Points,2025-08-26
"10001322","76193","2310","2","530",2,Cash,2025-11-24
"10001323","72277","2472","18","511",19,Credit Card,2025-04-09
"10001324","126582","2759","16","604",7,Digital Wallet,2025-04-29
"10001325","66585","2695","6","397",11,Points,2025-02-08
"10001326","56093","2478","8","423",5,Digital Wallet,2025-08-29
"10001327","113719","1301","8","600",18,Points,2025-12-12
"10001328","143198","2157","16","633",8,Points,2025-12-25
"10001329","104406","2153","6","487",16,Digital Wallet,2025-06-12
"10001330","142130","1700","4","557",8,Cash,2025-08-31
"10001331","103076","2019","6","269",8,Credit Card,2025-02-26
"10001332","80455","2753","7","242",17,Credit Card,2025-07-23
"10001333","86557","1188","5","623",20,Points,2025-02-04
"10001334","54978","1505","17","686",6,Credit Card,2025-03-12
"10001335","85229","2471","3","533",11,Credit Card,2025-08-02
"10001336","140372","1781","2","489",16,Credit Card,2025-05-11
"10001337","97039","2996","4","337",19,Digital Wallet,2025-02-16
"10001338","95134","1904","6","543",3,Digital Wallet,2025-08-16
"10001339","91528","2468","19","688",12,Points,2025-08-20
"10001340","135889","1268","11","564",16,Credit Card,2025-02-27
"10001341","111977","2886","1","537",8,Digital Wallet,2025-04-30
"10001342","102372","2464","10","545",14,Digital Wallet,2025-09-18
"10001343","74793","2845","4","610",1,Digital Wallet,2025-11-23
"10001344","79178","1408","17","466",12,Credit Card,2025-09-03
"10001345","112869","1040","15","520",14,Digital Wallet,2025-08-15
"10001346","120677","2036","8","660",14,Digital Wallet,2025-07-07
"10001347","96675","1264","12","288",5,Points,2025-08-20
"10001348","112879","1593","6","243",14,Credit Card,2025-12-12
"10001349","105752","2262","13","279",20,Points,2025-09-22
"10001350","72633","3000","19","348",4,Cash,2025-10-14
"10001351","64847","1074","3","686",7,Points,2025-12-06
"10001352","84894","2773","11","612",2,Credit Card,2025-04-29
"10001353","96412","2791","9","313",19,Cash,2025-05-25
"10001354","140115","1302","5","485",4,Points,2025-10-11
"10001355","130779","1177","5","356",3,Points,2025-09-21
"10001356","122214","1550","8","256",13,Cash,2025-12-10
"10001357","84128","2541","13","422",16,Cash,2025-08-03
"10001358","124476","1997","19","473",17,Digital Wallet,2025-10-07
"10001359","146438","2467","14","549",20,Digital Wallet,2025-11-01
"10001360","112641","1844","8","482",17,Credit Card,2025-04-16
"10001361","143515","2120","1","463",5,Credit Card,2025-12-13
"10001362","141824","1063","4","332",11,Cash,2025-10-01
"10001363","55208","1720","6","382",10,Points,2025-01-30
"10001364","100924","1587","11","355",3,Cash,2025-08-25
"10001365","136481","1514","5","411",12,Credit Card,2025-04-06
"10001366","59277","2016","17","328",4,Cash,2025-12-08
"10001367","144372","1879","17","269",7,Cash,2025-06-10
"10001368","76440","2882","15","229",17,Digital Wallet,2025-06-13
"10001369","109019","2075","16","398",6,Credit Card,2025-11-03
"10001370","104652","2038","6","331",4,Cash,2025-05-24
"10001371","134200","2091","6","538",1,Digital Wallet,2025-08-08
"10001372","128063","2467","8","245",6,Points,2025-02-24
"10001373","54282","2842","6","285",17,Cash,2025-07-21
"10001374","63246","2473","16","592",3,Cash,2025-06-25
"10001375","103475","1770","14","483",8,Digital Wallet,2025-12-03
"10001376","124943","2527","15","229",11,Digital Wallet,2025-11-26
"10001377","72110","1281","2","629",16,Points,2025-04-09
"10001378","106232","2555","19","598",14,Cash,2025-05-22
"10001379","138649","1215","13","370",8,Cash,2025-04-05
"10001380","111468","1522","16","616",14,Digital Wallet,2025-08-17
"10001381","149818","1832","18","588",1,Cash,2025-01-29
"10001382","148853","1770","6","583",16,Credit Card,2025-07-23
"10001383","100340","2737","16","603",15,Credit Card,2025-10-31
"10001384","89342","1837","11","357",18,Cash,2025-07-25
"10001385","79423","2915","5","653",17,Digital Wallet,2025-11-29
"10001386","72520","1090","15","608",14,Points,2025-03-09
"10001387","88803","1446","10","640",13,Credit Card,2025-09-11
"10001388","132855","1775","6","270",1,Digital Wallet,2025-01-09
"10001389","86388","1622","5","565",19,Credit Card,2025-02-06
"10001390","86225","1885","10","219",19,Cash,2025-08-16
"10001391","106284","2718","4","207",16,Digital Wallet,2025-11-11
"10001392","90717","1958","9","591",13,Cash,2025-01-20
"10001393","74759","2733","19","433",14,Cash,2025-03-06
"10001394","94937","2741","9","680",1,Credit Card,2025-12-17
"10001395","128305","1209","6","698",1,Digital Wallet,2025-12-17
"10001396","84648","2019","2","500",7,Digital Wallet,2025-06-15
"10001397","96405","1682","4","560",19,Credit Card,2025-04-20
"10001398","94011","2985","20","221",16,Cash,2025-08-16
"10001399","125661","2129","17","537",15,Credit Card,2025-03-14
"10001400","83862","2127","10","592",10,Cash,2025-11-17
"10001401","74104","2202","20","408",14,Points,2025-11-27
"10001402","123936","1498","1","283",13,Cash,2025-05-13
"10001403","101670","2411","18","384",13,Digital Wallet,2025-05-12
"10001404","117930","2154","4","556",7,Points,2025-10-17
"10001405","102406","2256","4","212",16,Cash,2025-02-06
"10001406","118979","2048","20","210",20,Points,2025-12-08
"10001407","117791","2494","20","437",7,Points,2025-08-08
"10001408","109359","1644","11","377",17,Cash,2025-06-15
"10001409","110998","2297","18","417",4,Credit Card,2025-06-16
"10001410","79610","1843","2","493",4,Digital Wallet,2025-05-03
"10001411","116988","2838","17","645",14,Digital Wallet,2025-11-27
"10001412","87418","2828","5","511",2,Digital Wallet,2025-05-28
"10001413","144805","1343","9","311",15,Cash,2025-04-06
"10001414","51491","2721","11","395",5,Points,2025-06-20
"10001415","65409","1494","9","467",9,Digital Wallet,2025-12-09
"10001416","80392","1126","12","545",10,Digital Wallet,2025-11-09
"10001417","116521","1294","1","416",3,Credit Card,2025-05-02
"10001418","84591","1166","17","391",2,Credit Card,2025-09-07
"10001419","73215","2291","9","688",6,Digital Wallet,2025-07-26
"10001420","115583","2533","6","464",2,Points,2025-10-15
"10001421","141708","3000","8","479",3,Cash,2025-10-26
"10001422","109817","1036","11","256",4,Credit Card,2025-03-28
"10001423","60823","2031","7","254",14,Credit Card,2025-10-10
"10001424","89926","1307","20","694",3,Points,2025-06-11
"10001425","135241","1539","20","267",14,Digital Wallet,2025-09-27
"10001426","119788","2776","3","222",12,Points,2025-09-03
"10001427","138202","2969","9","611",4,Credit Card,2025-09-13
"10001428","119629","2343","7","585",13,Cash,2025-01-04
"10001429","127795","2866","20","634",7,Credit Card,2025-10-09
"10001430","127696","2123","17","557",1,Cash,2025-04-28
"10001431","89055","1607","11","328",17,Digital Wallet,2025-06-16
"10001432","59571","1628","6","218",1,Points,2025-05-13
"10001433","103057","2745","10","447",15,Cash,2025-06-24
"10001434","106621","1139","6","231",11,Credit Card,2025-11-14
"10001435","124231","2784","8","610",6,Digital Wallet,2025-06-07
"10001436","76053","1230","16","511",7,Credit Card,2025-11-21
"10001437","141855","1071","20","498",11,Credit Card,2025-12-10
"10001438","127560","1469","6","591",13,Points,2025-01-24
"10001439","132155","2238","10","377",11,Cash,2025-09-20
"10001440","107521","1914","14","509",16,Cash,2025-07-10
"10001441","53171","1558","2","588",9,Points,2025-10-17
"10001442","98659","1918","17","620",7,Digital Wallet,2025-11-10
"10001443","97412","1488","11","675",14,Credit Card,2025-05-09
"10001444","123547","2799","12","323",9,Cash,2025-08-26
"10001445","120157","1558","16","283",7,Cash,2025-01-20
"10001446","66404","2037","1","686",9,Digital Wallet,2025-04-16
"10001447","112429","2313","20","528",11,Digital Wallet,2025-12-28
"10001448","99591","2588","18","224",5,Cash,2025-09-19
"10001449","129524","1924","17","417",11,Points,2025-04-18
"10001450","134014","1691","19","279",8,Points,2025-08-29
"10001451","75927","2985","17","386",17,Credit Card,2025-04-13
"10001452","147189","2778","14","395",15,Credit Card,2025-11-08
"10001453","106580","2650","2","394",6,Cash,2025-11-12
"10001454","144767","2983","7","429",13,Digital Wallet,2025-05-30
"10001455","71124","1749","5","267",4,Credit Card,2025-10-31
"10001456","119640","1883","1","411",9,Cash,2025-06-02
"10001457","109961","2570","7","467",9,Cash,2025-05-18
"10001458","149086","2588","2","425",15,Credit Card,2025-09-17
"10001459","67855","1493","1","222",16,Digital Wallet,2025-02-12
"10001460","99413","1432","18","225",10,Credit Card,2025-06-07
"10001461","63509","1196","5","231",14,Digital Wallet,2025-06-15
"10001462","96340","1898","12","373",11,Digital Wallet,2025-02-17
"10001463","90907","2657","15","546",11,Digital Wallet,2025-12-24
"10001464","131997","1500","16","369",11,Credit Card,2025-09-14
"10001465","104065","2997","14","516",3,Digital Wallet,2025-09-22
"10001466","114191","2809","6","586",10,Digital Wallet,2025-01-20
"10001467","51636","2848","3","613",1,Digital Wallet,2025-09-18
"10001468","105607","2424","3","555",4,Points,2025-02-03
"10001469","87415","1996","3","486",20,Points,2025-07-14
"10001470","63491","2933","18","241",2,Digital Wallet,2025-02-08
"10001471","59517","1210","5","612",7,Digital Wallet,2025-02-17
"10001472","96529","1976","20","695",11,Cash,2025-08-04
"10001473","69864","2296","6","345",17,Credit Card,2025-09-15
"10001474","140259","2957","3","620",12,Cash,2025-06-05
"10001475","107627","1969","14","521",13,Points,2025-09-22
"10001476","87328","2519","19","319",4,Cash,2025-05-06
"10001477","137208","2598","20","688",8,Cash,2025-12-03
"10001478","81511","1403","9","396",12,Points,2025-09-16
"10001479","138714","2007","5","267",3,Cash,2025-12-27
"10001480","76876","1402","8","680",15,Credit Card,2025-07-01
"10001481","117233","2281","10","338",6,Credit Card,2025-10-28
"10001482","134358","2196","4","363",1,Digital Wallet,2025-06-20
"10001483","138903","1909","6","667",6,Cash,2025-03-17
"10001484","102684","1374","5","349",4,Digital Wallet,2025-03-11
"10001485","130952","1336","8","338",12,Digital Wallet,2025-05-18
"10001486","86304","2117","18","684",6,Credit Card,2025-05-09
"10001487","77745","2654","1","452",4,Credit Card,2025-12-25
"10001488","60184","2773","19","502",8,Credit Card,2025-06-29
"10001489","50665","1370","10","307",20,Points,2025-07-13
"10001490","91235","1683","10","469",12,Cash,2025-01-16
"10001491","130958","1830","7","432",6,Digital Wallet,2025-07-27
"10001492","133513","1746","16","583",15,Points,2025-04-28
"10001493","52167","1717","1","363",11,Points,2025-01-16
"10001494","128233","1841","5","417",5,Points,2025-11-21
"10001495","57512","2620","15","392",9,Credit Card,2025-03-13
"10001496","55036","1018","5","310",8,Digital Wallet,2025-04-01
"10001497","143988","1869","11","240",1,Cash,2025-12-01
"10001498","108337","2949","2","522",7,Digital Wallet,2025-03-05
"10001499","97513","2771","12","579",10,Points,2025-05-10
"10001500","142450","1907","6","280",1,Digital Wallet,2025-05-22
"10001501","63419","2380","12","544",13,Points,2025-05-15
"10001502","52228","2181","10","638",2,Points,2025-03-01
"10001503","133271","1415","12","279",1,Digital Wallet,2025-09-29
"10001504","115868","1491","7","413",9,Credit Card,2025-06-14
"10001505","85943","2447","16","558",19,Credit Card,2025-01-24
"10001506","96873","1072","16","529",14,Credit Card,2025-09-15
"10001507","96401","1180","4","690",12,Credit Card,2025-06-30
"10001508","117221","2222","20","359",19,Digital Wallet,2025-01-17
"10001509","135236","1448","4","622",3,Credit Card,2025-04-14
"10001510","62057","1234","6","432",14,Cash,2025-03-07
"10001511","145713","1640","20","445",18,Cash,2025-05-12
"10001512","83904","2825","13","425",14,Cash,2025-10-10
"10001513","128427","1877","10","629",10,Digital Wallet,2025-12-07
"10001514","55296","2866","19","614",20,Digital Wallet,2025-03-11
"10001515","107182","1479","11","521",1,Credit Card,2025-10-18
"10001516","75356","2245","16","207",15,Points,2025-03-17
"10001517","144418","1996","15","505",6,Points,2025-11-03
"10001518","89215","1309","16","537",8,Points,2025-11-15
"10001519","89700","1906","1","420",12,Cash,2025-05-03
"10001520","136023","2037","4","216",16,Cash,2025-05-03
"10001521","60230","1135","11","300",11,Cash,2025-01-30
"10001522","57954","1404","13","547",3,Cash,2025-09-07
"10001523","121605","2083","15","245",14,Digital Wallet,2025-06-08
"10001524","82971","1870","17","489",17,Points,2025-07-03
"10001525","68717","2493","2","556",14,Points,2025-08-29
"10001526","51831","2610","4","586",18,Digital Wallet,2025-05-16
"10001527","51240","2310","19","654",4,Points,2025-04-27
"10001528","73032","1413","20","272",2,Cash,2025-01-12
"10001529","73016","2034","5","206",3,Credit Card,2025-11-28
"10001530","119386","1569","11","474",17,Cash,2025-08-18
"10001531","103108","2097","13","260",8,Credit Card,2025-10-24
"10001532","93867","2729","13","464",1,Credit Card,2025-10-25
"10001533","68782","2133","15","588",13,Digital Wallet,2025-10-14
"10001534","57654","1333","3","623",10,Digital Wallet,2025-10-26
"10001535","101895","2401","5","657",15,Points,2025-10-02
"10001536","110424","2998","6","643",4,Cash,2025-02-06
"10001537","53322","2902","8","541",17,Credit Card,2025-09-16
"10001538","104497","2329","8","474",10,Credit Card,2025-02-11
"10001539","135140","2949","9","590",4,Points,2025-11-27
"10001540","127087","1225","12","371",17,Digital Wallet,2025-11-21
"10001541","97953","1581","1","694",5,Cash,2025-04-20
"10001542","74281","2177","4","276",17,Cash,2025-10-13
"10001543","73967","2238","7","518",11,Cash,2025-02-08
"10001544","85457","2369","13","350",8,Credit Card,2025-04-11
"10001545","73597","2504","17","629",20,Credit Card,2025-08-02
"10001546","126005","1224","13","202",19,Digital Wallet,2025-09-10
"10001547","134264","1986","15","334",14,Digital Wallet,2025-10-02
"10001548","100625","1387","8","463",10,Credit Card,2025-05-23
"10001549","78418","2997","8","607",10,Digital Wallet,2025-09-18
"10001550","85823","2759","6","316",18,Digital Wallet,2025-01-16
"10001551","140727","2147","13","448",5,Digital Wallet,2025-03-23
"10001552","63846","2657","16","613",10,Credit Card,2025-06-07
"10001553","93630","1184","16","665",13,Cash,2025-05-23
"10001554","63093","1164","3","262",11,Digital Wallet,2025-06-27
"10001555","72243","1282","3","683",9,Points,2025-05-24
"10001556","81012","1891","7","337",20,Points,2025-08-20
"10001557","81065","2754","14","357",10,Points,2025-11-18
"10001558","54522","1094","12","581",20,Cash,2025-07-13
"10001559","110678","1465","20","334",1,Digital Wallet,2025-03-17
"10001560","94872","1777","20","314",6,Credit Card,2025-12-16
"10001561","106255","2530","9","497",2,Cash,2025-01-10
"10001562","112034","1948","4","413",14,Points,2025-08-09
"10001563","95196","2262","4","470",8,Points,2025-06-08
"10001564","142476","2010","7","522",19,Credit Card,2025-01-22
"10001565","109353","1973","6","294",5,Credit Card,2025-06-13
"10001566","124131","2997","16","609",2,Cash,2025-03-17
"10001567","126562","2375","13","654",19,Cash,2025-03-11
"10001568","78011","2650","9","652",14,Points,2025-01-21
"10001569","64900","1575","6","484",17,Cash,2025-02-02
"10001570","98532","1008","16","460",4,Points,2025-03-27
"10001571","100398","1033","6","333",7,Cash,2025-03-14
"10001572","80523","1498","18","561",19,Cash,2025-05-31
"10001573","117068","2812","7","214",16,Digital Wallet,2025-12-08
"10001574","56644","1133","11","525",5,Credit Card,2025-07-26
"10001575","65432","2843","1","348",6,Digital Wallet,2025-03-12
"10001576","123651","2926","18","410",18,Digital Wallet,2025-08-30
"10001577","148573","2660","17","537",14,Points,2025-09-26
"10001578","79514","2891","10","312",1,Digital Wallet,2025-01-23
"10001579","137495","1631","17","427",9,Digital Wallet,2025-02-05
"10001580","81148","1620","14","434",1,Digital Wallet,2025-03-04
"10001581","91870","1353","8","543",19,Credit Card,2025-09-05
"10001582","141230","2007","17","433",16,Cash,2025-02-07
"10001583","141989","2242","8","619",7,Cash,2025-05-09
"10001584","71091","1963","1","261",13,Digital Wallet,2025-04-23
"10001585","62600","2332","4","638",9,Digital Wallet,2025-09-29
"10001586","58975","2743","5","653",18,Cash,2025-10-29
"10001587","88883","1095","1","375",12,Cash,2025-06-30
"10001588","134229","1686","16","532",6,Points,2025-05-31
"10001589","88657","1070","1","692",17,Credit Card,2025-08-19
"10001590","59925","2059","18","491",12,Points,2025-06-14
"10001591","71716","1959","7","694",1,Points,2025-10-09
"10001592","57395","1841","11","443",9,Points,2025-07-23
"10001593","51778","1079","10","418",10,Digital Wallet,2025-01-16
"10001594","140716","2787","18","385",13,Credit Card,2025-11-21
"10001595","93222","2693","16","531",18,Digital Wallet,2025-11-29
"10001596","52755","1658","12","381",7,Credit Card,2025-09-13
"10001597","116481","1004","2","464",12,Cash,2025-01-06
"10001598","75939","1591","14","425",9,Credit Card,2025-09-27
"10001599","134517","2441","18","264",10,Digital Wallet,2025-07-16
"10001600","96350","2016","3","490",19,Digital Wallet,2025-06-13
"10001601","60067","2696","2","541",16,Credit Card,2025-11-20
"10001602","121798","2786","6","407",8,Credit Card,2025-10-09
"10001603","135686","1580","5","269",8,Points,2025-10-26
"10001604","54953","2852","19","610",10,Credit Card,2025-12-07
"10001605","128946","2286","20","466",17,Points,2025-10-16
"10001606","120383","2601","6","311",4,Cash,2025-05-01
"10001607","76541","1547","5","625",6,Digital Wallet,2025-10-12
"10001608","84853","1011","20","241",3,Digital Wallet,2025-08-17
"10001609","103596","1274","2","693",16,Digital Wallet,2025-12-05
"10001610","111211","2694","19","272",2,Points,2025-09-12
"10001611","147463","1587","12","301",5,Digital Wallet,2025-04-23
"10001612","80912","2613","8","628",3,Cash,2025-08-27
"10001613","87790","1235","17","381",17,Cash,2025-09-21
"10001614","56957","2732","6","313",18,Credit Card,2025-11-01
"10001615","121726","1376","6","572",2,Digital Wallet,2025-04-13
"10001616","135708","2432","18","446",15,Credit Card,2025-07-08
"10001617","56504","1049","12","252",1,Cash,2025-07-16
"10001618","137485","2558","11","480",20,Credit Card,2025-03-18
"10001619","132418","2899","10","617",15,Points,2025-06-13
"10001620","143628","2509","7","559",11,Digital Wallet,2025-10-08
"10001621","149080","1045","10","319",15,Digital Wallet,2025-01-22
"10001622","112956","2163","11","566",7,Digital Wallet,2025-12-11
"10001623","96725","2260","9","628",6,Digital Wallet,2025-07-12
"10001624","115281","2787","14","520",19,Credit Card,2025-03-17
"10001625","88919","1783","19","433",18,Digital Wallet,2025-06-07
"10001626","52257","1046","18","286",8,Points,2025-06-21
"10001627","134713","1644","9","694",3,Digital Wallet,2025-08-03
"10001628","71224","1995","11","314",13,Credit Card,2025-06-29
"10001629","130874","2495","13","402",1,Cash,2025-04-15
"10001630","65898","1084","11","572",10,Points,2025-01-18
"10001631","50491","1950","14","244",11,Cash,2025-02-03
"10001632","139621","2129","2","382",15,Cash,2025-02-22
"10001633","148314","1638","17","235",9,Digital Wallet,2025-11-12
"10001634","126927","1551","3","514",11,Credit Card,2025-05-25
"10001635","67735","2171","1","397",15,Digital Wallet,2025-07-15
"10001636","63291","1899","19","486",17,Digital Wallet,2025-02-26
"10001637","69423","2503","14","473",5,Cash,2025-05-19
"10001638","109575","2525","9","665",11,Digital Wallet,2025-05-26
"10001639","113568","1043","13","306",18,Cash,2025-08-27
"10001640","91556","2400","14","398",16,Cash,2025-07-22
"10001641","119242","2344","17","322",18,Cash,2025-02-03
"10001642","52319","2822","5","590",7,Credit Card,2025-06-11
"10001643","84513","1791","17","586",14,Points,2025-11-03
"10001644","133060","1283","18","579",5,Points,2025-04-15
"10001645","91546","2789","5","658",2,Digital Wallet,2025-07-27
"10001646","111402","2628","4","255",6,Cash,2025-04-07
"10001647","86328","2390","15","593",12,Points,2025-06-21
"10001648","66686","2477","15","485",3,Credit Card,2025-06-19
"10001649","74721","1098","12","657",15,Digital Wallet,2025-09-06
"10001650","105863","2608","20","496",19,Cash,2025-07-08
"10001651","66111","2389","1","633",6,Points,2025-09-28
"10001652","85811","1853","2","373",10,Digital Wallet,2025-10-31
"10001653","140189","1972","19","496",1,Digital Wallet,2025-02-16
"10001654","72923","2852","14","466",8,Digital Wallet,2025-04-01
"10001655","112788","1691","19","700",4,Cash,2025-05-18
"10001656","62339","1872","6","238",16,Digital Wallet,2025-12-15
"10001657","58338","1024","10","251",13,Digital Wallet,2025-05-26
"10001658","131604","1663","11","215",12,Credit Card,2025-05-22
"10001659","91534","2934","5","438",14,Points,2025-08-25
"10001660","100486","2376","16","473",8,Digital Wallet,2025-12-10
"10001661","132512","2786","1","369",12,Cash,2025-01-12
"10001662","141892","1519","15","221",12,Digital Wallet,2025-10-16
"10001663","115784","2181","20","557",3,Cash,2025-05-17
"10001664","89009","1241","1","247",5,Credit Card,2025-11-26
"10001665","91083","2079","16","595",2,Points,2025-11-12
"10001666","137813","1999","8","614",13,Cash,2025-03-13
"10001667","115632","2912","18","468",17,Points,2025-07-03
"10001668","55050","2642","7","464",4,Credit Card,2025-03-24
"10001669","132809","1624","6","290",12,Points,2025-03-14
"10001670","148505","1560","20","543",19,Points,2025-11-21
"10001671","107118","1031","5","403",19,Points,2025-10-02
"10001672","125369","2942","11","545",13,Cash,2025-02-04
"10001673","134351","2491","4","244",4,Digital Wallet,2025-11-24
"10001674","106916","2719","1","591",15,Digital Wallet,2025-03-29
"10001675","118544","2935","2","651",13,Digital Wallet,2025-09-13
"10001676","60314","1899","3","457",10,Cash,2025-04-13
"10001677","144882","1718","15","493",14,Credit Card,2025-08-28
"10001678","141896","1746","7","586",17,Credit Card,2025-04-30
"10001679","113651","2512","10","535",14,Points,2025-11-04
"10001680","62098","1575","11","634",15,Cash,2025-10-28
"10001681","136522","1071","13","232",2,Digital Wallet,2025-04-30
"10001682","121925","1687","19","574",14,Credit Card,2025-12-21
"10001683","116067","1103","9","673",3,Digital Wallet,2025-10-07
"10001684","136869","1896","3","608",14,Points,2025-01-16
"10001685","108518","2415","5","318",12,Digital Wallet,2025-06-27
"10001686","142815","1934","18","523",10,Digital Wallet,2025-03-20
"10001687","101521","1077","16","282",11,Digital Wallet,2025-04-12
"10001688","107453","2490","18","258",19,Digital Wallet,2025-11-15
"10001689","74822","1179","2","685",18,Digital Wallet,2025-10-18
"10001690","115146","2714","16","440",13,Credit Card,2025-01-28
"10001691","92630","1358","4","690",8,Digital Wallet,2025-11-15
"10001692","113316","1090","13","592",16,Points,2025-09-06
"10001693","119136","1693","12","538",10,Credit Card,2025-01-08
"10001694","117798","2524","14","552",6,Cash,2025-08-20
"10001695","69597","2908","19","395",4,Cash,2025-09-25
"10001696","116764","1771","12","517",19,Points,2025-11-10
"10001697","117643","1944","6","246",17,Cash,2025-11-10
"10001698","90760","2020","3","469",6,Credit Card,2025-05-06
"10001699","113267","1020","10","535",16,Credit Card,2025-07-06
"10001700","95737","2180","5","441",5,Cash,2025-12-18
"10001701","64886","2154","4","680",5,Credit Card,2025-07-29
"10001702","116342","2364","20","258",15,Points,2025-07-28
"10001703","131204","1877","8","435",4,Credit Card,2025-12-16
"10001704","148199","2937","11","348",11,Points,2025-10-20
"10001705","108231","2091","1","526",3,Cash,2025-03-04
"10001706","63277","2951","5","323",1,Cash,2025-12-04
"10001707","55599","2336","8","489",12,Cash,2025-10-06
"10001708","149944","2820","11","206",14,Credit Card,2025-05-09
"10001709","139271","1630","3","676",6,Digital Wallet,2025-08-15
"10001710","130484","1411","18","567",3,Cash,2025-05-03
"10001711","114955","2553","8","389",5,Points,2025-06-19
"10001712","104092","2804","18","651",10,Cash,2025-03-24
"10001713","95372","2561","3","370",4,Points,2025-08-23
"10001714","140575","1482","11","668",8,Points,2025-04-12
"10001715","122366","2855","1","497",17,Credit Card,2025-02-09
"10001716","105759","2436","19","519",10,Credit Card,2025-05-22
"10001717","74588","1969","18","487",18,Digital Wallet,2025-11-01
"10001718","118443","2356","2","637",1,Points,2025-09-03
"10001719","98436","2416","5","225",4,Points,2025-01-23
"10001720","127992","1179","10","327",17,Digital Wallet,2025-06-15
"10001721","93777","2642","10","517",20,Digital Wallet,2025-10-28
"10001722","87354","2893","9","606",15,Digital Wallet,2025-08-13
"10001723","61122","2916","18","566",14,Credit Card,2025-11-15
"10001724","126570","1545","12","566",4,Points,2025-08-28
"10001725","126570","2050","3","622",7,Credit Card,2025-11-12
"10001726","78038","2817","5","432",6,Credit Card,2025-10-04
"10001727","135688","2950","16","527",15,Digital Wallet,2025-05-06
"10001728","87286","1433","3","333",9,Cash,2025-07-09
"10001729","140322","2057","1","466",16,Credit Card,2025-10-28
"10001730","112876","2705","5","657",8,Credit Card,2025-02-21
"10001731","55532","2102","5","524",8,Cash,2025-11-20
"10001732","51229","1267","2","561",15,Digital Wallet,2025-06-13
"10001733","126746","1456","6","327",20,Cash,2025-09-21
"10001734","65279","2758","14","306",14,Cash,2025-06-19
"10001735","78004","1112","20","251",5,Credit Card,2025-07-23
"10001736","78645","1561","4","424",20,Credit Card,2025-02-17
"10001737","77000","1800","7","682",10,Cash,2025-04-23
"10001738","99014","1298","19","435",9,Points,2025-11-20
"10001739","52880","2759","18","479",3,Cash,2025-12-07
"10001740","147169","1166","19","272",3,Digital Wallet,2025-07-14
"10001741","122602","1908","1","591",20,Cash,2025-01-15
"10001742","123073","2207","10","661",1,Credit Card,2025-07-29
"10001743","127921","2483","18","311",14,Cash,2025-03-22
"10001744","76722","2600","1","315",15,Cash,2025-04-05
"10001745","145135","1198","17","340",5,Credit Card,2025-05-08
"10001746","128867","2725","17","349",15,Digital Wallet,2025-09-30
"10001747","129849","1517","14","449",14,Cash,2025-04-04
"10001748","72711","1671","8","361",11,Cash,2025-03-11
"10001749","94575","1613","17","418",17,Cash,2025-06-27
"10001750","74794","2329","18","533",6,Digital Wallet,2025-02-18
"10001751","148296","2272","15","500",9,Cash,2025-05-11
"10001752","74468","2972","18","399",14,Cash,2025-07-24
"10001753","70347","1444","4","567",8,Cash,2025-06-14
"10001754","127077","2334","2","276",16,Digital Wallet,2025-11-02
"10001755","113515","1675","18","403",13,Points,2025-06-19
"10001756","77118","2286","19","622",6,Credit Card,2025-01-14
"10001757","118680","1886","3","318",6,Cash,2025-12-10
"10001758","52873","2805","18","304",13,Credit Card,2025-05-31
"10001759","146780","1501","12","596",16,Credit Card,2025-12-25
"10001760","87147","1371","6","449",3,Credit Card,2025-02-06
"10001761","136423","1128","17","594",4,Points,2025-08-05
"10001762","55998","1869","5","251",16,Cash,2025-08-21
"10001763","132007","2312","15","442",3,Cash,2025-09-28
"10001764","110453","2623","2","554",8,Cash,2025-12-11
"10001765","80193","1484","3","513",5,Digital Wallet,2025-03-05
"10001766","142846","1921","6","542",6,Points,2025-04-14
"10001767","106796","1321","3","375",18,Credit Card,2025-08-26
"10001768","143520","2185","4","339",18,Digital Wallet,2025-07-07
"10001769","60090","2981","4","559",17,Digital Wallet,2025-04-26
"10001770","103979","1589","18","308",12,Credit Card,2025-11-09
"10001771","66972","2328","14","454",14,Points,2025-05-27
"10001772","129024","1034","8","405",20,Digital Wallet,2025-01-17
"10001773","84909","2024","10","678",6,Digital Wallet,2025-11-28
"10001774","115441","2119","8","300",12,Points,2025-03-17
"10001775","125815","2779","20","316",14,Digital Wallet,2025-04-24
"10001776","85067","1511","18","585",7,Points,2025-09-20
"10001777","143569","1138","9","345",4,Credit Card,2025-07-16
"10001778","138924","1278","2","502",1,Digital Wallet,2025-03-27
"10001779","123425","1783","12","571",20,Digital Wallet,2025-12-08
"10001780","141435","1896","3","556",17,Credit Card,2025-03-15
"10001781","137849","1258","2","697",9,Points,2025-10-30
"10001782","103833","2221","2","419",2,Cash,2025-02-07
"10001783","147618","2787","2","374",13,Cash,2025-09-22
"10001784","113536","1326","8","582",18,Credit Card,2025-01-24
"10001785","89142","1762","15","684",2,Digital Wallet,2025-07-23
"10001786","105964","1413","15","542",6,Cash,2025-11-14
"10001787","127579","1794","1","696",3,Cash,2025-07-20
"10001788","97207","1332","20","489",14,Cash,2025-11-15
"10001789","105973","2611","7","574",18,Points,2025-03-10
"10001790","97083","1846","1","399",6,Credit Card,2025-12-03
"10001791","124633","1082","2","243",1,Credit Card,2025-09-16
"10001792","133200","1839","1","250",1,Cash,2025-05-20
"10001793","75199","2822","1","660",7,Cash,2025-10-25
"10001794","96925","1586","7","207",4,Cash,2025-10-31
"10001795","82054","2556","18","690",7,Credit Card,2025-04-28
"10001796","94010","2158","6","649",19,Cash,2025-03-03
"10001797","126100","2230","8","267",18,Digital Wallet,2025-09-25
"10001798","82814","1239","16","458",15,Credit Card,2025-08-22
"10001799","114119","2000","8","563",9,Cash,2025-09-02
"10001800","78430","2972","4","613",11,Digital Wallet,2025-01-10
"10001801","76840","1495","18","409",6,Points,2025-10-27
"10001802","56926","2332","4","534",14,Digital Wallet,2025-02-17
"10001803","147565","1385","5","210",8,Digital Wallet,2025-04-10
"10001804","89411","1714","4","436",17,Points,2025-11-30
"10001805","118740","1225","13","571",19,Digital Wallet,2025-12-14
"10001806","93896","2939","2","551",7,Points,2025-10-07
"10001807","127470","2786","20","441",6,Credit Card,2025-05-05
"10001808","68519","2085","2","608",19,Cash,2025-04-17
"10001809","119007","1210","8","481",10,Digital Wallet,2025-07-30
"10001810","52438","2968","12","595",20,Points,2025-02-14
"10001811","77357","2710","4","316",16,Points,2025-10-03
"10001812","84349","2752","13","350",19,Digital Wallet,2025-11-23
"10001813","100955","2729","12","660",4,Credit Card,2025-05-19
"10001814","130330","1328","13","276",13,Cash,2025-10-24
"10001815","84927","1132","5","633",2,Digital Wallet,2025-03-13
"10001816","123524","2104","3","610",5,Points,2025-01-26
"10001817","51373","1921","16","226",12,Cash,2025-03-29
"10001818","135422","2737","1","671",18,Cash,2025-08-28
"10001819","131835","2288","1","393",11,Credit Card,2025-08-25
"10001820","76824","1927","8","478",5,Digital Wallet,2025-06-29
"10001821","124226","2917","20","581",12,Digital Wallet,2025-03-15
"10001822","92172","1315","1","358",9,Credit Card,2025-01-13
"10001823","146763","1827","13","222",12,Digital Wallet,2025-09-07
"10001824","144137","2437","15","678",1,Digital Wallet,2025-05-11
"10001825","79327","1456","2","536",8,Credit Card,2025-12-12
"10001826","102887","2318","20","504",10,Points,2025-04-05
"10001827","122651","2352","9","688",9,Cash,2025-05-05
"10001828","122289","2252","3","224",8,Credit Card,2025-03-04
"10001829","102141","2056","8","576",18,Digital Wallet,2025-09-09
"10001830","136052","2755","1","617",1,Digital Wallet,2025-11-15
"10001831","76401","1464","15","267",8,Digital Wallet,2025-10-23
"10001832","134947","1691","5","595",9,Points,2025-01-15
"10001833","86101","2157","5","349",16,Credit Card,2025-08-09
"10001834","73837","1126","4","419",3,Credit Card,2025-08-14
"10001835","79011","1429","20","510",16,Cash,2025-05-23
"10001836","129859","1035","15","424",17,Cash,2025-01-18
"10001837","82803","1566","11","400",2,Credit Card,2025-10-15
"10001838","104823","1970","18","491",20,Digital Wallet,2025-12-02
"10001839","133122","1126","3","369",9,Digital Wallet,2025-03-17
"10001840","74020","2489","7","246",15,Points,2025-02-08
"10001841","127179","2231","20","395",16,Digital Wallet,2025-10-10
"10001842","96900","1325","6","383",20,Credit Card,2025-10-09
"10001843","80917","2901","6","450",15,Points,2025-11-01
"10001844","85414","2393","6","246",3,Digital Wallet,2025-07-11
"10001845","53510","2727","17","643",1,Points,2025-12-10
"10001846","51993","1285","20","477",10,Credit Card,2025-01-31
"10001847","71286","1749","7","356",9,Points,2025-09-14
"10001848","115727","1976","9","429",19,Cash,2025-10-24
"10001849","127305","2568","1","606",16,Points,2025-02-02
"10001850","106498","2270","9","644",8,Cash,2025-11-22
"10001851","84980","2027","7","301",9,Cash,2025-10-14
"10001852","127223","2784","16","331",2,Digital Wallet,2025-05-27
"10001853","119418","2039","14","545",10,Credit Card,2025-01-03
"10001854","120342","1744","5","319",19,Cash,2025-06-16
"10001855","116514","2208","4","278",3,Points,2025-12-18
"10001856","64702","2783","7","301",12,Points,2025-03-28
"10001857","107637","2635","18","316",15,Cash,2025-11-23
"10001858","96764","1641","19","412",9,Cash,2025-04-19
"10001859","93186","1666","5","661",19,Cash,2025-08-10
"10001860","104762","2792","20","523",20,Cash,2025-02-03
"10001861","68867","2095","7","653",5,Credit Card,2025-01-27
"10001862","72027","2413","10","244",4,Points,2025-12-13
"10001863","55453","2323","8","243",19,Points,2025-03-13
"10001864","97352","2697","12","254",7,Digital Wallet,2025-03-05
"10001865","120715","2513","14","323",11,Digital Wallet,2025-05-14
"10001866","69019","2606","12","328",13,Cash,2025-09-15
"10001867","139328","2969","2","586",6,Credit Card,2025-10-17
"10001868","101636","1997","13","280",5,Credit Card,2025-05-19
"10001869","133935","2846","19","398",2,Cash,2025-03-09
"10001870","143815","1355","12","296",3,Digital Wallet,2025-01-16
"10001871","141895","1373","9","382",9,Digital Wallet,2025-12-21
"10001872","61215","1194","20","238",4,Cash,2025-10-16
"10001873","81804","2851","10","448",8,Credit Card,2025-01-25
"10001874","81050","1924","20","689",19,Digital Wallet,2025-03-26
"10001875","63842","2736","3","350",19,Cash,2025-06-09
"10001876","98367","2733","5","477",5,Cash,2025-05-29
"10001877","143723","1101","9","352",8,Digital Wallet,2025-03-18
"10001878","92334","2644","3","334",9,Points,2025-06-02
"10001879","96176","2469","8","226",14,Digital Wallet,2025-10-06
"10001880","148976","2932","15","609",1,Points,2025-12-26
"10001881","103648","2112","17","682",11,Points,2025-05-23
"10001882","139812","1222","13","425",3,Credit Card,2025-03-04
"10001883","140633","1710","17","667",20,Points,2025-12-27
"10001884","121658","1088","14","359",11,Cash,2025-07-13
"10001885","118258","2645","10","445",10,Credit Card,2025-03-31
"10001886","65701","2996","16","254",8,Cash,2025-11-03
"10001887","146365","2821","19","214",18,Cash,2025-06-19
"10001888","109971","2650","10","238",4,Credit Card,2025-08-25
"10001889","136228","2372","12","341",12,Cash,2025-06-05
"10001890","149513","2673","20","273",16,Credit Card,2025-09-24
"10001891","106877","2147","20","341",14,Credit Card,2025-04-11
"10001892","67025","2108","18","632",14,Digital Wallet,2025-01-12
"10001893","58975","1226","13","226",10,Cash,2025-05-12
"10001894","138013","2773","2","332",14,Cash,2025-05-30
"10001895","55294","2835","9","543",12,Points,2025-09-07
"10001896","86054","1084","7","535",16,Cash,2025-03-15
"10001897","106698","1819","9","591",19,Credit Card,2025-05-28
"10001898","133853","1227","7","434",3,Cash,2025-06-14
"10001899","86041","1103","9","529",4,Credit Card,2025-07-21
"10001900","114426","2128","19","569",3,Cash,2025-01-26
"10001901","87944","2779","18","419",15,Points,2025-09-30
"10001902","98075","2285","4","220",17,Points,2025-12-18
"10001903","134620","2682","19","625",11,Points,2025-02-03
"10001904","124759","2732","16","575",14,Digital Wallet,2025-09-24
"10001905","86719","1146","9","363",12,Points,2025-12-04
"10001906","67113","1235","15","332",11,Cash,2025-08-06
"10001907","137341","1481","7","326",5,Credit Card,2025-10-06
"10001908","77330","2898","19","579",8,Cash,2025-06-17
"10001909","91823","2704","6","491",9,Points,2025-10-21
"10001910","70279","2834","6","273",8,Digital Wallet,2025-07-10
"10001911","57317","1292","11","551",11,Cash,2025-12-07
"10001912","136107","2866","6","524",17,Digital Wallet,2025-11-25
"10001913","68094","1887","15","408",7,Digital Wallet,2025-11-02
"10001914","109385","1176","10","336",3,Points,2025-12-07
"10001915","121283","1022","19","450",4,Points,2025-05-10
"10001916","98771","2604","16","589",7,Credit Card,2025-09-08
"10001917","56550","1630","11","543",9,Cash,2025-03-01
"10001918","107965","1677","8","296",12,Points,2025-12-04
"10001919","97796","2570","1","419",11,Cash,2025-04-21
"10001920","69768","1323","13","454",8,Digital Wallet,2025-10-02
"10001921","112427","1453","2","232",18,Points,2025-11-15
"10001922","55616","1380","6","428",10,Credit Card,2025-12-30
"10001923","122878","2443","13","206",18,Digital Wallet,2025-10-10
"10001924","148258","2403","12","239",3,Cash,2025-03-27
"10001925","142586","2814","5","338",2,Points,2025-01-12
"10001926","76333","2098","4","401",1,Cash,2025-04-01
"10001927","146339","1740","11","220",17,Points,2025-10-04
"10001928","105748","2524","2","417",16,Cash,2025-12-15
"10001929","82914","1078","3","250",8,Cash,2025-06-22
"10001930","90939","2055","2","535",4,Digital Wallet,2025-01-15
"10001931","96246","2866","16","535",6,Cash,2025-05-22
"10001932","105161","1802","9","319",10,Points,2025-01-03
"10001933","84548","2125","9","533",13,Points,2025-01-02
"10001934","99825","2025","4","457",18,Cash,2025-02-06
"10001935","79987","2425","19","690",16,Digital Wallet,2025-05-18
"10001936","107597","1134","6","685",7,Cash,2025-06-21
"10001937","77203","1305","7","413",11,Digital Wallet,2025-02-09
"10001938","143084","1147","20","278",8,Digital Wallet,2025-11-26
"10001939","142116","1647","1","226",7,Points,2025-02-14
"10001940","128305","2411","20","588",6,Cash,2025-04-12
"10001941","76742","2511","2","449",9,Points,2025-12-15
"10001942","71363","2435","13","552",8,Points,2025-03-09
"10001943","59973","1629","8","646",7,Points,2025-07-11
"10001944","127734","2574","16","345",18,Digital Wallet,2025-10-01
"10001945","61427","2129","7","500",2,Points,2025-04-01
"10001946","99599","1615","14","475",12,Cash,2025-08-18
"10001947","112380","1808","2","548",18,Cash,2025-02-06
"10001948","126739","1375","17","366",1,Digital Wallet,2025-02-20
"10001949","120741","1243","15","334",5,Cash,2025-12-16
"10001950","84497","2234","15","461",9,Credit Card,2025-11-06
"10001951","60391","2318","6","635",3,Cash,2025-04-07
"10001952","148327","2836","12","648",10,Cash,2025-08-12
"10001953","84337","2645","7","245",3,Digital Wallet,2025-02-12
"10001954","137649","1519","17","661",19,Cash,2025-12-03
"10001955","134120","1194","12","431",16,Credit Card,2025-10-08
"10001956","119008","1922","17","403",1,Credit Card,2025-05-18
"10001957","132481","1760","17","364",7,Digital Wallet,2025-05-27
"10001958","137180","1719","2","250",10,Credit Card,2025-03-09
"10001959","103867","2994","11","359",12,Cash,2025-07-27
"10001960","119949","2581","2","377",20,Cash,2025-03-22
"10001961","85184","1104","1","312",8,Cash,2025-10-23
"10001962","93370","1613","3","648",15,Cash,2025-05-02
"10001963","125768","2259","9","524",6,Digital Wallet,2025-12-16
"10001964","124693","2268","9","516",5,Digital Wallet,2025-11-28
"10001965","78107","1891","14","654",1,Credit Card,2025-06-23
"10001966","136470","2243","9","257",18,Credit Card,2025-01-31
"10001967","134787","2366","4","246",14,Points,2025-06-10
"10001968","115675","2912","3","456",2,Credit Card,2025-09-09
"10001969","62582","2507","20","609",7,Digital Wallet,2025-05-05
"10001970","54489","2056","3","566",5,Points,2025-01-13
"10001971","92015","2643","6","245",14,Credit Card,2025-01-02
"10001972","71474","1830","4","656",1,Digital Wallet,2025-01-18
"10001973","131420","2661","13","595",2,Cash,2025-04-17
"10001974","123529","2837","12","296",20,Credit Card,2025-09-25
"10001975","113876","2200","8","541",20,Points,2025-05-18
"10001976","127940","2992","20","615",4,Digital Wallet,2025-10-12
"10001977","128527","1896","4","469",10,Points,2025-08-21
"10001978","58471","2414","15","448",16,Cash,2025-09-28
"10001979","119095","2368","15","468",17,Credit Card,2025-10-23
"10001980","96154","1262","18","603",6,Cash,2025-11-03
"10001981","68234","1570","9","560",9,Digital Wallet,2025-04-01
"10001982","108055","1874","18","207",13,Digital Wallet,2025-11-19
"10001983","120872","2789","18","604",1,Cash,2025-02-16
"10001984","136851","2800","15","445",3,Credit Card,2025-04-17
"10001985","109837","1904","13","697",18,Cash,2025-06-23
"10001986","93352","2807","10","290",5,Cash,2025-03-26
"10001987","56631","2838","18","652",18,Points,2025-03-03
"10001988","73696","1607","10","214",4,Points,2025-03-24
"10001989","134455","1005","13","269",10,Cash,2025-03-07
"10001990","94279","2795","19","694",12,Digital Wallet,2025-01-17
"10001991","126059","1688","2","456",19,Credit Card,2025-02-06
"10001992","77634","2933","10","221",15,Cash,2025-10-25
"10001993","90340","1763","16","304",13,Credit Card,2025-10-28
"10001994","64367","2609","16","471",2,Digital Wallet,2025-02-21
"10001995","79883","2827","18","572",10,Digital Wallet,2025-07-08
"10001996","134450","1577","4","510",16,Credit Card,2025-04-07
"10001997","61931","2242","13","248",4,Credit Card,2025-10-29
"10001998","128424","2200","17","404",5,Points,2025-11-29
"10001999","104654","2480","5","430",18,Points,2025-08-17
"10002000","71805","1158","15","219",2,Cash,2025-09-12
"10002001","101271","2600","13","499",6,Points,2025-10-21
"10002002","70828","1122","7","475",17,Digital Wallet,2025-10-31
"10002003","139109","2897","6","645",9,Credit Card,2025-04-06
"10002004","144756","2546","11","687",11,Cash,2025-12-22
"10002005","129981","2380","12","651",20,Cash,2025-06-16
"10002006","74343","1448","3","340",8,Points,2025-09-13
"10002007","96942","1154","9","504",15,Credit Card,2025-07-07
"10002008","73774","1150","3","531",5,Digital Wallet,2025-07-26
"10002009","105834","2233","18","480",18,Digital Wallet,2025-08-02
"10002010","143946","1653","8","525",13,Digital Wallet,2025-09-22
"10002011","100610","2556","5","295",14,Points,2025-05-10
"10002012","87288","1262","8","437",6,Points,2025-06-07
"10002013","124577","1389","19","298",6,Credit Card,2025-09-12
"10002014","87566","2724","7","340",13,Points,2025-10-09
"10002015","63920","1702","1","546",18,Cash,2025-10-29
"10002016","140753","2808","4","306",14,Credit Card,2025-06-09
"10002017","106688","1193","17","640",17,Points,2025-02-14
"10002018","104811","2004","2","284",8,Credit Card,2025-04-11
"10002019","52466","1183","19","463",17,Cash,2025-10-03
"10002020","83377","1985","14","677",19,Points,2025-11-21
"10002021","139184","1675","18","284",2,Credit Card,2025-06-12
"10002022","99255","2937","16","576",14,Digital Wallet,2025-07-20
"10002023","128639","1348","3","700",5,Digital Wallet,2025-08-05
"10002024","69357","1733","2","313",12,Digital Wallet,2025-06-10
"10002025","60977","2785","10","372",5,Credit Card,2025-03-02
"10002026","53503","2560","17","528",7,Cash,2025-09-30
"10002027","63475","2394","18","221",16,Cash,2025-08-30
"10002028","115955","2351","12","412",11,Points,2025-11-05
"10002029","131755","2437","13","612",11,Credit Card,2025-10-19
"10002030","137720","2037","7","534",20,Digital Wallet,2025-11-15
"10002031","145620","1189","11","552",19,Points,2025-01-24
"10002032","147736","2880","19","351",13,Points,2025-01-21
"10002033","78362","1459","8","315",3,Cash,2025-09-15
"10002034","102713","1053","14","673",20,Cash,2025-03-22
"10002035","142599","2790","9","647",4,Points,2025-01-17
"10002036","114805","2110","7","567",8,Digital Wallet,2025-07-04
"10002037","118138","2020","17","263",13,Points,2025-09-11
"10002038","69615","1119","20","601",16,Cash,2025-08-04
"10002039","100489","2260","2","438",20,Credit Card,2025-02-04
"10002040","129587","2137","3","673",17,Cash,2025-05-31
"10002041","75068","2542","8","496",11,Cash,2025-11-29
"10002042","134288","2721","18","492",16,Cash,2025-09-26
"10002043","91122","2551","3","236",15,Cash,2025-11-07
"10002044","71188","2320","19","603",18,Credit Card,2025-09-10
"10002045","122824","1023","11","617",8,Points,2025-02-20
"10002046","125872","1786","1","543",6,Digital Wallet,2025-03-21
"10002047","70636","2337","8","326",20,Digital Wallet,2025-05-16
"10002048","122397","2836","10","267",14,Cash,2025-06-19
"10002049","75336","1433","4","371",15,Points,2025-09-17
"10002050","72993","1618","9","240",5,Digital Wallet,2025-08-30
"10002051","110256","1594","4","437",6,Points,2025-07-31
"10002052","52952","2616","6","644",19,Points,2025-06-25
"10002053","138358","2337","16","456",17,Digital Wallet,2025-09-22
"10002054","76507","2398","17","607",14,Cash,2025-01-28
"10002055","94148","1591","15","260",16,Points,2025-03-02
"10002056","51714","1703","7","554",1,Cash,2025-08-06
"10002057","120650","2928","14","689",2,Credit Card,2025-05-27
"10002058","127659","2200","11","429",9,Cash,2025-08-09
"10002059","58274","1322","14","514",12,Digital Wallet,2025-06-12
"10002060","52328","2754","3","366",16,Cash,2025-02-01
"10002061","137849","1795","16","358",3,Credit Card,2025-12-03
"10002062","88442","2682","10","435",19,Credit Card,2025-02-09
"10002063","129067","1453","20","260",4,Cash,2025-06-25
"10002064","108471","1013","12","528",11,Credit Card,2025-11-21
"10002065","88705","2929","17","410",14,Credit Card,2025-05-28
"10002066","124095","2798","20","391",6,Cash,2025-06-30
"10002067","61555","1727","7","321",17,Cash,2025-12-26
"10002068","98774","2973","3","623",3,Digital Wallet,2025-06-19
"10002069","81674","2742","6","624",14,Cash,2025-06-19
"10002070","121367","2141","7","365",16,Points,2025-12-30
"10002071","114548","1521","16","439",5,Cash,2025-08-15
"10002072","117509","1630","20","584",5,Digital Wallet,2025-09-03
"10002073","143527","1798","11","436",11,Points,2025-03-23
"10002074","60829","2823","11","588",19,Cash,2025-09-30
"10002075","148462","2494","20","350",11,Cash,2025-11-25
"10002076","144099","1898","18","371",6,Digital Wallet,2025-08-21
"10002077","58932","1732","14","291",4,Cash,2025-05-14
"10002078","138823","2675","1","358",19,Cash,2025-06-06
"10002079","124247","1624","7","476",10,Digital Wallet,2025-01-12
"10002080","139823","1214","5","443",5,Points,2025-01-15
"10002081","71773","2499","18","474",11,Cash,2025-07-11
"10002082","146188","1979","17","369",17,Credit Card,2025-02-17
"10002083","58846","2779","16","313",5,Cash,2025-03-03
"10002084","130880","2994","14","572",7,Credit Card,2025-09-04
"10002085","148104","2923","9","607",6,Credit Card,2025-12-24
"10002086","50776","2262","3","389",8,Cash,2025-04-06
"10002087","113863","2699","19","431",19,Cash,2025-12-02
"10002088","50192","2685","15","446",19,Credit Card,2025-09-28
"10002089","149086","1698","6","253",8,Points,2025-05-22
"10002090","105419","1791","8","286",15,Digital Wallet,2025-05-08
"10002091","71523","2628","4","285",8,Cash,2025-01-26
"10002092","95111","1778","13","316",11,Cash,2025-12-19
"10002093","77070","1651","9","614",13,Credit Card,2025-05-25
"10002094","56639","1460","4","543",12,Cash,2025-01-18
"10002095","81194","1442","6","373",10,Digital Wallet,2025-12-11
"10002096","120459","1203","8","498",3,Credit Card,2025-07-30
"10002097","145214","1662","9","471",17,Credit Card,2025-10-27
"10002098","70473","1422","7","624",12,Credit Card,2025-05-27
"10002099","63508","2055","14","381",8,Cash,2025-06-25
"10002100","140434","1935","7","442",17,Credit Card,2025-09-04
"10002101","90381","1923","15","273",14,Cash,2025-05-08
"10002102","72641","2278","6","494",8,Cash,2025-07-21
"10002103","74918","1171","10","401",8,Cash,2025-02-21
"10002104","89191","1859","4","592",19,Points,2025-01-08
"10002105","85067","1466","20","322",13,Points,2025-06-30
"10002106","132094","2577","19","472",16,Points,2025-09-02
"10002107","143861","2735","12","413",3,Cash,2025-04-19
"10002108","140532","2158","12","680",2,Digital Wallet,2025-04-10
"10002109","138596","2453","7","627",13,Points,2025-05-30
"10002110","136933","2427","13","455",10,Cash,2025-02-12
"10002111","71366","1773","9","370",3,Points,2025-09-15
"10002112","60367","2133","9","303",11,Cash,2025-12-25
"10002113","51609","1719","17","532",2,Points,2025-09-28
"10002114","139793","2511","1","239",10,Digital Wallet,2025-06-03
"10002115","70558","2849","12","522",14,Points,2025-01-08
"10002116","65026","2681","18","279",8,Points,2025-04-09
"10002117","92525","2769","6","325",20,Digital Wallet,2025-08-16
"10002118","83407","1059","3","519",15,Points,2025-10-21
"10002119","118510","1573","18","503",2,Points,2025-09-20
"10002120","82612","1079","10","694",13,Cash,2025-12-10
"10002121","63904","2428","20","277",3,Digital Wallet,2025-10-29
"10002122","57837","1554","8","521",1,Cash,2025-08-23
"10002123","133368","2930","7","287",4,Cash,2025-08-03
"10002124","71000","2365","7","216",4,Digital Wallet,2025-09-16
"10002125","130383","1884","2","489",19,Digital Wallet,2025-11-16
"10002126","108412","1406","1","535",12,Cash,2025-05-17
"10002127","111337","1371","7","525",8,Digital Wallet,2025-06-28
"10002128","140575","2382","15","616",6,Points,2025-05-19
"10002129","83511","2903","5","440",2,Cash,2025-05-21
"10002130","51724","2146","20","696",6,Digital Wallet,2025-05-22
"10002131","127068","1230","19","352",7,Credit Card,2025-09-09
"10002132","138222","1780","19","526",11,Digital Wallet,2025-12-25
"10002133","146570","1986","13","514",19,Credit Card,2025-10-09
"10002134","121904","2297","7","693",5,Points,2025-01-11
"10002135","121435","1426","2","579",15,Points,2025-02-21
"10002136","76546","1706","16","505",12,Points,2025-01-18
"10002137","74301","1234","16","409",4,Credit Card,2025-09-08
"10002138","88144","1483","18","375",16,Digital Wallet,2025-04-22
"10002139","80393","2933","7","621",15,Points,2025-04-07
"10002140","112766","1349","20","559",1,Points,2025-01-24
"10002141","85824","1359","1","579",15,Cash,2025-04-14
"10002142","102986","1322","1","682",1,Credit Card,2025-06-13
"10002143","139058","2410","20","518",1,Credit Card,2025-01-29
"10002144","128500","2502","14","643",1,Digital Wallet,2025-06-02
"10002145","101603","2932","15","286",4,Points,2025-12-02
"10002146","106318","1338","16","325",15,Credit Card,2025-05-15
"10002147","89981","1728","16","487",9,Points,2025-08-04
"10002148","77586","1976","18","618",3,Points,2025-10-29
"10002149","131013","2627","7","363",7,Cash,2025-01-27
"10002150","102355","1729","10","215",6,Digital Wallet,2025-11-09
"10002151","148113","1279","20","548",12,Credit Card,2025-04-04
"10002152","80722","1503","3","295",8,Points,2025-05-20
"10002153","93932","2416","16","473",17,Points,2025-11-17
"10002154","121274","2531","4","458",10,Digital Wallet,2025-10-01
"10002155","109206","1520","3","588",8,Digital Wallet,2025-09-05
"10002156","66593","1609","4","341",11,Cash,2025-06-11
"10002157","85433","2765","11","378",11,Cash,2025-09-11
"10002158","147792","1814","9","301",17,Digital Wallet,2025-01-24
"10002159","76146","2469","8","410",18,Credit Card,2025-02-10
"10002160","83305","2305","19","425",2,Points,2025-05-21
"10002161","134772","1360","1","433",2,Cash,2025-09-04
"10002162","84032","1042","3","222",18,Cash,2025-08-31
"10002163","105767","2516","11","677",4,Credit Card,2025-10-06
"10002164","78346","2922","10","487",20,Points,2025-02-18
"10002165","67739","2220","10","485",4,Credit Card,2025-12-16
"10002166","140024","2317","6","308",20,Points,2025-09-18
"10002167","142257","2669","20","631",19,Cash,2025-08-03
"10002168","70676","1951","9","652",17,Credit Card,2025-02-14
"10002169","74990","2061","17","520",9,Cash,2025-09-13
"10002170","148435","2430","15","575",4,Credit Card,2025-07-28
"10002171","90863","1514","17","442",17,Digital Wallet,2025-12-30
"10002172","78779","1249","9","585",15,Credit Card,2025-03-01
"10002173","115353","2105","19","534",6,Credit Card,2025-07-13
"10002174","53992","2531","17","672",4,Cash,2025-10-12
"10002175","141810","2353","20","283",4,Points,2025-04-24
"10002176","82050","1341","4","421",6,Points,2025-08-14
"10002177","62206","2227","1","232",6,Credit Card,2025-10-02
"10002178","101081","2947","10","343",11,Points,2025-01-29
"10002179","71349","2127","13","346",9,Cash,2025-03-02
"10002180","105003","1549","13","352",8,Points,2025-12-05
"10002181","54683","2847","10","634",7,Points,2025-05-27
"10002182","54760","2229","9","377",17,Credit Card,2025-11-21
"10002183","55046","2172","15","641",12,Cash,2025-10-27
"10002184","131642","1556","4","698",5,Digital Wallet,2025-02-15
"10002185","111914","1417","11","601",19,Cash,2025-07-16
"10002186","125486","2127","8","442",18,Cash,2025-09-23
"10002187","53470","2647","12","311",17,Cash,2025-03-15
"10002188","81467","2457","13","516",15,Digital Wallet,2025-11-06
"10002189","61579","2403","17","593",8,Digital Wallet,2025-01-31
"10002190","77475","1344","10","222",15,Credit Card,2025-07-21
"10002191","93996","2031","2","440",14,Digital Wallet,2025-05-01
"10002192","66759","2550","20","532",6,Points,2025-12-24
"10002193","81180","1851","14","494",1,Credit Card,2025-07-20
"10002194","91767","2940","9","514",16,Cash,2025-01-16
"10002195","63410","1838","12","579",13,Digital Wallet,2025-09-06
"10002196","79257","1916","7","287",3,Credit Card,2025-07-13
"10002197","71964","1391","3","605",12,Digital Wallet,2025-09-14
"10002198","80329","2994","11","476",15,Digital Wallet,2025-04-21
"10002199","100955","2913","14","451",5,Digital Wallet,2025-09-14
"10002200","134460","1698","11","311",9,Points,2025-01-31
"10002201","103192","2382","18","436",4,Points,2025-08-28
"10002202","85770","1358","19","253",19,Points,2025-05-08
"10002203","109430","1456","7","352",8,Cash,2025-04-20
"10002204","106371","2579","15","395",18,Cash,2025-11-05
"10002205","141694","2547","1","505",19,Points,2025-07-16
"10002206","94719","1675","20","373",16,Points,2025-01-05
"10002207","94271","2643","20","403",17,Cash,2025-07-05
"10002208","123069","1640","18","212",20,Credit Card,2025-03-05
"10002209","67115","2763","11","372",14,Cash,2025-01-31
"10002210","120842","1487","11","607",18,Digital Wallet,2025-04-26
"10002211","113075","2637","12","238",12,Digital Wallet,2025-02-28
"10002212","126825","2096","4","276",7,Cash,2025-01-30
"10002213","82864","1043","19","619",10,Points,2025-03-08
"10002214","80693","2692","4","574",16,Digital Wallet,2025-02-24
"10002215","69018","2262","16","459",8,Cash,2025-08-19
"10002216","139597","2998","4","514",20,Points,2025-08-06
"10002217","116031","1567","17","357",7,Points,2025-12-13
"10002218","52521","1875","13","662",8,Digital Wallet,2025-03-04
"10002219","85316","1004","15","544",2,Digital Wallet,2025-08-30
"10002220","57351","2724","6","343",2,Cash,2025-05-31
"10002221","56741","2470","10","413",3,Digital Wallet,2025-08-23
"10002222","59267","1491","1","359",18,Points,2025-08-01
"10002223","115245","1245","20","670",11,Digital Wallet,2025-03-26
"10002224","60680","2098","10","344",2,Digital Wallet,2025-02-27
"10002225","97271","2801","3","285",3,Credit Card,2025-12-20
"10002226","145927","1754","18","436",10,Credit Card,2025-04-26
"10002227","119985","1396","4","243",12,Points,2025-04-06
"10002228","138179","1871","2","337",1,Points,2025-04-30
"10002229","94272","1018","6","428",5,Points,2025-06-25
"10002230","78927","1637","1","224",7,Digital Wallet,2025-12-23
"10002231","67698","1705","9","399",9,Credit Card,2025-01-10
"10002232","58344","2231","5","515",3,Digital Wallet,2025-09-18
"10002233","97665","2058","5","261",4,Credit Card,2025-12-02
"10002234","93296","2275","1","223",14,Cash,2025-10-07
"10002235","127619","1781","15","661",5,Points,2025-01-09
"10002236","80053","1179","19","662",15,Cash,2025-02-11
"10002237","79439","1719","10","377",7,Digital Wallet,2025-09-28
"10002238","114271","2739","14","613",6,Credit Card,2025-10-22
"10002239","50159","1401","11","449",13,Cash,2025-07-06
"10002240","85095","2673","6","444",10,Credit Card,2025-07-16
"10002241","83530","1669","1","462",9,Points,2025-12-15
"10002242","53704","1886","2","437",19,Points,2025-02-24
"10002243","140394","1418","6","549",4,Points,2025-11-11
"10002244","62892","1202","6","677",19,Cash,2025-12-10
"10002245","149297","2210","13","216",6,Credit Card,2025-12-13
"10002246","87389","1683","8","576",18,Credit Card,2025-02-27
"10002247","74368","1272","8","628",16,Cash,2025-09-24
"10002248","136427","2673","8","519",7,Points,2025-10-02
"10002249","64882","2097","19","389",15,Points,2025-10-25
"10002250","146271","2593","1","446",13,Digital Wallet,2025-04-21
"10002251","92905","2697","2","681",12,Cash,2025-11-30
"10002252","55079","2684","9","393",9,Cash,2025-10-17
"10002253","133692","1521","8","495",20,Points,2025-01-06
"10002254","68568","1570","12","390",1,Credit Card,2025-07-04
"10002255","100091","2475","2","487",5,Cash,2025-03-30
"10002256","79330","2827","4","216",19,Cash,2025-10-26
"10002257","97461","2592","1","574",12,Cash,2025-06-19
"10002258","95153","1507","20","215",20,Cash,2025-07-16
"10002259","109306","1972","10","387",19,Digital Wallet,2025-03-12
"10002260","148980","1451","4","438",12,Digital Wallet,2025-06-22
"10002261","133122","2689","1","439",1,Cash,2025-09-04
"10002262","137081","2830","15","444",11,Cash,2025-08-10
"10002263","81808","2389","1","235",8,Points,2025-12-10
"10002264","146260","2415","16","418",2,Digital Wallet,2025-12-08
"10002265","149554","2838","18","387",9,Credit Card,2025-04-20
"10002266","114434","1119","11","478",5,Digital Wallet,2025-08-16
"10002267","93980","2629","12","514",20,Digital Wallet,2025-03-08
"10002268","121968","1123","6","625",11,Credit Card,2025-11-13
"10002269","75453","2986","13","298",20,Points,2025-05-21
"10002270","124556","1739","19","657",5,Points,2025-09-02
"10002271","141466","2944","9","571",10,Cash,2025-08-15
"10002272","73737","1173","10","529",11,Credit Card,2025-03-28
"10002273","90287","2782","3","631",3,Digital Wallet,2025-08-19
"10002274","60212","2808","13","287",17,Cash,2025-07-10
"10002275","119960","2040","14","569",5,Points,2025-01-05
"10002276","99734","2861","5","459",20,Credit Card,2025-12-09
"10002277","141504","2674","12","348",11,Cash,2025-03-13
"10002278","129441","1805","12","420",8,Digital Wallet,2025-10-13
"10002279","74250","2478","16","395",12,Points,2025-10-29
"10002280","102958","2731","12","215",9,Points,2025-11-09
"10002281","132166","2007","15","331",6,Digital Wallet,2025-12-29
"10002282","76159","1529","18","352",12,Digital Wallet,2025-03-04
"10002283","55006","2818","4","364",15,Credit Card,2025-11-30
"10002284","90534","2227","17","631",11,Digital Wallet,2025-11-17
"10002285","80135","1234","12","678",9,Credit Card,2025-09-09
"10002286","53188","1087","17","256",10,Cash,2025-02-25
"10002287","126329","2147","2","684",5,Cash,2025-04-07
"10002288","56278","1791","7","675",16,Points,2025-01-28
"10002289","134930","2341","10","500",8,Digital Wallet,2025-01-15
"10002290","70648","2067","5","355",9,Digital Wallet,2025-10-22
"10002291","92378","2299","11","668",18,Points,2025-01-27
"10002292","108088","2641","11","482",6,Cash,2025-04-26
"10002293","122325","1238","17","620",4,Digital Wallet,2025-10-10
"10002294","55703","1224","16","407",3,Cash,2025-09-16
"10002295","72452","1277","12","509",7,Credit Card,2025-04-01
"10002296","132991","2944","2","589",10,Digital Wallet,2025-07-02
"10002297","53746","1860","14","479",10,Credit Card,2025-06-11
"10002298","144454","1304","10","432",11,Cash,2025-08-26
"10002299","90048","2328","1","412",7,Cash,2025-11-19
"10002300","134900","2028","2","364",12,Credit Card,2025-11-06
"10002301","93847","1525","3","477",3,Credit Card,2025-11-20
"10002302","103828","1122","2","452",19,Cash,2025-07-29
"10002303","89860","1953","18","252",1,Digital Wallet,2025-05-27
"10002304","81708","1982","1","425",15,Credit Card,2025-09-14
"10002305","81799","1904","10","451",18,Digital Wallet,2025-11-19
"10002306","81180","1036","20","611",9,Digital Wallet,2025-02-06
"10002307","78412","2184","3","518",18,Digital Wallet,2025-03-09
"10002308","68127","2448","8","608",11,Points,2025-11-25
"10002309","84118","2234","18","658",13,Points,2025-08-23
"10002310","132115","1636","17","454",5,Credit Card,2025-06-26
"10002311","94016","2439","13","624",2,Points,2025-02-11
"10002312","126483","2501","20","542",20,Digital Wallet,2025-03-25
"10002313","65099","2130","8","330",14,Digital Wallet,2025-02-05
"10002314","100918","1367","10","293",11,Cash,2025-05-31
"10002315","133914","2131","17","502",13,Digital Wallet,2025-09-19
"10002316","142818","2194","3","683",16,Cash,2025-06-02
"10002317","74975","2768","7","681",11,Credit Card,2025-01-11
"10002318","108244","2070","17","614",3,Cash,2025-03-28
"10002319","126105","1810","8","401",7,Digital Wallet,2025-09-01
"10002320","65707","2726","6","489",5,Digital Wallet,2025-05-17
"10002321","96170","1118","7","674",16,Points,2025-01-18
"10002322","146910","2829","5","456",18,Credit Card,2025-10-13
"10002323","128321","2283","4","650",17,Credit Card,2025-01-21
"10002324","134121","2342","4","325",1,Credit Card,2025-02-01
"10002325","96191","2299","17","381",9,Points,2025-05-11
"10002326","89488","1642","13","538",11,Credit Card,2025-08-20
"10002327","137526","1032","1","650",16,Points,2025-06-06
"10002328","106506","1359","7","561",1,Digital Wallet,2025-04-20
"10002329","140857","1416","16","366",17,Points,2025-03-22
"10002330","112143","2068","14","364",3,Credit Card,2025-03-28
"10002331","110875","2740","12","489",13,Cash,2025-04-22
"10002332","105369","1604","5","201",17,Cash,2025-11-23
"10002333","56868","2277","16","493",9,Digital Wallet,2025-10-06
"10002334","149268","1131","18","431",6,Credit Card,2025-09-02
"10002335","123052","2546","3","663",19,Credit Card,2025-02-16
"10002336","107453","2135","18","251",9,Cash,2025-06-25
"10002337","65599","2167","4","266",9,Points,2025-11-30
"10002338","56195","2664","5","375",14,Cash,2025-10-08
"10002339","147443","2084","20","610",3,Points,2025-02-28
"10002340","98442","2140","19","663",16,Points,2025-07-27
"10002341","112094","1243","10","443",1,Digital Wallet,2025-07-11
"10002342","71816","2170","1","350",5,Digital Wallet,2025-12-10
"10002343","128772","1303","3","440",15,Credit Card,2025-09-18
"10002344","130132","1501","15","201",2,Digital Wallet,2025-02-25
"10002345","108630","2919","7","685",19,Digital Wallet,2025-02-24
"10002346","149077","2943","18","674",13,Digital Wallet,2025-09-24
"10002347","71074","1783","7","399",3,Points,2025-06-27
"10002348","120617","2602","3","208",11,Digital Wallet,2025-04-23
"10002349","117972","2569","13","320",17,Points,2025-01-28
"10002350","110122","2993","15","570",13,Points,2025-07-23
"10002351","66775","1546","4","230",5,Digital Wallet,2025-11-29
"10002352","144633","2195","18","611",15,Cash,2025-06-18
"10002353","113770","1219","19","532",4,Cash,2025-09-07
"10002354","54950","1861","3","233",12,Digital Wallet,2025-05-19
"10002355","112549","2112","1","363",3,Cash,2025-04-27
"10002356","111347","2533","12","472",13,Credit Card,2025-01-12
"10002357","135257","1370","10","510",19,Points,2025-05-25
"10002358","92317","2928","4","375",11,Digital Wallet,2025-07-27
"10002359","130542","2450","18","346",8,Credit Card,2025-02-03
"10002360","106881","1126","20","539",18,Cash,2025-07-24
"10002361","144310","1365","14","241",1,Digital Wallet,2025-03-21
"10002362","130899","2064","2","394",6,Digital Wallet,2025-10-23
"10002363","108434","1763","19","254",14,Cash,2025-03-17
"10002364","113831","2423","19","342",15,Points,2025-01-20
"10002365","51192","1991","14","567",2,Points,2025-06-15
"10002366","145199","2310","9","235",20,Points,2025-07-14
"10002367","141791","2313","4","638",2,Cash,2025-09-11
"10002368","100346","2684","14","642",8,Points,2025-11-30
"10002369","147792","2739","19","343",9,Cash,2025-04-07
"10002370","81328","2607","15","436",15,Cash,2025-07-05
"10002371","65789","1905","12","523",6,Points,2025-06-28
"10002372","114881","1635","8","269",7,Digital Wallet,2025-09-27
"10002373","125374","2676","15","599",12,Points,2025-10-05
"10002374","132579","1705","14","409",15,Cash,2025-04-20
"10002375","124697","1012","17","499",1,Points,2025-11-28
"10002376","62741","2832","11","458",7,Points,2025-08-28
"10002377","54845","1903","14","696",20,Digital Wallet,2025-04-27
"10002378","76613","2045","13","428",8,Cash,2025-12-02
"10002379","72403","2696","10","605",7,Cash,2025-11-30
"10002380","74438","2068","6","642",17,Digital Wallet,2025-09-26
"10002381","143285","1043","3","312",18,Cash,2025-07-23
"10002382","87127","2981","4","632",6,Cash,2025-01-05
"10002383","136847","1685","18","620",15,Cash,2025-05-01
"10002384","142957","2083","5","625",14,Points,2025-01-16
"10002385","149387","2160","9","609",12,Digital Wallet,2025-08-16
"10002386","140428","2492","10","613",3,Credit Card,2025-11-29
"10002387","64793","2344","4","503",5,Credit Card,2025-04-21
"10002388","50392","1505","12","360",13,Digital Wallet,2025-12-06
"10002389","57163","1348","6","442",2,Digital Wallet,2025-01-18
"10002390","123684","2357","1","586",14,Cash,2025-05-04
"10002391","81729","1331","4","531",9,Credit Card,2025-04-01
"10002392","70021","2402","13","324",7,Digital Wallet,2025-09-14
"10002393","113601","2682","13","222",15,Cash,2025-09-21
"10002394","57363","2356","9","622",18,Cash,2025-09-06
"10002395","125272","2962","2","603",4,Cash,2025-09-05
"10002396","134391","1745","3","210",1,Points,2025-08-09
"10002397","60395","1061","18","567",7,Credit Card,2025-02-06
"10002398","108428","2233","7","354",8,Credit Card,2025-06-30
"10002399","140738","1386","19","542",11,Points,2025-06-28
"10002400","103102","1831","20","445",5,Cash,2025-06-21
"10002401","52300","1120","18","407",9,Credit Card,2025-03-13
"10002402","50492","2291","15","471",3,Points,2025-03-26
"10002403","123052","2174","20","691",9,Points,2025-05-20
"10002404","77044","2726","3","422",13,Credit Card,2025-06-20
"10002405","50437","1367","10","373",19,Digital Wallet,2025-03-06
"10002406","93997","1459","6","395",5,Credit Card,2025-06-02
"10002407","106764","2062","5","442",7,Credit Card,2025-09-16
"10002408","128460","1082","16","658",17,Digital Wallet,2025-02-03
"10002409","130619","1876","12","380",15,Cash,2025-10-12
"10002410","115845","2273","2","456",14,Points,2025-08-26
"10002411","82691","2784","16","504",7,Points,2025-05-27
"10002412","114851","1178","9","401",2,Credit Card,2025-09-29
"10002413","72649","1275","2","400",4,Cash,2025-09-24
"10002414","81659","1642","15","631",11,Points,2025-11-21
"10002415","124337","2375","16","312",16,Digital Wallet,2025-08-19
"10002416","86053","2951","15","218",10,Credit Card,2025-06-05
"10002417","70772","2454","13","337",6,Credit Card,2025-04-24
"10002418","57828","1679","4","221",2,Points,2025-01-14
"10002419","100437","1988","2","240",8,Cash,2025-07-22
"10002420","53914","2316","14","608",4,Credit Card,2025-04-09
"10002421","91497","2633","13","476",2,Points,2025-09-21
"10002422","77282","1084","17","657",9,Cash,2025-12-01
"10002423","132876","2983","18","366",10,Points,2025-08-30
"10002424","79818","1986","3","592",1,Points,2025-09-19
"10002425","84845","2965","12","488",14,Cash,2025-01-28
"10002426","74195","2142","3","304",7,Digital Wallet,2025-06-16
"10002427","95578","2476","3","431",15,Digital Wallet,2025-03-16
"10002428","86180","2927","16","208",8,Points,2025-08-12
"10002429","139704","1342","1","365",9,Points,2025-05-25
"10002430","50812","1957","15","239",9,Cash,2025-05-09
"10002431","146821","2989","4","318",18,Cash,2025-07-04
"10002432","88499","2633","3","323",16,Cash,2025-04-12
"10002433","77001","1978","14","569",13,Points,2025-05-20
"10002434","54247","2157","7","420",10,Credit Card,2025-02-09
"10002435","123373","1901","16","365",9,Credit Card,2025-01-21
"10002436","127575","1987","10","594",20,Credit Card,2025-04-15
"10002437","138040","2555","2","506",1,Credit Card,2025-05-30
"10002438","69239","1326","2","464",3,Cash,2025-05-12
"10002439","139513","1598","9","337",16,Points,2025-01-16
"10002440","112373","1240","13","365",16,Credit Card,2025-04-19
"10002441","70998","1981","8","545",11,Cash,2025-03-23
"10002442","106720","1935","1","326",17,Digital Wallet,2025-11-20
"10002443","67880","1281","1","672",18,Points,2025-10-18
"10002444","123769","1136","17","220",15,Points,2025-12-17
"10002445","116755","2083","6","534",9,Credit Card,2025-09-29
"10002446","134758","1111","2","326",8,Cash,2025-03-23
"10002447","65360","1531","18","622",5,Credit Card,2025-08-10
"10002448","71894","1069","17","297",16,Credit Card,2025-12-08
"10002449","117425","1011","11","698",12,Credit Card,2025-12-01
"10002450","131761","1836","14","252",17,Points,2025-04-03
"10002451","56945","1293","8","290",20,Credit Card,2025-10-06
"10002452","66754","1120","16","594",15,Digital Wallet,2025-07-11
"10002453","147298","2761","15","405",7,Credit Card,2025-06-28
"10002454","98616","2037","1","341",16,Digital Wallet,2025-04-06
"10002455","62967","2135","13","406",7,Cash,2025-10-26
"10002456","69192","1831","14","395",15,Credit Card,2025-12-11
"10002457","120784","2363","20","618",18,Digital Wallet,2025-06-10
"10002458","131378","1010","8","402",16,Cash,2025-11-30
"10002459","96406","2131","5","542",14,Cash,2025-02-16
"10002460","75712","2339","3","392",9,Points,2025-01-03
"10002461","75535","2702","13","655",2,Points,2025-07-20
"10002462","55623","2003","17","424",2,Digital Wallet,2025-08-26
"10002463","137841","2210","3","692",16,Points,2025-04-14
"10002464","145343","2765","4","461",19,Points,2025-11-15
"10002465","145125","1361","10","475",6,Digital Wallet,2025-01-17
"10002466","119089","1184","17","655",2,Cash,2025-05-14
"10002467","83882","1690","2","506",3,Credit Card,2025-06-27
"10002468","65198","2821","12","328",6,Cash,2025-05-14
"10002469","133725","1754","15","427",7,Points,2025-10-19
"10002470","148575","1136","12","617",15,Digital Wallet,2025-12-07
"10002471","89486","2070","11","362",5,Digital Wallet,2025-01-18
"10002472","126780","1474","3","360",2,Digital Wallet,2025-10-23
"10002473","89041","1739","4","492",1,Points,2025-08-24
"10002474","116909","2171","17","297",16,Points,2025-05-11
"10002475","111379","2491","20","274",18,Digital Wallet,2025-04-05
"10002476","63864","1266","8","543",20,Digital Wallet,2025-09-28
"10002477","54426","2484","9","681",20,Digital Wallet,2025-04-14
"10002478","109402","2873","18","693",2,Points,2025-07-10
"10002479","64921","1698","5","530",12,Cash,2025-09-18
"10002480","98331","1375","18","475",2,Points,2025-10-16
"10002481","94382","1284","20","614",3,Points,2025-12-06
"10002482","77888","2072","19","674",15,Points,2025-10-07
"10002483","122483","2611","12","645",11,Points,2025-08-10
"10002484","88443","2005","5","210",6,Cash,2025-02-21
"10002485","67339","1282","20","243",15,Digital Wallet,2025-07-21
"10002486","134678","1802","17","353",10,Credit Card,2025-12-11
"10002487","122397","1335","16","593",7,Points,2025-01-23
"10002488","69601","2614","3","377",5,Cash,2025-12-02
"10002489","55505","1077","18","524",14,Points,2025-07-01
"10002490","129552","2989","6","295",12,Cash,2025-07-06
"10002491","103122","2065","17","407",12,Points,2025-02-16
"10002492","148119","1023","4","648",9,Credit Card,2025-02-13
"10002493","69608","1566","8","362",12,Points,2025-03-08
"10002494","60992","2643","18","624",20,Points,2025-11-16
"10002495","107563","2119","8","314",15,Credit Card,2025-06-29
"10002496","69928","2771","14","471",6,Credit Card,2025-05-09
"10002497","105697","1422","18","219",4,Digital Wallet,2025-08-05
"10002498","91562","2385","7","452",2,Credit Card,2025-11-15
"10002499","142770","1524","12","323",20,Points,2025-08-10
"10002500","110663","2049","6","310",10,Cash,2025-03-07
"10002501","128652","2949","3","606",10,Cash,2025-12-02
"10002502","81803","1654","14","436",16,Credit Card,2025-12-08
"10002503","54842","2785","15","202",17,Cash,2025-03-17
"10002504","140381","1796","4","372",1,Digital Wallet,2025-04-17
"10002505","100045","2712","7","694",12,Credit Card,2025-07-27
"10002506","94285","2850","10","669",10,Points,2025-02-26
"10002507","85857","1345","20","599",8,Cash,2025-01-27
"10002508","112410","2222","10","328",12,Credit Card,2025-05-09
"10002509","103981","1900","2","209",14,Digital Wallet,2025-04-22
"10002510","117995","2654","9","314",18,Digital Wallet,2025-08-10
"10002511","149326","1342","9","449",8,Credit Card,2025-12-17
"10002512","108627","2474","20","232",6,Credit Card,2025-04-21
"10002513","54688","1795","19","250",11,Points,2025-04-26
"10002514","98384","2864","11","375",8,Points,2025-06-08
"10002515","132634","1832","18","475",15,Credit Card,2025-10-25
"10002516","115757","1182","12","607",16,Digital Wallet,2025-08-08
"10002517","68890","2339","14","339",10,Credit Card,2025-10-12
"10002518","91349","2241","2","677",13,Points,2025-03-02
"10002519","56030","1080","10","625",15,Digital Wallet,2025-07-24
"10002520","130242","2716","16","291",17,Cash,2025-06-24
"10002521","68253","2149","7","560",6,Credit Card,2025-11-30
"10002522","106776","2579","13","532",15,Digital Wallet,2025-04-18
"10002523","101707","1244","9","553",17,Points,2025-09-04
"10002524","110315","2629","6","249",14,Credit Card,2025-03-08
"10002525","102744","2763","5","655",8,Digital Wallet,2025-01-31
"10002526","106748","2788","5","685",1,Points,2025-12-09
"10002527","143953","1732","2","210",4,Digital Wallet,2025-03-10
"10002528","106078","2988","3","679",1,Points,2025-08-12
"10002529","70830","2302","7","324",13,Credit Card,2025-04-29
"10002530","61291","1792","11","415",1,Cash,2025-06-02
"10002531","123658","1190","5","246",18,Credit Card,2025-05-13
"10002532","139497","2215","8","577",20,Points,2025-05-11
"10002533","99893","2644","14","235",4,Points,2025-08-30
"10002534","139837","2929","4","217",16,Cash,2025-10-16
"10002535","77554","1103","14","650",3,Credit Card,2025-06-27
"10002536","122387","2631","19","619",18,Points,2025-05-30
"10002537","103127","2491","8","414",11,Points,2025-05-18
"10002538","73271","2214","19","480",14,Points,2025-12-25
"10002539","69288","1081","20","419",15,Cash,2025-10-08
"10002540","107714","1613","3","226",2,Points,2025-03-31
"10002541","93605","1754","18","615",1,Credit Card,2025-08-06
"10002542","140984","2232","3","512",16,Digital Wallet,2025-05-23
"10002543","100765","1848","10","583",20,Cash,2025-09-08
"10002544","109286","2861","2","381",17,Digital Wallet,2025-06-12
"10002545","125783","1381","19","483",7,Cash,2025-04-30
"10002546","104865","1476","7","460",2,Credit Card,2025-09-08
"10002547","133501","1575","4","611",6,Cash,2025-10-15
"10002548","141579","2524","5","390",4,Digital Wallet,2025-09-05
"10002549","75368","2725","14","396",13,Digital Wallet,2025-01-08
"10002550","128095","1021","5","365",13,Points,2025-06-06
"10002551","86139","2105","16","488",11,Cash,2025-11-02
"10002552","101474","1312","6","205",7,Digital Wallet,2025-09-17
"10002553","72217","2737","20","365",16,Credit Card,2025-09-18
"10002554","96231","2704","18","477",9,Cash,2025-06-03
"10002555","146359","2802","7","393",5,Digital Wallet,2025-10-23
"10002556","72049","1069","11","557",8,Credit Card,2025-05-18
"10002557","149085","1188","20","584",20,Credit Card,2025-12-10
"10002558","81557","1062","18","296",5,Digital Wallet,2025-09-30
"10002559","138334","1067","7","684",2,Credit Card,2025-03-10
"10002560","126797","1536","8","328",7,Credit Card,2025-07-28
"10002561","148538","2339","1","615",7,Cash,2025-10-22
"10002562","70493","2569","5","416",1,Digital Wallet,2025-10-06
"10002563","95719","2874","20","464",8,Digital Wallet,2025-02-15
"10002564","89225","2648","2","475",8,Cash,2025-01-26
"10002565","52710","1123","8","387",1,Credit Card,2025-10-25
"10002566","126099","1332","7","546",15,Cash,2025-12-19
"10002567","54212","2270","17","643",9,Digital Wallet,2025-06-24
"10002568","66002","2372","17","447",12,Credit Card,2025-04-28
"10002569","65261","2819","17","216",3,Cash,2025-10-30
"10002570","108618","2176","16","265",15,Cash,2025-04-30
"10002571","144727","2720","11","345",10,Cash,2025-10-02
"10002572","76297","2964","18","401",14,Points,2025-09-10
"10002573","149549","1342","7","638",1,Cash,2025-10-07
"10002574","91357","1238","4","451",10,Digital Wallet,2025-05-11
"10002575","137717","1607","15","506",17,Points,2025-03-17
"10002576","147454","3000","10","204",13,Digital Wallet,2025-10-19
"10002577","136862","2215","8","618",5,Points,2025-09-02
"10002578","103869","2214","11","424",3,Points,2025-05-03
"10002579","101360","2902","2","426",10,Points,2025-08-13
"10002580","67572","1888","20","636",17,Cash,2025-09-20
"10002581","89098","1283","3","612",1,Cash,2025-03-26
"10002582","96571","2464","19","619",3,Digital Wallet,2025-06-23
"10002583","106213","1085","10","567",4,Credit Card,2025-07-15
"10002584","138581","1544","10","615",8,Points,2025-04-09
"10002585","135884","1717","8","690",6,Points,2025-03-10
"10002586","78993","2153","15","434",8,Points,2025-03-04
"10002587","72227","2069","18","587",11,Cash,2025-06-30
"10002588","88671","2563","14","370",17,Cash,2025-03-15
"10002589","149247","1282","1","560",6,Cash,2025-10-28
"10002590","134846","1467","15","255",19,Credit Card,2025-11-23
"10002591","75892","1103","1","460",8,Cash,2025-07-16
"10002592","81115","2636","10","599",12,Credit Card,2025-12-28
"10002593","78340","2862","19","598",13,Credit Card,2025-08-16
"10002594","120457","2411","13","358",2,Digital Wallet,2025-02-20
"10002595","53096","2623","10","254",10,Digital Wallet,2025-04-09
"10002596","149153","1875","20","405",5,Cash,2025-11-04
"10002597","52432","1357","12","457",14,Credit Card,2025-11-23
"10002598","113127","2864","7","353",16,Points,2025-02-28
"10002599","52939","1785","1","699",1,Cash,2025-01-07
"10002600","98620","1014","6","551",10,Digital Wallet,2025-11-22
"10002601","63893","1398","14","685",13,Cash,2025-11-11
"10002602","78902","1100","20","278",1,Cash,2025-03-18
"10002603","75648","1161","5","635",9,Cash,2025-06-20
"10002604","124884","2797","17","675",17,Points,2025-11-06
"10002605","102855","1189","4","500",15,Points,2025-04-10
"10002606","102742","2430","4","305",1,Digital Wallet,2025-07-21
"10002607","134720","2405","3","679",11,Points,2025-02-08
"10002608","54542","2966","10","547",11,Credit Card,2025-03-09
"10002609","100619","1254","18","445",17,Points,2025-04-01
"10002610","133585","2818","12","391",2,Digital Wallet,2025-06-05
"10002611","115333","2020","12","402",8,Cash,2025-01-30
"10002612","138320","2400","3","482",9,Digital Wallet,2025-10-08
"10002613","135053","2348","18","656",6,Credit Card,2025-06-02
"10002614","97493","2532","19","498",7,Credit Card,2025-08-02
"10002615","55843","2497","16","655",4,Cash,2025-05-07
"10002616","79865","2448","3","549",12,Digital Wallet,2025-12-27
"10002617","73189","2328","19","393",7,Credit Card,2025-05-21
"10002618","64169","2037","15","655",11,Credit Card,2025-08-30
"10002619","59820","1817","20","608",9,Digital Wallet,2025-05-28
"10002620","127027","2935","6","398",1,Points,2025-05-13
"10002621","108273","2478","13","258",17,Points,2025-01-17
"10002622","89452","2781","16","534",6,Points,2025-01-25
"10002623","137113","2970","7","429",11,Cash,2025-12-11
"10002624","100075","1560","3","472",13,Cash,2025-04-03
"10002625","145079","1811","7","654",20,Credit Card,2025-11-11
"10002626","113045","2141","13","412",20,Credit Card,2025-01-31
"10002627","102926","1303","13","626",6,Credit Card,2025-05-06
"10002628","62574","2007","9","326",11,Cash,2025-10-01
"10002629","115837","2986","10","391",14,Digital Wallet,2025-05-19
"10002630","99289","1324","4","470",11,Points,2025-06-12
"10002631","134647","2515","8","294",19,Points,2025-05-10
"10002632","87727","1507","9","658",19,Points,2025-06-25
"10002633","141902","2065","2","228",18,Digital Wallet,2025-04-12
"10002634","121405","2441","12","642",13,Points,2025-08-12
"10002635","106909","2094","7","434",5,Credit Card,2025-11-29
"10002636","75908","2007","8","521",6,Digital Wallet,2025-09-15
"10002637","56688","1837","8","493",1,Digital Wallet,2025-02-02
"10002638","107714","1661","1","267",14,Credit Card,2025-07-27
"10002639","110634","2885","11","507",17,Points,2025-12-23
"10002640","119618","2798","16","308",7,Credit Card,2025-12-15
"10002641","85832","2572","1","574",19,Digital Wallet,2025-05-11
"10002642","135137","2145","19","458",20,Digital Wallet,2025-05-21
"10002643","116664","1225","18","624",19,Credit Card,2025-01-13
"10002644","149186","1360","13","442",2,Credit Card,2025-09-28
"10002645","129726","1981","3","271",18,Credit Card,2025-11-25
"10002646","121791","1589","4","568",9,Cash,2025-11-03
"10002647","148258","2334","4","652",7,Digital Wallet,2025-04-27
"10002648","57060","2548","5","551",14,Cash,2025-12-22
"10002649","66070","1409","11","464",16,Credit Card,2025-06-23
"10002650","93928","2018","3","467",12,Digital Wallet,2025-01-25
"10002651","126161","1751","19","304",3,Credit Card,2025-05-24
"10002652","134380","1418","12","208",4,Digital Wallet,2025-04-17
"10002653","85790","2255","7","393",12,Digital Wallet,2025-08-15
"10002654","89332","1554","16","663",12,Cash,2025-08-27
"10002655","58969","2884","12","476",13,Digital Wallet,2025-09-22
"10002656","95214","2693","18","244",16,Cash,2025-03-30
"10002657","57990","2979","11","318",19,Credit Card,2025-05-23
"10002658","104195","1905","4","408",6,Cash,2025-08-01
"10002659","70711","3000","8","616",6,Digital Wallet,2025-07-11
"10002660","145060","1839","2","699",17,Credit Card,2025-07-22
"10002661","131993","1945","13","564",4,Cash,2025-07-24
"10002662","76457","1940","6","300",15,Credit Card,2025-11-17
"10002663","115304","2697","18","634",9,Points,2025-01-09
"10002664","90387","2827","7","548",1,Digital Wallet,2025-11-02
"10002665","132523","2983","20","208",17,Points,2025-11-28
"10002666","123045","1082","16","487",17,Credit Card,2025-01-24
"10002667","122047","1459","5","354",19,Points,2025-03-22
"10002668","131189","1192","3","324",8,Digital Wallet,2025-09-17
"10002669","86913","1497","9","494",4,Cash,2025-09-15
"10002670","110091","1959","5","264",7,Points,2025-02-10
"10002671","86679","1810","18","403",6,Credit Card,2025-07-15
"10002672","120319","1933","13","355",13,Cash,2025-06-25
"10002673","53324","2642","3","606",11,Cash,2025-06-02
"10002674","58625","1149","20","459",13,Points,2025-12-05
"10002675","137974","1408","20","225",20,Credit Card,2025-06-21
"10002676","57644","1176","1","517",6,Points,2025-05-27
"10002677","102357","2506","4","685",19,Points,2025-12-10
"10002678","115054","1187","5","628",6,Credit Card,2025-04-02
"10002679","98274","1012","12","669",18,Points,2025-11-05
"10002680","142835","2906","14","398",8,Cash,2025-04-15
"10002681","68667","2124","10","546",6,Cash,2025-05-04
"10002682","102378","1714","2","345",11,Credit Card,2025-06-28
"10002683","98469","2168","6","444",8,Points,2025-12-24
"10002684","56963","1284","7","606",3,Points,2025-09-19
"10002685","121414","1393","18","679",1,Credit Card,2025-01-10
"10002686","99162","1796","19","634",15,Points,2025-02-15
"10002687","67932","2524","5","477",3,Credit Card,2025-05-30
"10002688","137764","1523","1","578",17,Cash,2025-07-17
"10002689","70688","1553","10","566",4,Credit Card,2025-02-01
"10002690","132147","1373","15","294",19,Digital Wallet,2025-12-25
"10002691","126790","1263","9","589",5,Digital Wallet,2025-01-23
"10002692","56349","2187","16","501",19,Credit Card,2025-10-10
"10002693","60706","1928","12","348",14,Cash,2025-04-06
"10002694","104180","2520","16","377",11,Digital Wallet,2025-04-11
"10002695","73866","2698","13","420",6,Credit Card,2025-09-25
"10002696","95990","2080","10","575",19,Cash,2025-08-14
"10002697","60497","1795","15","610",6,Digital Wallet,2025-08-09
"10002698","66971","1596","11","398",1,Credit Card,2025-03-29
"10002699","91431","1395","4","414",1,Points,2025-08-11
"10002700","67941","1344","12","543",13,Digital Wallet,2025-03-06
"10002701","133834","2379","3","678",19,Points,2025-04-21
"10002702","126358","1404","18","686",12,Digital Wallet,2025-11-04
"10002703","125929","2540","4","464",12,Digital Wallet,2025-01-31
"10002704","73821","2407","4","215",15,Points,2025-06-24
"10002705","85037","2057","13","638",17,Digital Wallet,2025-06-28
"10002706","120447","2578","14","338",2,Credit Card,2025-09-18
"10002707","100948","1355","14","447",19,Points,2025-03-26
"10002708","83780","2052","7","328",6,Cash,2025-10-19
"10002709","66014","2101","19","526",17,Points,2025-04-01
"10002710","101140","1428","18","384",4,Cash,2025-01-24
"10002711","68002","1796","2","677",11,Cash,2025-03-05
"10002712","115956","1490","15","248",20,Digital Wallet,2025-12-20
"10002713","141431","1094","4","367",13,Digital Wallet,2025-04-20
"10002714","56566","2887","1","449",4,Cash,2025-05-30
"10002715","114227","1106","15","471",17,Digital Wallet,2025-12-11
"10002716","148176","1937","16","440",15,Cash,2025-01-08
"10002717","122237","1205","2","320",20,Points,2025-11-21
"10002718","123627","1001","12","491",5,Points,2025-08-22
"10002719","103741","1449","10","449",15,Digital Wallet,2025-10-18
"10002720","53808","2029","17","251",3,Digital Wallet,2025-01-24
"10002721","54563","2225","17","456",3,Cash,2025-08-20
"10002722","142660","1449","5","568",7,Cash,2025-04-25
"10002723","86621","1838","5","605",11,Cash,2025-05-04
"10002724","62156","1290","5","669",19,Credit Card,2025-07-15
"10002725","67482","1097","14","493",8,Cash,2025-03-23
"10002726","110776","2003","10","284",19,Points,2025-08-09
"10002727","130501","1751","10","317",6,Digital Wallet,2025-05-24
"10002728","86575","2231","10","467",12,Digital Wallet,2025-05-03
"10002729","81638","2062","9","558",10,Digital Wallet,2025-07-01
"10002730","116463","2312","19","400",12,Points,2025-03-21
"10002731","67044","2909","10","443",4,Points,2025-10-25
"10002732","122525","1865","17","623",2,Digital Wallet,2025-02-18
"10002733","118327","2301","3","613",11,Digital Wallet,2025-11-11
"10002734","118695","2674","7","552",3,Points,2025-06-18
"10002735","54964","1526","1","207",8,Credit Card,2025-01-25
"10002736","99088","1411","8","406",18,Digital Wallet,2025-07-08
"10002737","67160","1100","11","657",18,Cash,2025-01-28
"10002738","65534","1930","11","372",7,Digital Wallet,2025-02-06
"10002739","68242","1651","20","370",18,Digital Wallet,2025-04-03
"10002740","63543","1150","20","201",16,Cash,2025-03-19
"10002741","140191","1626","3","533",4,Digital Wallet,2025-01-01
"10002742","101406","1481","17","349",13,Points,2025-10-30
"10002743","111863","1103","17","505",7,Digital Wallet,2025-02-07
"10002744","139731","1915","13","467",6,Points,2025-12-25
"10002745","146860","1534","2","374",19,Points,2025-10-07
"10002746","54075","1735","16","484",13,Cash,2025-09-17
"10002747","126672","2346","15","250",17,Cash,2025-05-23
"10002748","91973","2659","1","221",20,Points,2025-06-10
"10002749","54124","2489","8","689",10,Digital Wallet,2025-07-07
"10002750","61095","1918","10","432",13,Credit Card,2025-12-02
"10002751","115677","2099","14","388",20,Cash,2025-12-23
"10002752","145744","1397","8","417",9,Cash,2025-04-16
"10002753","132159","1055","11","231",14,Points,2025-08-12
"10002754","52554","1516","2","480",11,Cash,2025-11-17
"10002755","141034","1429","10","545",8,Points,2025-07-23
"10002756","138894","1500","2","531",9,Cash,2025-07-26
"10002757","130554","2409","1","229",10,Credit Card,2025-04-04
"10002758","146314","1501","3","525",19,Credit Card,2025-02-20
"10002759","138162","1761","4","223",5,Digital Wallet,2025-08-30
"10002760","68487","1303","5","432",7,Credit Card,2025-05-17
"10002761","90621","2695","19","441",4,Points,2025-04-06
"10002762","60443","1630","20","670",5,Credit Card,2025-11-29
"10002763","117711","2619","5","615",12,Digital Wallet,2025-12-03
"10002764","127482","1720","17","616",8,Digital Wallet,2025-05-01
"10002765","88775","1890","18","360",1,Points,2025-10-09
"10002766","131333","1814","19","343",11,Cash,2025-03-21
"10002767","103296","2692","14","345",13,Points,2025-09-18
"10002768","74017","2458","10","605",4,Points,2025-09-16
"10002769","120876","1819","1","276",7,Credit Card,2025-12-09
"10002770","148105","2837","3","585",18,Cash,2025-11-13
"10002771","70810","2666","20","223",9,Cash,2025-09-11
"10002772","142100","2191","4","206",15,Credit Card,2025-09-17
"10002773","70621","2908","15","375",3,Points,2025-05-13
"10002774","134951","2941","9","209",8,Points,2025-05-22
"10002775","121262","1296","19","546",17,Credit Card,2025-05-25
"10002776","126820","1916","4","507",6,Points,2025-09-07
"10002777","123717","1718","16","366",18,Points,2025-10-08
"10002778","101181","2295","8","459",16,Points,2025-07-20
"10002779","125534","1491","4","336",7,Points,2025-05-27
"10002780","94205","2301","19","577",6,Digital Wallet,2025-11-21
"10002781","95263","2621","12","651",12,Credit Card,2025-11-03
"10002782","118378","1024","18","669",10,Cash,2025-08-06
"10002783","131741","1343","10","653",4,Digital Wallet,2025-12-06
"10002784","73664","2454","20","355",11,Points,2025-04-02
"10002785","106784","2160","19","353",4,Points,2025-10-14
"10002786","71264","2442","13","359",13,Points,2025-07-24
"10002787","110466","1261","15","644",18,Credit Card,2025-08-12
"10002788","95636","1058","12","458",17,Points,2025-02-02
"10002789","107828","1059","12","612",20,Cash,2025-12-25
"10002790","58802","1963","12","506",4,Credit Card,2025-02-05
"10002791","91013","1618","18","611",5,Credit Card,2025-06-26
"10002792","147534","2635","2","413",18,Points,2025-11-23
"10002793","54670","2139","18","329",9,Points,2025-04-24
"10002794","69459","2825","12","311",18,Digital Wallet,2025-04-15
"10002795","84493","1017","15","371",19,Cash,2025-07-12
"10002796","68879","2540","1","393",3,Credit Card,2025-03-26
"10002797","112071","1627","7","539",15,Cash,2025-06-21
"10002798","141371","2354","11","269",4,Digital Wallet,2025-12-26
"10002799","137202","1831","16","350",17,Points,2025-06-21
"10002800","132065","1658","3","329",16,Digital Wallet,2025-07-26
"10002801","81015","1794","18","693",7,Digital Wallet,2025-03-31
"10002802","70438","2910","18","233",3,Cash,2025-12-11
"10002803","73498","2902","11","529",16,Digital Wallet,2025-11-16
"10002804","130960","1111","17","336",12,Credit Card,2025-01-04
"10002805","68381","1122","19","601",12,Digital Wallet,2025-06-22
"10002806","84571","1011","1","532",9,Cash,2025-12-04
"10002807","121020","1485","2","432",3,Digital Wallet,2025-10-30
"10002808","57408","1985","15","280",2,Points,2025-01-16
"10002809","124884","2263","14","415",6,Cash,2025-04-25
"10002810","54038","1727","11","383",3,Points,2025-04-27
"10002811","96635","1955","18","611",16,Digital Wallet,2025-04-07
"10002812","132777","2306","19","621",5,Cash,2025-04-07
"10002813","106736","1841","16","547",17,Cash,2025-05-05
"10002814","102201","2480","13","508",19,Credit Card,2025-02-13
"10002815","70722","2083","18","239",6,Credit Card,2025-09-07
"10002816","144362","1058","13","399",19,Points,2025-04-08
"10002817","85861","2342","12","253",11,Points,2025-07-09
"10002818","134753","2074","9","653",16,Points,2025-05-13
"10002819","71133","1521","14","434",11,Digital Wallet,2025-12-02
"10002820","114325","2815","14","430",8,Points,2025-09-17
"10002821","116934","1183","14","489",6,Points,2025-07-07
"10002822","128368","2084","12","556",15,Digital Wallet,2025-04-20
"10002823","105053","2624","9","355",9,Digital Wallet,2025-02-18
"10002824","57163","1297","3","369",6,Digital Wallet,2025-03-09
"10002825","76485","2392","5","662",18,Digital Wallet,2025-03-28
"10002826","85595","2451","4","679",16,Digital Wallet,2025-03-24
"10002827","68035","1640","13","341",14,Digital Wallet,2025-07-06
"10002828","63576","2170","17","243",13,Points,2025-02-02
"10002829","91662","1387","12","232",10,Cash,2025-06-16
"10002830","72123","2672","17","365",2,Cash,2025-04-08
"10002831","80912","1628","16","268",14,Digital Wallet,2025-01-16
"10002832","116484","1745","9","633",5,Credit Card,2025-04-12
"10002833","63708","1989","17","225",12,Digital Wallet,2025-04-15
"10002834","137564","2828","15","521",10,Digital Wallet,2025-06-16
"10002835","93521","2641","9","682",5,Credit Card,2025-09-23
"10002836","80768","2623","6","678",6,Points,2025-05-04
"10002837","132916","2060","16","290",8,Credit Card,2025-07-11
"10002838","140297","2194","20","325",8,Cash,2025-04-14
"10002839","51206","1469","17","269",3,Digital Wallet,2025-12-22
"10002840","64130","2581","18","500",12,Digital Wallet,2025-02-01
"10002841","143767","1562","9","281",2,Credit Card,2025-11-21
"10002842","123410","2854","3","610",4,Points,2025-07-18
"10002843","104476","1566","20","689",1,Digital Wallet,2025-02-13
"10002844","113569","1738","1","317",10,Credit Card,2025-09-29
"10002845","118565","2948","10","431",20,Credit Card,2025-10-14
"10002846","122529","1941","10","400",12,Digital Wallet,2025-08-31
"10002847","83923","2999","6","357",12,Points,2025-05-26
"10002848","140442","2288","16","346",20,Cash,2025-05-22
"10002849","95366","2479","1","466",19,Credit Card,2025-03-30
"10002850","141073","1606","17","400",14,Digital Wallet,2025-01-18
"10002851","81288","1952","6","212",13,Digital Wallet,2025-01-22
"10002852","88461","1913","14","543",4,Credit Card,2025-08-15
"10002853","61542","1575","9","320",19,Points,2025-03-27
"10002854","132194","1549","7","680",1,Cash,2025-04-16
"10002855","98439","1136","20","478",11,Digital Wallet,2025-12-29
"10002856","83698","2629","16","413",10,Digital Wallet,2025-04-10
"10002857","139347","2129","13","385",9,Credit Card,2025-02-23
"10002858","72110","2590","5","480",20,Digital Wallet,2025-01-20
"10002859","87892","1425","17","632",7,Cash,2025-07-12
"10002860","69053","2253","1","300",10,Digital Wallet,2025-10-15
"10002861","136993","2806","7","548",16,Cash,2025-06-07
"10002862","73394","1290","8","429",9,Credit Card,2025-10-29
"10002863","114083","1682","17","396",5,Digital Wallet,2025-05-12
"10002864","64364","2248","2","416",16,Digital Wallet,2025-04-14
"10002865","57523","2984","18","235",18,Cash,2025-11-10
"10002866","117343","2042","18","539",7,Credit Card,2025-04-18
"10002867","140182","2898","6","552",2,Points,2025-01-18
"10002868","70364","2301","19","616",9,Points,2025-05-17
"10002869","70172","2797","8","519",11,Credit Card,2025-05-20
"10002870","130359","2106","9","638",10,Credit Card,2025-08-13
"10002871","145494","2742","11","608",14,Credit Card,2025-02-16
"10002872","112747","1764","11","319",4,Credit Card,2025-09-05
"10002873","142675","2648","12","568",5,Credit Card,2025-07-31
"10002874","66014","1027","1","430",17,Points,2025-12-02
"10002875","91771","1124","1","357",2,Credit Card,2025-08-02
"10002876","110234","2429","16","359",18,Cash,2025-06-25
"10002877","106609","2030","10","688",4,Digital Wallet,2025-12-09
"10002878","59021","2424","8","380",11,Digital Wallet,2025-03-07
"10002879","55145","2869","7","528",8,Digital Wallet,2025-06-09
"10002880","105282","2179","16","279",3,Points,2025-10-02
"10002881","123486","2578","7","265",17,Points,2025-05-07
"10002882","132235","2106","11","551",19,Cash,2025-12-12
"10002883","126870","1194","18","576",14,Cash,2025-08-18
"10002884","111570","1947","6","463",10,Credit Card,2025-07-19
"10002885","81924","2430","18","329",11,Points,2025-09-27
"10002886","83026","2317","5","329",8,Points,2025-09-02
"10002887","76613","2620","18","694",8,Cash,2025-01-25
"10002888","89157","1675","1","351",18,Credit Card,2025-06-29
"10002889","102376","1346","8","407",11,Credit Card,2025-05-22
"10002890","61291","1263","19","547",1,Points,2025-01-25
"10002891","69277","2958","20","473",8,Cash,2025-07-29
"10002892","108600","2141","16","448",19,Digital Wallet,2025-05-14
"10002893","87183","2305","20","486",9,Digital Wallet,2025-02-14
"10002894","58955","1050","4","464",4,Digital Wallet,2025-11-03
"10002895","81426","2210","10","253",5,Points,2025-01-10
"10002896","128544","1764","13","648",19,Points,2025-06-14
"10002897","50280","1362","10","654",4,Digital Wallet,2025-11-10
"10002898","106917","2061","16","534",17,Credit Card,2025-07-16
"10002899","102093","2661","13","613",7,Credit Card,2025-02-05
"10002900","133057","1145","13","441",9,Points,2025-03-01
"10002901","115684","1186","1","452",1,Digital Wallet,2025-08-25
"10002902","134023","1420","12","568",14,Cash,2025-11-13
"10002903","135533","2374","10","244",19,Digital Wallet,2025-06-05
"10002904","81136","2748","6","658",5,Points,2025-04-04
"10002905","94996","1777","16","438",6,Points,2025-08-17
"10002906","143302","1837","11","279",17,Cash,2025-01-05
"10002907","85537","2693","9","203",19,Digital Wallet,2025-12-07
"10002908","127279","2094","1","569",13,Credit Card,2025-06-04
"10002909","77070","1490","15","624",17,Credit Card,2025-02-27
"10002910","63641","1801","17","221",11,Digital Wallet,2025-08-07
"10002911","100424","2693","10","361",14,Credit Card,2025-03-05
"10002912","126613","1216","12","521",9,Points,2025-10-10
"10002913","106258","1157","19","457",8,Cash,2025-08-31
"10002914","59858","2282","3","377",19,Points,2025-06-16
"10002915","86466","1158","16","249",10,Digital Wallet,2025-07-15
"10002916","80435","1782","4","551",16,Credit Card,2025-02-22
"10002917","96459","1418","20","216",2,Cash,2025-05-02
"10002918","105224","1954","14","335",11,Digital Wallet,2025-10-19
"10002919","134503","2710","20","389",16,Cash,2025-05-14
"10002920","145882","2691","17","613",15,Cash,2025-12-06
"10002921","111718","1251","1","539",3,Credit Card,2025-07-07
"10002922","88025","2823","11","271",8,Credit Card,2025-03-01
"10002923","93524","2482","1","452",20,Digital Wallet,2025-08-27
"10002924","124916","2212","13","285",17,Cash,2025-05-06
"10002925","75362","2157","2","652",12,Digital Wallet,2025-05-27
"10002926","122692","2220","6","356",14,Digital Wallet,2025-05-20
"10002927","109851","2522","10","255",1,Credit Card,2025-12-16
"10002928","127828","2511","13","370",15,Points,2025-06-15
"10002929","117851","2783","15","611",11,Credit Card,2025-05-05
"10002930","142895","1282","20","309",2,Digital Wallet,2025-04-09
"10002931","118919","2119","5","507",20,Digital Wallet,2025-09-02
"10002932","143715","1028","18","415",6,Points,2025-08-18
"10002933","57550","2147","15","392",8,Credit Card,2025-04-10
"10002934","81016","2813","7","349",6,Credit Card,2025-06-09
"10002935","54736","1639","15","310",14,Digital Wallet,2025-07-24
"10002936","59594","2205","10","535",20,Points,2025-12-12
"10002937","143110","1160","4","687",16,Credit Card,2025-09-10
"10002938","69993","1372","3","411",13,Digital Wallet,2025-02-13
"10002939","118163","1471","8","549",15,Digital Wallet,2025-03-22
"10002940","123514","2442","4","270",3,Cash,2025-05-01
"10002941","142617","1988","13","288",14,Cash,2025-11-12
"10002942","116721","1337","3","558",3,Points,2025-03-30
"10002943","115032","1485","17","542",7,Points,2025-03-02
"10002944","67684","1124","11","397",12,Digital Wallet,2025-05-01
"10002945","142877","1552","2","255",13,Digital Wallet,2025-10-20
"10002946","50190","1230","5","627",12,Credit Card,2025-05-28
"10002947","145192","1315","15","201",9,Credit Card,2025-03-03
"10002948","68314","2935","20","396",3,Points,2025-06-13
"10002949","68701","1744","12","305",12,Points,2025-02-02
"10002950","126769","1389","15","238",15,Digital Wallet,2025-11-14
"10002951","146452","2027","10","541",3,Digital Wallet,2025-03-16
"10002952","83749","2477","17","492",20,Credit Card,2025-05-16
"10002953","88961","1008","11","536",11,Cash,2025-02-09
"10002954","64625","2671","18","595",1,Points,2025-05-02
"10002955","148214","2329","2","650",12,Digital Wallet,2025-06-18
"10002956","116842","2610","18","325",1,Credit Card,2025-10-31
"10002957","109563","2516","12","483",15,Credit Card,2025-11-03
"10002958","82557","1681","7","266",12,Digital Wallet,2025-05-23
"10002959","118182","2352","20","579",19,Digital Wallet,2025-09-29
"10002960","136579","2899","1","578",19,Points,2025-03-03
"10002961","62079","1464","1","506",13,Digital Wallet,2025-01-26
"10002962","128092","1599","17","545",17,Digital Wallet,2025-10-09
"10002963","105899","1792","20","650",7,Cash,2025-07-07
"10002964","88111","2082","7","585",20,Digital Wallet,2025-11-20
"10002965","84234","2664","16","583",17,Credit Card,2025-07-13
"10002966","96147","2911","3","415",13,Points,2025-10-10
"10002967","127979","1036","2","590",17,Credit Card,2025-11-15
"10002968","84932","1039","19","433",15,Digital Wallet,2025-01-31
"10002969","112338","1489","12","682",19,Digital Wallet,2025-06-10
"10002970","97920","2119","16","476",19,Credit Card,2025-06-10
"10002971","54805","2366","15","605",6,Cash,2025-04-15
"10002972","55867","2005","10","335",12,Cash,2025-08-13
"10002973","110851","2462","2","374",7,Cash,2025-02-12
"10002974","104590","1969","8","241",18,Points,2025-04-20
"10002975","117173","1738","8","642",19,Points,2025-04-24
"10002976","122913","1641","12","674",6,Credit Card,2025-07-14
"10002977","141060","2433","17","377",6,Digital Wallet,2025-04-06
"10002978","62718","2462","16","247",13,Cash,2025-05-28
"10002979","91269","2303","13","292",1,Digital Wallet,2025-03-30
"10002980","142497","2252","17","527",19,Digital Wallet,2025-08-19
"10002981","106370","1600","8","263",1,Digital Wallet,2025-06-24
"10002982","148562","1509","4","355",4,Credit Card,2025-09-13
"10002983","112982","1137","19","245",9,Cash,2025-08-28
"10002984","57118","1154","11","420",7,Points,2025-08-31
"10002985","120521","2115","14","376",8,Cash,2025-01-26
"10002986","68942","1954","11","424",10,Digital Wallet,2025-09-02
"10002987","133949","1790","5","457",15,Digital Wallet,2025-05-11
"10002988","120728","2895","13","327",20,Cash,2025-09-24
"10002989","62277","2916","7","647",3,Points,2025-12-22
"10002990","58090","2975","13","374",4,Digital Wallet,2025-08-18
"10002991","112022","2959","16","263",5,Points,2025-03-18
"10002992","90264","2236","12","292",5,Credit Card,2025-05-28
"10002993","102735","1074","12","477",19,Credit Card,2025-12-26
"10002994","62335","1873","2","516",5,Cash,2025-09-23
"10002995","51064","1452","3","383",11,Cash,2025-06-15
"10002996","148270","2946","10","649",15,Credit Card,2025-09-09
"10002997","124975","1658","14","260",17,Points,2025-07-24
"10002998","134841","2302","12","673",19,Cash,2025-11-02
"10002999","141181","1810","16","223",9,Credit Card,2025-05-31
"10003000","122397","1511","17","572",20,Digital Wallet,2025-04-07
"10003001","129121","1328","2","622",2,Cash,2025-07-05
"10003002","137365","2686","4","656",15,Credit Card,2025-01-17
"10003003","85455","2509","7","545",8,Cash,2025-02-16
"10003004","127445","2237","11","310",5,Digital Wallet,2025-11-15
"10003005","66776","1246","6","590",2,Cash,2025-12-16
"10003006","68083","1685","4","526",8,Digital Wallet,2025-07-07
"10003007","137237","1644","16","650",3,Digital Wallet,2025-05-16
"10003008","71331","1052","18","588",13,Digital Wallet,2025-04-07
"10003009","79320","1279","1","338",7,Digital Wallet,2025-07-28
"10003010","79139","1190","1","516",9,Credit Card,2025-02-16
"10003011","127915","2524","8","439",20,Credit Card,2025-06-16
"10003012","135044","2489","3","437",8,Cash,2025-07-30
"10003013","95691","2314","16","231",20,Points,2025-08-19
"10003014","125646","1527","18","356",16,Credit Card,2025-05-29
"10003015","82987","2780","17","463",19,Digital Wallet,2025-11-29
"10003016","117859","1166","16","507",8,Points,2025-12-25
"10003017","129234","1111","1","258",9,Digital Wallet,2025-08-28
"10003018","70526","1988","5","587",9,Digital Wallet,2025-09-20
"10003019","112739","1478","14","298",12,Cash,2025-03-18
"10003020","129807","1118","9","697",1,Points,2025-08-01
"10003021","55687","2461","19","619",2,Digital Wallet,2025-12-04
"10003022","124223","2423","11","507",17,Points,2025-02-01
"10003023","113815","1409","8","564",4,Points,2025-06-20
"10003024","54153","1296","11","385",3,Cash,2025-05-17
"10003025","124578","2759","2","672",11,Cash,2025-02-14
"10003026","87103","2917","2","323",13,Credit Card,2025-12-17
"10003027","51401","1995","3","541",9,Points,2025-07-24
"10003028","120142","1327","6","589",16,Credit Card,2025-07-16
"10003029","85085","1116","1","220",15,Digital Wallet,2025-04-17
"10003030","137617","2193","5","647",16,Credit Card,2025-11-23
"10003031","112953","1452","7","695",17,Points,2025-10-07
"10003032","135542","1763","5","411",14,Cash,2025-09-23
"10003033","100427","1116","1","274",11,Digital Wallet,2025-08-29
"10003034","67481","2151","9","308",19,Digital Wallet,2025-08-24
"10003035","142068","1627","11","594",3,Digital Wallet,2025-04-10
"10003036","138820","1342","11","597",16,Cash,2025-09-04
"10003037","113393","1638","2","554",16,Credit Card,2025-06-20
"10003038","100547","2538","6","243",19,Cash,2025-07-02
"10003039","117452","2340","19","302",11,Digital Wallet,2025-05-12
"10003040","50198","1112","12","209",10,Credit Card,2025-09-14
"10003041","123763","1428","7","210",15,Digital Wallet,2025-01-23
"10003042","51286","2019","5","235",15,Cash,2025-08-08
"10003043","50239","1415","12","364",7,Credit Card,2025-03-22
"10003044","124041","2527","10","596",17,Credit Card,2025-11-11
"10003045","115672","2814","17","648",4,Digital Wallet,2025-05-12
"10003046","120682","1846","10","216",7,Cash,2025-08-24
"10003047","73143","2050","8","332",15,Digital Wallet,2025-04-22
"10003048","146718","1649","17","655",18,Digital Wallet,2025-07-25
"10003049","80511","2005","12","594",19,Credit Card,2025-03-01
"10003050","147505","1840","9","223",10,Points,2025-08-05
"10003051","85010","2928","13","343",11,Cash,2025-09-05
"10003052","51817","1250","12","201",20,Digital Wallet,2025-09-18
"10003053","131157","2568","9","444",9,Cash,2025-01-12
"10003054","144316","1383","6","224",18,Digital Wallet,2025-10-26
"10003055","119842","2744","2","624",10,Credit Card,2025-06-05
"10003056","85628","1139","19","251",9,Points,2025-10-08
"10003057","70935","1913","4","242",7,Digital Wallet,2025-03-18
"10003058","63404","1388","15","469",7,Digital Wallet,2025-08-31
"10003059","143020","1364","10","413",2,Digital Wallet,2025-08-12
"10003060","124164","2309","6","350",16,Cash,2025-07-13
"10003061","120814","1948","4","250",19,Points,2025-06-02
"10003062","129977","1380","1","344",13,Cash,2025-09-01
"10003063","125847","1314","20","451",11,Credit Card,2025-12-14
"10003064","55679","1126","2","470",13,Points,2025-05-06
"10003065","119070","2003","1","464",9,Credit Card,2025-08-06
"10003066","93414","1760","19","573",12,Cash,2025-11-21
"10003067","51269","1922","12","368",4,Credit Card,2025-08-20
"10003068","73578","1310","1","453",4,Credit Card,2025-05-31
"10003069","76512","1136","11","263",15,Credit Card,2025-09-06
"10003070","93544","1593","10","481",20,Cash,2025-03-09
"10003071","84143","2499","6","263",7,Credit Card,2025-12-08
"10003072","63315","2882","7","469",14,Cash,2025-02-12
"10003073","84282","1407","7","463",20,Credit Card,2025-05-29
"10003074","105459","1452","2","384",18,Credit Card,2025-04-29
"10003075","113205","2028","14","225",2,Credit Card,2025-05-05
"10003076","90711","2202","17","455",18,Credit Card,2025-07-09
"10003077","106143","2946","4","660",19,Credit Card,2025-05-08
"10003078","126588","1679","10","480",5,Cash,2025-07-17
"10003079","70489","2857","9","652",18,Points,2025-05-29
"10003080","105526","1546","15","489",17,Credit Card,2025-01-30
"10003081","73660","2024","10","232",6,Points,2025-09-22
"10003082","62265","1890","11","642",15,Points,2025-04-21
"10003083","104330","2094","6","419",4,Points,2025-01-04
"10003084","67453","1674","17","270",1,Digital Wallet,2025-04-17
"10003085","134760","2390","2","500",17,Digital Wallet,2025-09-02
"10003086","95273","1618","13","696",17,Points,2025-04-19
"10003087","84121","2869","2","654",4,Points,2025-09-30
"10003088","119034","1627","9","469",16,Cash,2025-08-06
"10003089","98519","2485","3","227",7,Cash,2025-10-04
"10003090","111716","2660","15","408",11,Cash,2025-09-01
"10003091","108621","2745","17","282",18,Credit Card,2025-07-20
"10003092","130919","1627","6","444",3,Digital Wallet,2025-02-03
"10003093","97814","1941","12","597",2,Points,2025-06-23
"10003094","121980","1529","10","479",7,Credit Card,2025-06-05
"10003095","119286","2706","17","375",4,Digital Wallet,2025-08-02
"10003096","128640","2942","8","336",7,Digital Wallet,2025-01-26
"10003097","129276","1328","10","377",5,Credit Card,2025-08-13
"10003098","88340","1900","20","650",2,Points,2025-03-20
"10003099","130575","2065","10","550",6,Digital Wallet,2025-05-08
"10003100","66502","2226","17","464",1,Points,2025-06-01
"10003101","115484","2186","5","505",6,Digital Wallet,2025-09-06
"10003102","90604","2412","18","285",5,Cash,2025-01-04
"10003103","56985","2814","6","556",11,Digital Wallet,2025-10-28
"10003104","53014","2859","10","267",17,Points,2025-05-24
"10003105","142591","1023","16","475",3,Cash,2025-12-24
"10003106","146521","1873","17","634",18,Cash,2025-07-29
"10003107","109891","1535","18","635",6,Digital Wallet,2025-07-20
"10003108","94449","2577","2","519",19,Digital Wallet,2025-06-24
"10003109","65584","2025","16","286",6,Points,2025-10-14
"10003110","146320","2787","1","422",9,Cash,2025-09-20
"10003111","147496","2921","6","437",18,Cash,2025-01-10
"10003112","106733","1406","2","567",10,Points,2025-02-15
"10003113","79381","1966","4","560",18,Credit Card,2025-09-27
"10003114","123659","1508","14","382",20,Digital Wallet,2025-10-20
"10003115","109734","1023","2","531",16,Points,2025-11-30
"10003116","135058","2365","13","663",15,Points,2025-12-04
"10003117","75207","2564","1","383",2,Points,2025-09-23
"10003118","141885","1752","4","400",3,Digital Wallet,2025-06-10
"10003119","68912","2573","2","239",13,Cash,2025-04-05
"10003120","136338","1872","11","647",9,Cash,2025-04-30
"10003121","108000","1321","15","357",16,Points,2025-08-12
"10003122","56142","2135","12","300",9,Cash,2025-04-29
"10003123","51759","2325","11","390",6,Digital Wallet,2025-07-15
"10003124","145632","1426","3","384",8,Credit Card,2025-04-04
"10003125","104438","1653","6","644",5,Points,2025-11-17
"10003126","124909","2970","16","520",6,Cash,2025-03-01
"10003127","140544","2783","7","406",2,Points,2025-10-27
"10003128","56034","1227","15","276",2,Cash,2025-08-24
"10003129","136857","1229","7","433",14,Digital Wallet,2025-07-13
"10003130","93096","2506","12","402",1,Points,2025-10-13
"10003131","82130","2567","1","527",2,Credit Card,2025-06-21
"10003132","124457","2934","7","551",18,Digital Wallet,2025-04-01
"10003133","127346","2380","12","572",5,Digital Wallet,2025-12-20
"10003134","109189","2015","4","323",2,Points,2025-08-08
"10003135","85442","2051","2","282",8,Cash,2025-09-30
"10003136","149090","1470","14","685",10,Cash,2025-09-22
"10003137","143318","2892","7","423",13,Digital Wallet,2025-02-25
"10003138","67538","2932","3","547",9,Points,2025-04-22
"10003139","96157","2576","4","552",1,Cash,2025-03-03
"10003140","135092","2371","14","294",2,Digital Wallet,2025-12-03
"10003141","104526","1501","8","453",10,Cash,2025-11-14
"10003142","127638","2406","13","630",3,Credit Card,2025-07-04
"10003143","129690","1951","17","383",4,Digital Wallet,2025-08-31
"10003144","149231","1897","6","535",3,Digital Wallet,2025-09-07
"10003145","55720","1660","14","482",4,Cash,2025-10-06
"10003146","92614","1793","9","496",6,Points,2025-08-29
"10003147","76135","2996","3","566",9,Digital Wallet,2025-08-01
"10003148","132943","1203","5","404",14,Credit Card,2025-04-10
"10003149","149128","1423","10","354",10,Credit Card,2025-07-20
"10003150","138563","2375","15","341",10,Credit Card,2025-11-06
"10003151","148292","2616","11","246",3,Points,2025-01-25
"10003152","58362","2058","9","575",20,Points,2025-07-20
"10003153","94628","2760","16","594",14,Points,2025-05-23
"10003154","130569","2734","9","625",13,Credit Card,2025-10-27
"10003155","51041","1581","8","561",9,Digital Wallet,2025-06-24
"10003156","138821","1429","13","218",4,Digital Wallet,2025-12-12
"10003157","54542","2051","6","517",15,Cash,2025-03-22
"10003158","79617","1927","2","692",1,Digital Wallet,2025-06-20
"10003159","109064","1007","2","676",8,Digital Wallet,2025-05-07
"10003160","147959","1849","15","234",5,Credit Card,2025-06-20
"10003161","107012","1497","18","266",15,Cash,2025-03-23
"10003162","58374","2361","14","274",12,Points,2025-04-11
"10003163","109410","2845","7","283",4,Points,2025-07-01
"10003164","103853","1404","17","365",20,Cash,2025-03-07
"10003165","124885","2815","6","656",17,Cash,2025-02-20
"10003166","94704","2887","2","681",3,Credit Card,2025-06-20
"10003167","113923","1832","13","640",19,Points,2025-06-28
"10003168","101865","1665","12","700",20,Cash,2025-11-01
"10003169","50771","2168","20","606",8,Points,2025-08-26
"10003170","133074","1121","20","594",1,Digital Wallet,2025-12-05
"10003171","83173","1546","14","292",15,Cash,2025-09-08
"10003172","134441","2116","14","442",16,Digital Wallet,2025-04-29
"10003173","125789","1699","20","392",8,Points,2025-04-25
"10003174","59484","1059","3","555",18,Credit Card,2025-01-10
"10003175","77293","2142","6","588",8,Cash,2025-02-03
"10003176","65254","2922","9","400",15,Digital Wallet,2025-06-02
"10003177","145370","2658","15","646",7,Points,2025-03-06
"10003178","112537","1697","20","355",18,Cash,2025-02-28
"10003179","122466","2538","1","311",12,Digital Wallet,2025-09-27
"10003180","79919","1351","14","646",12,Cash,2025-09-22
"10003181","53395","1301","7","528",8,Points,2025-01-01
"10003182","71951","1877","7","302",18,Digital Wallet,2025-12-27
"10003183","73652","1976","11","452",9,Credit Card,2025-07-28
"10003184","109678","1931","16","549",5,Points,2025-05-28
"10003185","75510","1755","19","239",4,Cash,2025-08-08
"10003186","116079","2868","15","286",14,Points,2025-01-13
"10003187","79888","1659","18","557",12,Cash,2025-04-23
"10003188","63915","1178","1","337",6,Cash,2025-04-19
"10003189","57366","1759","4","388",14,Credit Card,2025-07-06
"10003190","83269","2691","7","292",16,Points,2025-12-28
"10003191","102126","1902","19","348",7,Points,2025-02-05
"10003192","125071","2524","19","429",12,Credit Card,2025-04-08
"10003193","78684","1554","2","417",4,Digital Wallet,2025-03-21
"10003194","137070","2397","19","659",12,Points,2025-09-29
"10003195","148238","2565","9","443",10,Points,2025-01-14
"10003196","69600","2299","14","268",14,Credit Card,2025-08-12
"10003197","65123","1948","11","539",1,Points,2025-07-16
"10003198","95708","1895","9","350",20,Points,2025-03-06
"10003199","146037","1069","11","459",20,Digital Wallet,2025-01-05
"10003200","94937","1052","14","657",1,Points,2025-10-09
"10003201","105260","2107","1","269",19,Cash,2025-01-10
"10003202","73119","2008","7","373",6,Digital Wallet,2025-09-13
"10003203","127397","1042","4","623",2,Digital Wallet,2025-05-15
"10003204","100286","1184","8","380",16,Credit Card,2025-10-12
"10003205","127659","2259","2","227",9,Digital Wallet,2025-12-01
"10003206","114823","2498","13","436",19,Digital Wallet,2025-04-17
"10003207","145449","1961","4","541",15,Credit Card,2025-03-23
"10003208","81636","1968","10","685",9,Points,2025-01-11
"10003209","55929","1161","17","603",20,Credit Card,2025-07-20
"10003210","142566","2774","16","554",3,Points,2025-06-10
"10003211","107574","1920","8","499",19,Cash,2025-11-12
"10003212","106799","2295","17","307",11,Points,2025-03-22
"10003213","116062","1487","8","460",17,Cash,2025-11-30
"10003214","76439","2596","17","674",4,Digital Wallet,2025-08-28
"10003215","64863","2643","7","273",9,Cash,2025-09-07
"10003216","80484","2455","9","380",7,Credit Card,2025-01-31
"10003217","149526","1548","6","631",17,Credit Card,2025-06-08
"10003218","51622","1229","11","403",15,Points,2025-09-11
"10003219","92922","1208","4","645",16,Points,2025-06-19
"10003220","144947","1554","13","468",1,Credit Card,2025-12-03
"10003221","69415","1169","4","326",15,Credit Card,2025-06-14
"10003222","94429","1370","15","615",1,Points,2025-08-17
"10003223","52656","1647","1","571",19,Digital Wallet,2025-04-20
"10003224","129480","1493","20","544",9,Credit Card,2025-03-15
"10003225","138845","2759","7","331",8,Digital Wallet,2025-09-21
"10003226","97084","2176","16","553",1,Credit Card,2025-04-05
"10003227","120446","1037","5","535",1,Digital Wallet,2025-12-02
"10003228","112379","2416","17","678",2,Digital Wallet,2025-02-17
"10003229","149485","1329","10","251",14,Digital Wallet,2025-10-06
"10003230","135072","2252","5","270",11,Digital Wallet,2025-09-19
"10003231","144640","2055","18","237",10,Cash,2025-12-19
"10003232","54832","2614","5","643",10,Cash,2025-05-18
"10003233","74553","2665","7","558",8,Credit Card,2025-05-09
"10003234","141221","1532","10","531",10,Points,2025-12-11
"10003235","98886","2815","1","651",17,Digital Wallet,2025-06-13
"10003236","99882","1948","10","542",11,Points,2025-09-04
"10003237","135895","2136","17","447",4,Digital Wallet,2025-10-11
"10003238","149371","2645","18","338",4,Credit Card,2025-12-24
"10003239","117950","1698","14","501",13,Digital Wallet,2025-03-22
"10003240","56833","1719","19","648",6,Digital Wallet,2025-04-27
"10003241","60192","1687","18","383",2,Credit Card,2025-09-09
"10003242","81496","1456","16","367",17,Points,2025-01-08
"10003243","102538","1773","17","352",9,Digital Wallet,2025-04-06
"10003244","53121","1972","15","642",6,Points,2025-10-29
"10003245","114037","1151","10","249",2,Digital Wallet,2025-12-07
"10003246","78365","1254","12","469",4,Cash,2025-01-30
"10003247","148877","1344","1","691",16,Points,2025-01-15
"10003248","142669","2926","12","303",19,Digital Wallet,2025-08-04
"10003249","53141","1103","9","606",2,Digital Wallet,2025-11-22
"10003250","116636","1066","10","548",6,Cash,2025-02-24
"10003251","92434","1650","1","285",19,Credit Card,2025-08-20
"10003252","75917","2174","9","255",1,Digital Wallet,2025-09-22
"10003253","145007","2619","19","680",18,Credit Card,2025-04-16
"10003254","111010","1394","20","387",20,Points,2025-01-18
"10003255","73070","2560","7","328",18,Cash,2025-08-08
"10003256","115835","1136","10","485",3,Cash,2025-09-06
"10003257","51113","2574","4","316",3,Credit Card,2025-04-03
"10003258","120890","2114","4","624",19,Cash,2025-10-25
"10003259","118854","1761","13","370",16,Digital Wallet,2025-05-04
"10003260","79266","1120","1","668",15,Cash,2025-09-28
"10003261","106258","1018","14","669",11,Digital Wallet,2025-12-22
"10003262","72193","2017","10","543",19,Digital Wallet,2025-10-23
"10003263","78135","1232","5","556",8,Digital Wallet,2025-03-14
"10003264","133739","2003","4","601",2,Points,2025-02-01
"10003265","126088","2407","4","432",13,Points,2025-02-13
"10003266","65296","1346","4","685",10,Digital Wallet,2025-03-09
"10003267","132858","1590","12","302",2,Credit Card,2025-09-09
"10003268","130994","2359","5","667",5,Points,2025-09-03
"10003269","87668","2396","4","429",7,Digital Wallet,2025-10-26
"10003270","125621","2421","6","285",2,Credit Card,2025-11-24
"10003271","149278","1236","13","466",18,Cash,2025-12-19
"10003272","53789","1445","1","275",11,Points,2025-06-17
"10003273","86310","2507","17","277",1,Points,2025-05-27
"10003274","133656","1300","18","686",18,Cash,2025-10-27
"10003275","81568","2142","5","385",16,Credit Card,2025-07-08
"10003276","132381","2219","16","381",9,Digital Wallet,2025-10-08
"10003277","75633","1526","2","445",7,Cash,2025-07-14
"10003278","110882","2084","17","340",8,Cash,2025-10-10
"10003279","92539","2026","3","386",18,Credit Card,2025-02-07
"10003280","98467","1926","11","232",13,Credit Card,2025-03-02
"10003281","108892","2757","18","278",6,Cash,2025-03-06
"10003282","53909","2265","11","243",6,Digital Wallet,2025-10-16
"10003283","79741","1577","19","344",9,Points,2025-05-15
"10003284","124899","1066","6","296",16,Points,2025-03-28
"10003285","91694","2467","10","486",3,Points,2025-01-29
"10003286","68198","2929","16","244",8,Digital Wallet,2025-05-15
"10003287","61112","1486","10","509",19,Credit Card,2025-02-12
"10003288","87708","1511","17","606",7,Credit Card,2025-01-20
"10003289","59177","1456","12","492",18,Points,2025-09-22
"10003290","55442","1027","6","433",15,Cash,2025-07-14
"10003291","121787","1210","5","270",8,Credit Card,2025-06-05
"10003292","80381","2365","4","515",20,Digital Wallet,2025-11-12
"10003293","80101","1369","12","609",1,Credit Card,2025-12-07
"10003294","56178","2559","14","389",7,Digital Wallet,2025-11-29
"10003295","122963","1912","19","689",9,Digital Wallet,2025-08-29
"10003296","111129","1767","11","220",15,Credit Card,2025-01-15
"10003297","149775","1413","6","348",6,Cash,2025-09-28
"10003298","144709","2846","14","213",20,Credit Card,2025-02-07
"10003299","130245","2157","13","652",4,Credit Card,2025-12-07
"10003300","60437","2620","6","497",6,Credit Card,2025-01-14
"10003301","104551","1677","14","308",12,Digital Wallet,2025-10-05
"10003302","51595","1498","8","379",7,Points,2025-10-02
"10003303","54360","2188","16","537",2,Cash,2025-07-30
"10003304","146965","1069","11","209",2,Points,2025-06-04
"10003305","139275","1263","20","542",13,Cash,2025-03-17
"10003306","122723","2956","12","592",17,Credit Card,2025-08-06
"10003307","73869","2433","9","587",8,Cash,2025-09-05
"10003308","94723","1049","16","526",9,Digital Wallet,2025-12-11
"10003309","133858","1586","10","346",14,Cash,2025-03-07
"10003310","141338","1158","15","473",6,Cash,2025-01-07
"10003311","51948","2626","12","631",1,Points,2025-04-09
"10003312","105842","1683","13","659",20,Digital Wallet,2025-01-01
"10003313","94017","2471","5","213",10,Points,2025-05-08
"10003314","113175","2873","15","380",19,Cash,2025-07-29
"10003315","99075","2460","19","225",10,Credit Card,2025-10-13
"10003316","68123","1100","15","432",11,Cash,2025-01-19
"10003317","107868","1747","8","423",2,Digital Wallet,2025-11-15
"10003318","100299","2715","15","484",16,Points,2025-04-24
"10003319","126853","1452","19","471",11,Points,2025-10-19
"10003320","52334","1445","15","685",4,Credit Card,2025-06-10
"10003321","101610","2492","7","354",3,Points,2025-12-07
"10003322","106613","2386","9","583",14,Credit Card,2025-03-25
"10003323","139211","2871","7","575",11,Digital Wallet,2025-01-17
"10003324","73827","2880","5","664",12,Cash,2025-09-06
"10003325","142643","2855","20","322",2,Credit Card,2025-06-03
"10003326","61686","2662","14","448",5,Digital Wallet,2025-12-25
"10003327","76579","1331","4","420",7,Credit Card,2025-12-12
"10003328","75781","2858","17","250",3,Digital Wallet,2025-08-29
"10003329","138436","1504","18","482",5,Points,2025-08-03
"10003330","135268","2435","13","566",12,Credit Card,2025-12-17
"10003331","106803","1783","16","281",8,Digital Wallet,2025-02-08
"10003332","122963","1036","14","475",5,Digital Wallet,2025-12-21
"10003333","114179","2359","1","392",20,Digital Wallet,2025-01-19
"10003334","123091","1851","17","530",3,Cash,2025-09-07
"10003335","75334","2891","4","500",13,Cash,2025-11-15
"10003336","54186","1116","8","209",6,Credit Card,2025-11-07
"10003337","55973","2131","12","658",14,Digital Wallet,2025-01-18
"10003338","94595","1213","7","226",3,Cash,2025-11-30
"10003339","123857","2783","20","403",13,Points,2025-03-17
"10003340","149726","2301","15","558",10,Cash,2025-05-02
"10003341","74156","2871","9","502",13,Cash,2025-09-21
"10003342","144261","2928","19","437",15,Points,2025-07-16
"10003343","105815","2170","3","519",10,Cash,2025-10-20
"10003344","133689","1259","17","515",3,Points,2025-05-05
"10003345","111399","1630","13","617",7,Cash,2025-10-12
"10003346","131373","2442","2","408",19,Cash,2025-02-13
"10003347","131914","2134","2","644",12,Cash,2025-12-04
"10003348","147399","2871","5","453",1,Points,2025-02-02
"10003349","58862","2075","2","276",13,Cash,2025-11-09
"10003350","126588","1533","15","349",9,Cash,2025-03-28
"10003351","92539","1158","18","661",11,Digital Wallet,2025-02-18
"10003352","75558","1526","9","583",7,Cash,2025-02-24
"10003353","66975","2398","10","506",15,Cash,2025-03-18
"10003354","79985","1567","16","443",4,Cash,2025-11-21
"10003355","65962","1796","12","626",8,Digital Wallet,2025-06-29
"10003356","89587","1094","17","275",2,Cash,2025-03-25
"10003357","135568","1414","14","664",3,Digital Wallet,2025-01-03
"10003358","73778","1604","15","292",8,Cash,2025-07-24
"10003359","116729","1317","9","420",1,Credit Card,2025-09-17
"10003360","124088","2175","19","293",17,Points,2025-08-14
"10003361","81819","1875","9","380",5,Cash,2025-02-20
"10003362","99445","1357","9","506",1,Digital Wallet,2025-09-02
"10003363","53437","1752","6","243",3,Credit Card,2025-07-14
"10003364","118034","2669","4","399",15,Credit Card,2025-11-09
"10003365","63717","2258","6","410",3,Digital Wallet,2025-05-04
"10003366","67259","1882","6","640",16,Digital Wallet,2025-06-30
"10003367","102019","2522","17","560",3,Cash,2025-07-18
"10003368","119049","1607","18","473",16,Digital Wallet,2025-03-23
"10003369","130861","2146","6","539",9,Cash,2025-07-14
"10003370","90791","1876","18","551",20,Points,2025-11-19
"10003371","111231","2377","19","306",20,Points,2025-02-15
"10003372","111562","2205","14","366",19,Credit Card,2025-11-10
"10003373","104641","2083","8","363",6,Cash,2025-12-01
"10003374","102815","2603","13","360",17,Points,2025-02-14
"10003375","111472","2622","20","307",1,Points,2025-10-05
"10003376","145439","2607","5","657",20,Digital Wallet,2025-06-16
"10003377","134865","1849","11","538",3,Credit Card,2025-02-16
"10003378","58977","2307","14","699",17,Points,2025-09-29
"10003379","140848","2086","12","309",14,Credit Card,2025-03-20
"10003380","74875","2637","16","466",3,Credit Card,2025-06-14
"10003381","119179","2094","2","417",1,Credit Card,2025-01-02
"10003382","111449","1536","18","243",1,Cash,2025-09-28
"10003383","55005","2179","14","686",17,Credit Card,2025-09-27
"10003384","128438","1543","16","257",9,Cash,2025-02-21
"10003385","86154","1293","20","530",13,Points,2025-09-30
"10003386","70660","2166","17","398",14,Digital Wallet,2025-10-13
"10003387","96872","2019","3","417",3,Credit Card,2025-07-02
"10003388","60215","1015","13","547",8,Points,2025-06-14
"10003389","121789","2348","5","569",3,Cash,2025-01-26
"10003390","81794","2199","12","287",9,Points,2025-10-01
"10003391","82392","2752","16","378",9,Points,2025-12-05
"10003392","91791","2747","13","446",4,Cash,2025-02-08
"10003393","83810","2316","19","402",11,Cash,2025-12-08
"10003394","104561","1966","13","295",12,Cash,2025-06-04
"10003395","94637","2213","1","577",5,Cash,2025-03-31
"10003396","65983","1461","19","436",13,Points,2025-12-16
"10003397","97528","2717","19","490",18,Points,2025-04-25
"10003398","90220","2995","1","343",8,Cash,2025-11-02
"10003399","119118","2930","14","261",6,Cash,2025-11-23
"10003400","74226","2413","12","344",18,Cash,2025-11-19
"10003401","112627","2813","6","605",10,Credit Card,2025-04-21
"10003402","126295","2092","10","558",19,Credit Card,2025-02-17
"10003403","121683","2653","15","638",12,Cash,2025-07-23
"10003404","127785","2052","2","355",17,Credit Card,2025-05-31
"10003405","86815","2846","10","232",5,Points,2025-09-25
"10003406","100486","1475","20","424",3,Cash,2025-08-12
"10003407","100985","1715","8","524",19,Cash,2025-01-21
"10003408","131420","2060","9","585",13,Credit Card,2025-01-02
"10003409","81456","2594","12","425",16,Credit Card,2025-11-15
"10003410","56391","2329","1","382",6,Digital Wallet,2025-09-08
"10003411","145191","1855","11","688",20,Digital Wallet,2025-08-29
"10003412","63080","1979","3","397",10,Digital Wallet,2025-06-23
"10003413","139382","1200","14","581",19,Points,2025-02-08
"10003414","116310","1252","18","598",14,Points,2025-09-15
"10003415","70118","2199","7","474",16,Digital Wallet,2025-11-18
"10003416","82498","1923","8","563",8,Cash,2025-07-23
"10003417","87245","1800","7","336",13,Points,2025-10-19
"10003418","137655","2029","11","631",16,Credit Card,2025-10-24
"10003419","104787","2172","16","308",20,Digital Wallet,2025-06-08
"10003420","77365","2440","14","364",14,Points,2025-02-23
"10003421","98145","2758","18","551",20,Cash,2025-01-12
"10003422","93944","1875","16","566",20,Digital Wallet,2025-08-08
"10003423","67183","1830","10","679",2,Cash,2025-10-05
"10003424","140913","1297","6","376",16,Credit Card,2025-03-15
"10003425","75861","1277","17","526",3,Cash,2025-07-26
"10003426","145952","1714","14","560",2,Credit Card,2025-03-13
"10003427","79431","1364","13","424",16,Digital Wallet,2025-03-10
"10003428","72609","1459","8","301",11,Cash,2025-04-17
"10003429","69928","1030","5","662",12,Points,2025-01-16
"10003430","74190","2899","14","412",18,Digital Wallet,2025-10-12
"10003431","77105","2608","12","279",1,Credit Card,2025-03-30
"10003432","57561","1588","3","456",17,Points,2025-01-08
"10003433","142399","2565","10","248",13,Credit Card,2025-09-07
"10003434","92694","2296","4","690",12,Credit Card,2025-05-23
"10003435","82129","1973","18","213",2,Points,2025-04-07
"10003436","103379","1759","20","640",3,Credit Card,2025-08-05
"10003437","130169","2453","8","319",8,Cash,2025-01-26
"10003438","130042","2773","3","670",2,Credit Card,2025-05-24
"10003439","148384","2557","14","224",11,Cash,2025-05-10
"10003440","99025","2269","14","391",3,Cash,2025-10-28
"10003441","110980","1099","14","499",2,Credit Card,2025-07-25
"10003442","70017","2659","4","481",10,Digital Wallet,2025-11-19
"10003443","63001","2347","8","253",20,Points,2025-08-26
"10003444","106666","1881","8","625",10,Credit Card,2025-04-07
"10003445","106167","2611","4","479",20,Points,2025-01-21
"10003446","90328","2282","8","601",8,Cash,2025-09-17
"10003447","145834","2376","4","670",20,Cash,2025-09-09
"10003448","93411","2513","16","620",19,Digital Wallet,2025-08-22
"10003449","58039","2190","8","223",2,Cash,2025-04-19
"10003450","132913","2817","14","286",5,Digital Wallet,2025-09-14
"10003451","129659","1147","1","626",15,Digital Wallet,2025-01-03
"10003452","110234","1772","12","652",14,Points,2025-10-05
"10003453","145119","1819","17","398",1,Credit Card,2025-03-20
"10003454","129293","2390","16","444",3,Points,2025-06-04
"10003455","96932","1433","19","256",19,Credit Card,2025-09-29
"10003456","52866","2302","2","323",18,Credit Card,2025-08-31
"10003457","92172","2759","18","532",8,Points,2025-06-24
"10003458","75236","1073","16","530",3,Points,2025-09-26
"10003459","68125","2613","2","265",20,Credit Card,2025-08-24
"10003460","64748","2061","11","689",20,Credit Card,2025-06-05
"10003461","62640","2411","4","551",18,Credit Card,2025-11-20
"10003462","106059","2346","5","568",14,Points,2025-05-16
"10003463","144314","1848","1","584",7,Digital Wallet,2025-05-01
"10003464","149199","1242","3","240",10,Credit Card,2025-12-04
"10003465","58348","1420","6","429",9,Credit Card,2025-10-11
"10003466","106386","2743","17","235",2,Credit Card,2025-11-14
"10003467","54781","1646","3","629",16,Points,2025-09-15
"10003468","91423","2751","20","442",19,Points,2025-05-09
"10003469","137973","1130","6","493",2,Cash,2025-02-03
"10003470","65102","2379","1","258",3,Credit Card,2025-08-17
"10003471","148254","2987","20","280",20,Credit Card,2025-09-08
"10003472","133442","2356","7","542",9,Digital Wallet,2025-06-05
"10003473","127955","1757","12","376",15,Cash,2025-01-11
"10003474","56699","2778","9","548",19,Credit Card,2025-06-09
"10003475","95004","1778","7","480",6,Points,2025-06-07
"10003476","91734","2526","5","564",16,Cash,2025-06-29
"10003477","86437","1366","12","554",20,Credit Card,2025-10-05
"10003478","113758","1458","19","203",14,Cash,2025-01-15
"10003479","63193","1489","20","694",17,Credit Card,2025-04-05
"10003480","125900","1567","2","219",4,Cash,2025-04-17
"10003481","84647","2482","8","450",8,Digital Wallet,2025-05-19
"10003482","51651","1657","1","419",1,Points,2025-12-01
"10003483","137521","1274","1","540",4,Points,2025-03-03
"10003484","132158","2740","12","323",9,Digital Wallet,2025-02-02
"10003485","119004","1366","3","251",4,Digital Wallet,2025-03-05
"10003486","67441","1743","9","658",15,Cash,2025-10-26
"10003487","132402","2215","12","653",14,Points,2025-02-24
"10003488","142775","1412","14","469",15,Points,2025-11-04
"10003489","104996","2996","5","428",10,Cash,2025-05-24
"10003490","51324","1613","17","528",2,Credit Card,2025-12-12
"10003491","59868","1666","7","635",10,Points,2025-07-30
"10003492","131146","3000","2","699",20,Points,2025-01-15
"10003493","77050","2629","7","281",8,Digital Wallet,2025-06-23
"10003494","68833","2288","8","303",12,Points,2025-10-27
"10003495","104528","1441","1","298",19,Digital Wallet,2025-12-22
"10003496","109659","1900","3","342",13,Points,2025-02-15
"10003497","107403","2156","11","648",11,Cash,2025-09-19
"10003498","75633","1777","7","667",19,Credit Card,2025-05-02
"10003499","130253","2280","14","438",13,Cash,2025-03-31
"10003500","124950","2708","4","278",12,Credit Card,2025-12-13
"10003501","117181","1391","19","380",10,Credit Card,2025-09-05
"10003502","66291","2834","5","244",5,Digital Wallet,2025-02-20
"10003503","119191","1880","5","547",4,Cash,2025-03-13
"10003504","56674","1590","12","285",2,Cash,2025-03-30
"10003505","60374","2387","4","374",6,Cash,2025-03-03
"10003506","68322","2177","12","501",3,Points,2025-07-29
"10003507","140181","1514","17","234",10,Points,2025-01-18
"10003508","106011","2042","15","558",10,Digital Wallet,2025-05-27
"10003509","70761","2449","8","616",9,Points,2025-11-27
"10003510","110844","2943","10","655",13,Cash,2025-10-29
"10003511","65295","2129","15","416",13,Credit Card,2025-12-20
"10003512","105236","1499","7","291",18,Credit Card,2025-06-23
"10003513","130645","1256","3","425",2,Cash,2025-06-01
"10003514","57512","1196","3","287",6,Points,2025-12-19
"10003515","61182","1707","14","429",8,Credit Card,2025-04-26
"10003516","103178","1185","20","465",5,Digital Wallet,2025-08-06
"10003517","87992","1020","19","574",4,Credit Card,2025-08-25
"10003518","99488","1072","2","545",20,Credit Card,2025-10-04
"10003519","128381","2276","17","316",8,Credit Card,2025-10-20
"10003520","124288","1874","13","371",11,Digital Wallet,2025-03-10
"10003521","71500","2954","3","465",3,Points,2025-06-13
"10003522","129891","2246","13","630",15,Digital Wallet,2025-07-05
"10003523","106696","1401","9","558",20,Points,2025-05-18
"10003524","102957","1731","15","420",13,Credit Card,2025-05-31
"10003525","132344","2454","20","214",3,Digital Wallet,2025-06-08
"10003526","126473","2892","1","629",19,Digital Wallet,2025-02-15
"10003527","110851","1646","1","283",16,Cash,2025-12-02
"10003528","111576","1963","16","440",7,Cash,2025-01-26
"10003529","141366","2675","2","584",13,Points,2025-07-31
"10003530","134741","2233","18","305",15,Credit Card,2025-10-19
"10003531","82245","2194","6","660",14,Digital Wallet,2025-12-14
"10003532","138520","2975","4","485",3,Cash,2025-10-17
"10003533","126463","2934","4","525",19,Credit Card,2025-07-04
"10003534","124825","1295","9","604",7,Digital Wallet,2025-08-04
"10003535","127387","1848","2","577",1,Points,2025-08-23
"10003536","80310","1669","14","211",1,Cash,2025-01-15
"10003537","129651","1646","19","234",13,Cash,2025-03-13
"10003538","55314","2814","9","481",6,Points,2025-07-11
"10003539","105513","2997","9","346",1,Cash,2025-04-28
"10003540","120520","2598","15","228",7,Credit Card,2025-07-20
"10003541","99042","1315","7","405",10,Credit Card,2025-05-17
"10003542","89909","2820","17","644",6,Digital Wallet,2025-05-16
"10003543","57159","1249","15","561",18,Cash,2025-07-25
"10003544","70843","2816","17","406",5,Digital Wallet,2025-03-14
"10003545","105442","2924","11","445",19,Credit Card,2025-04-29
"10003546","126881","1323","3","351",1,Digital Wallet,2025-12-30
"10003547","57316","1077","10","443",20,Digital Wallet,2025-08-29
"10003548","89883","1561","11","336",7,Credit Card,2025-08-22
"10003549","97233","1433","17","280",13,Digital Wallet,2025-09-13
"10003550","50458","2694","17","418",12,Points,2025-02-07
"10003551","146642","1690","12","342",17,Points,2025-09-14
"10003552","83411","1168","12","509",15,Cash,2025-05-06
"10003553","125951","1650","18","478",11,Credit Card,2025-11-30
"10003554","70547","1664","15","386",8,Digital Wallet,2025-03-23
"10003555","126027","1673","5","206",6,Credit Card,2025-12-09
"10003556","77756","1636","19","380",5,Credit Card,2025-11-05
"10003557","107077","1876","16","586",18,Digital Wallet,2025-06-25
"10003558","107462","2541","3","337",19,Cash,2025-12-08
"10003559","72049","2157","7","513",12,Points,2025-09-25
"10003560","107036","1146","1","449",6,Cash,2025-11-25
"10003561","71258","1186","13","293",3,Digital Wallet,2025-06-01
"10003562","73196","2616","4","324",3,Credit Card,2025-12-21
"10003563","60321","1708","2","588",17,Credit Card,2025-09-04
"10003564","138771","2066","18","476",18,Points,2025-07-09
"10003565","139002","1576","19","678",19,Credit Card,2025-11-28
"10003566","51360","1742","15","608",6,Cash,2025-06-18
"10003567","132235","1245","12","581",3,Points,2025-01-31
"10003568","62682","2423","13","247",11,Points,2025-06-25
"10003569","128821","1920","8","507",11,Cash,2025-09-29
"10003570","56118","1943","15","339",11,Digital Wallet,2025-01-06
"10003571","116997","1406","12","469",12,Digital Wallet,2025-01-22
"10003572","139712","2272","9","347",16,Cash,2025-11-03
"10003573","132997","1953","5","360",10,Points,2025-08-13
"10003574","51573","1066","6","345",19,Digital Wallet,2025-07-24
"10003575","91354","1295","19","226",8,Digital Wallet,2025-12-30
"10003576","123558","1338","8","691",16,Points,2025-06-03
"10003577","69032","2735","20","685",1,Credit Card,2025-12-03
"10003578","126484","1162","19","487",5,Cash,2025-02-18
"10003579","63947","1503","19","681",20,Digital Wallet,2025-07-24
"10003580","71907","2363","4","327",10,Credit Card,2025-10-29
"10003581","88675","2138","9","654",13,Digital Wallet,2025-06-11
"10003582","94832","1098","17","659",11,Points,2025-10-03
"10003583","131354","1353","15","311",19,Digital Wallet,2025-12-13
"10003584","76677","2364","9","597",8,Cash,2025-12-07
"10003585","56756","1302","16","309",18,Credit Card,2025-07-07
"10003586","71766","1889","19","261",10,Credit Card,2025-06-08
"10003587","56395","1399","11","540",11,Points,2025-10-17
"10003588","127624","2192","12","467",5,Points,2025-11-26
"10003589","90247","1281","11","282",20,Credit Card,2025-06-28
"10003590","113325","1327","6","652",10,Digital Wallet,2025-10-10
"10003591","125130","2082","5","474",3,Credit Card,2025-02-21
"10003592","89573","2079","8","300",5,Points,2025-11-25
"10003593","147840","1158","6","264",15,Points,2025-06-11
"10003594","133934","2361","9","432",14,Digital Wallet,2025-01-09
"10003595","138518","2187","13","242",8,Points,2025-05-02
"10003596","50175","1566","19","539",7,Points,2025-11-01
"10003597","58209","1450","10","658",6,Credit Card,2025-11-25
"10003598","112698","1338","13","577",14,Points,2025-01-25
"10003599","105457","1064","14","364",7,Digital Wallet,2025-05-08
"10003600","140349","2822","5","679",1,Cash,2025-06-21
"10003601","136085","2839","19","246",4,Credit Card,2025-01-18
"10003602","77756","2122","12","661",15,Credit Card,2025-10-16
"10003603","80464","2492","3","242",8,Cash,2025-08-04
"10003604","131913","1026","17","486",8,Cash,2025-01-19
"10003605","74142","1381","12","649",11,Credit Card,2025-09-04
"10003606","93430","1130","16","626",12,Digital Wallet,2025-03-25
"10003607","109311","1560","3","466",12,Points,2025-10-09
"10003608","144645","1200","17","372",13,Digital Wallet,2025-01-05
"10003609","95962","2651","20","558",8,Points,2025-07-08
"10003610","74396","1174","3","660",6,Credit Card,2025-03-28
"10003611","104193","1326","16","329",13,Points,2025-07-17
"10003612","131178","1009","7","620",9,Points,2025-12-18
"10003613","127124","1152","1","290",12,Credit Card,2025-08-14
"10003614","124439","1448","13","302",19,Digital Wallet,2025-09-02
"10003615","149038","2312","3","572",20,Points,2025-04-11
"10003616","143967","1815","10","613",20,Points,2025-10-16
"10003617","134221","1818","7","256",4,Cash,2025-02-01
"10003618","88883","2249","11","529",7,Credit Card,2025-09-11
"10003619","71475","1396","8","339",6,Digital Wallet,2025-03-11
"10003620","137866","1075","8","601",20,Cash,2025-08-31
"10003621","70392","2724","14","328",10,Credit Card,2025-02-26
"10003622","57854","1373","11","433",2,Credit Card,2025-04-09
"10003623","72292","1818","18","682",17,Points,2025-12-05
"10003624","61004","2851","10","516",13,Points,2025-12-18
"10003625","84855","2297","3","698",13,Points,2025-07-03
"10003626","140422","1447","11","233",2,Credit Card,2025-01-18
"10003627","118988","2306","11","349",10,Cash,2025-02-07
"10003628","89483","2677","4","372",7,Points,2025-01-06
"10003629","135224","2029","8","413",4,Digital Wallet,2025-06-26
"10003630","123118","2475","3","492",2,Digital Wallet,2025-05-03
"10003631","94378","2199","8","250",20,Digital Wallet,2025-12-06
"10003632","54352","1801","18","305",5,Cash,2025-08-30
"10003633","122160","1322","7","631",12,Digital Wallet,2025-11-22
"10003634","73230","2973","17","455",11,Points,2025-04-16
"10003635","105563","2416","2","208",6,Credit Card,2025-11-28
"10003636","52104","1977","3","661",18,Points,2025-12-24
"10003637","126001","1068","19","655",1,Cash,2025-10-21
"10003638","104944","1416","1","239",8,Credit Card,2025-01-11
"10003639","82034","2534","9","219",3,Digital Wallet,2025-01-28
"10003640","85435","2558","16","276",6,Points,2025-05-20
"10003641","69941","1185","4","506",13,Points,2025-09-11
"10003642","90595","2868","5","342",13,Digital Wallet,2025-08-08
"10003643","90527","2156","10","297",19,Credit Card,2025-05-24
"10003644","93436","1204","5","679",12,Credit Card,2025-01-27
"10003645","58540","1128","17","649",13,Points,2025-09-15
"10003646","70078","1831","9","517",9,Digital Wallet,2025-01-03
"10003647","78672","2924","20","490",17,Cash,2025-08-16
"10003648","128711","1715","3","248",8,Credit Card,2025-12-19
"10003649","78419","2319","5","588",13,Digital Wallet,2025-12-20
"10003650","91609","1310","10","572",3,Cash,2025-03-13
"10003651","66608","2467","2","519",15,Credit Card,2025-11-15
"10003652","127662","2154","9","696",1,Digital Wallet,2025-11-05
"10003653","99447","1217","2","418",6,Cash,2025-11-01
"10003654","120302","1612","12","322",1,Cash,2025-12-18
"10003655","118383","1179","10","545",17,Cash,2025-09-02
"10003656","108735","1971","8","604",11,Cash,2025-07-28
"10003657","97625","1428","7","697",5,Points,2025-11-01
"10003658","80706","2875","19","698",3,Cash,2025-04-08
"10003659","93391","2436","19","430",17,Cash,2025-10-10
"10003660","83542","2026","8","426",16,Cash,2025-04-05
"10003661","123263","1545","9","700",16,Points,2025-12-28
"10003662","114492","1052","7","418",18,Credit Card,2025-11-07
"10003663","67002","1742","7","353",16,Points,2025-10-20
"10003664","121622","2602","9","231",3,Credit Card,2025-11-05
"10003665","90716","2168","14","206",19,Digital Wallet,2025-08-23
"10003666","110748","1598","1","314",18,Digital Wallet,2025-07-20
"10003667","91584","2118","4","452",16,Digital Wallet,2025-02-17
"10003668","73503","1961","15","645",20,Credit Card,2025-04-16
"10003669","79052","2552","11","231",8,Points,2025-07-31
"10003670","73527","1102","19","280",19,Points,2025-06-19
"10003671","110802","2150","15","595",20,Digital Wallet,2025-05-27
"10003672","111416","2327","1","273",9,Digital Wallet,2025-02-15
"10003673","92260","2435","9","367",4,Cash,2025-01-01
"10003674","85704","1801","5","685",7,Credit Card,2025-05-09
"10003675","102685","2883","16","218",5,Points,2025-03-31
"10003676","142193","1035","9","453",15,Points,2025-10-04
"10003677","99655","2998","14","446",2,Cash,2025-01-31
"10003678","105243","2161","18","238",20,Points,2025-08-30
"10003679","97654","1196","17","300",11,Digital Wallet,2025-10-07
"10003680","132298","1776","18","253",2,Credit Card,2025-12-19
"10003681","90693","2538","10","532",10,Cash,2025-01-26
"10003682","59642","2404","19","599",19,Digital Wallet,2025-08-15
"10003683","99672","1615","15","566",7,Digital Wallet,2025-11-07
"10003684","102995","1178","14","682",9,Digital Wallet,2025-04-05
"10003685","50928","2399","2","543",12,Cash,2025-03-03
"10003686","134339","1671","12","534",20,Points,2025-06-05
"10003687","132867","1958","14","327",11,Credit Card,2025-10-21
"10003688","136666","2601","6","565",10,Digital Wallet,2025-02-08
"10003689","110160","2127","16","411",6,Digital Wallet,2025-08-03
"10003690","106096","2817","5","610",7,Digital Wallet,2025-10-02
"10003691","64934","1205","3","669",10,Digital Wallet,2025-09-30
"10003692","57121","1583","9","301",18,Cash,2025-11-04
"10003693","51568","1749","17","681",16,Cash,2025-06-29
"10003694","75803","1964","14","690",7,Cash,2025-10-06
"10003695","52292","2100","15","461",8,Cash,2025-06-27
"10003696","106790","2343","8","230",12,Points,2025-08-09
"10003697","133289","2691","18","413",12,Digital Wallet,2025-04-29
"10003698","60084","2545","2","475",12,Digital Wallet,2025-11-29
"10003699","89253","1469","2","639",6,Credit Card,2025-03-17
"10003700","53143","1756","8","362",17,Points,2025-02-16
"10003701","92060","2166","8","354",18,Points,2025-07-27
"10003702","53853","1447","5","239",14,Points,2025-12-03
"10003703","76482","1971","3","296",19,Points,2025-09-15
"10003704","139923","2317","6","558",10,Points,2025-06-14
"10003705","98846","1409","2","429",20,Points,2025-10-19
"10003706","115344","2594","12","591",13,Cash,2025-02-16
"10003707","126210","2832","5","590",17,Cash,2025-07-02
"10003708","82431","1555","5","665",12,Cash,2025-07-13
"10003709","77043","1701","8","406",1,Credit Card,2025-02-22
"10003710","106070","2475","17","228",19,Digital Wallet,2025-05-10
"10003711","51555","1806","9","419",13,Points,2025-08-02
"10003712","93455","1958","1","679",15,Credit Card,2025-12-01
"10003713","110209","2694","3","289",11,Cash,2025-08-20
"10003714","110136","1154","7","501",7,Points,2025-03-16
"10003715","118732","2660","10","479",16,Digital Wallet,2025-02-23
"10003716","126271","2278","7","408",15,Digital Wallet,2025-07-02
"10003717","61330","2940","16","324",18,Digital Wallet,2025-11-21
"10003718","82868","2240","10","326",17,Digital Wallet,2025-06-28
"10003719","148587","1185","9","441",15,Digital Wallet,2025-11-14
"10003720","138029","2642","16","242",14,Digital Wallet,2025-11-03
"10003721","69849","1402","12","465",7,Cash,2025-04-11
"10003722","147689","1128","2","532",6,Points,2025-06-09
"10003723","132182","2792","6","404",4,Digital Wallet,2025-08-31
"10003724","80842","1258","7","695",8,Cash,2025-05-29
"10003725","141901","1144","1","344",17,Digital Wallet,2025-07-17
"10003726","71019","1843","3","450",20,Points,2025-08-07
"10003727","82023","2736","14","478",20,Digital Wallet,2025-07-19
"10003728","62361","2282","12","687",17,Digital Wallet,2025-01-01
"10003729","114147","2794","17","219",20,Digital Wallet,2025-02-26
"10003730","102449","2000","4","325",12,Cash,2025-01-13
"10003731","126097","2792","14","372",4,Points,2025-09-21
"10003732","107743","2625","5","322",9,Cash,2025-08-20
"10003733","126530","2240","13","497",20,Cash,2025-02-28
"10003734","129737","1095","19","326",8,Cash,2025-09-16
"10003735","59431","2555","3","555",12,Cash,2025-03-26
"10003736","70345","2815","2","407",16,Digital Wallet,2025-06-17
"10003737","81067","1288","6","367",17,Credit Card,2025-11-28
"10003738","113001","1939","19","437",16,Points,2025-02-14
"10003739","51762","1589","14","583",6,Digital Wallet,2025-06-12
"10003740","104147","2246","6","271",14,Digital Wallet,2025-04-29
"10003741","54741","1951","9","609",9,Credit Card,2025-01-30
"10003742","64019","1268","11","385",14,Credit Card,2025-07-03
"10003743","104448","2044","3","408",11,Digital Wallet,2025-03-06
"10003744","125894","2184","4","622",8,Credit Card,2025-10-12
"10003745","95673","2781","10","678",20,Points,2025-06-23
"10003746","62899","1919","11","255",14,Points,2025-02-05
"10003747","108432","2196","10","300",12,Points,2025-04-13
"10003748","84299","2481","19","285",5,Digital Wallet,2025-10-21
"10003749","79337","1753","5","661",15,Cash,2025-04-17
"10003750","82130","2557","12","552",15,Credit Card,2025-09-02
"10003751","133085","2589","6","386",6,Digital Wallet,2025-12-28
"10003752","71977","1503","3","529",6,Points,2025-03-08
"10003753","86657","1726","10","382",5,Digital Wallet,2025-12-30
"10003754","132254","2542","3","351",10,Digital Wallet,2025-08-22
"10003755","142895","1013","7","358",3,Points,2025-12-18
"10003756","95924","1239","13","361",19,Cash,2025-02-03
"10003757","141366","1097","8","304",13,Cash,2025-11-08
"10003758","60601","2723","12","572",7,Points,2025-10-03
"10003759","56620","2324","4","698",15,Cash,2025-10-30
"10003760","58916","1785","5","661",17,Points,2025-03-08
"10003761","53156","2897","13","489",16,Credit Card,2025-06-20
"10003762","106422","1425","20","253",3,Cash,2025-01-31
"10003763","109974","2517","15","698",8,Points,2025-12-10
"10003764","142966","2595","2","368",5,Points,2025-09-16
"10003765","136052","2380","4","580",8,Credit Card,2025-03-19
"10003766","123481","1420","3","511",20,Cash,2025-02-08
"10003767","148333","1957","15","536",5,Cash,2025-06-21
"10003768","92499","1151","2","441",4,Points,2025-02-25
"10003769","146557","2144","10","281",1,Digital Wallet,2025-07-26
"10003770","83348","2465","6","292",7,Digital Wallet,2025-06-02
"10003771","50398","1241","16","247",4,Credit Card,2025-06-23
"10003772","71796","2053","2","492",13,Credit Card,2025-08-28
"10003773","58197","2363","1","344",4,Credit Card,2025-08-09
"10003774","139605","1291","5","505",13,Points,2025-05-13
"10003775","149487","2305","3","366",18,Points,2025-05-15
"10003776","61775","1584","9","238",8,Digital Wallet,2025-09-22
"10003777","146505","1437","1","565",2,Points,2025-05-13
"10003778","110263","1942","2","618",19,Credit Card,2025-02-09
"10003779","68227","2516","17","260",9,Credit Card,2025-05-05
"10003780","74349","1577","10","640",16,Credit Card,2025-11-02
"10003781","69687","2093","4","646",13,Digital Wallet,2025-05-31
"10003782","148932","1971","13","653",18,Points,2025-08-05
"10003783","78344","2854","7","600",19,Points,2025-03-10
"10003784","67585","1493","15","651",13,Cash,2025-12-25
"10003785","65472","2906","20","653",8,Digital Wallet,2025-03-10
"10003786","64658","2834","6","524",2,Digital Wallet,2025-01-19
"10003787","131803","1711","5","586",10,Points,2025-05-18
"10003788","83214","2896","6","374",8,Digital Wallet,2025-11-25
"10003789","147750","1476","11","386",14,Credit Card,2025-04-12
"10003790","78791","2052","4","307",1,Cash,2025-03-26
"10003791","139503","1664","2","228",4,Points,2025-12-14
"10003792","109961","2734","5","523",4,Points,2025-11-04
"10003793","110597","2731","6","429",5,Points,2025-10-12
"10003794","80485","2679","15","630",3,Credit Card,2025-01-05
"10003795","108400","1902","8","271",3,Credit Card,2025-07-28
"10003796","89631","1170","2","618",18,Cash,2025-03-19
"10003797","88956","2096","18","598",15,Points,2025-04-28
"10003798","117095","2351","2","459",10,Cash,2025-08-25
"10003799","103629","1491","5","641",13,Digital Wallet,2025-10-17
"10003800","123796","2427","19","485",15,Credit Card,2025-09-16
"10003801","106555","2054","7","578",19,Digital Wallet,2025-11-04
"10003802","140317","1612","20","627",2,Credit Card,2025-10-13
"10003803","75269","1351","6","326",14,Cash,2025-12-07
"10003804","60170","1887","6","443",20,Digital Wallet,2025-05-27
"10003805","128322","1116","13","467",13,Cash,2025-07-07
"10003806","146352","2454","7","625",17,Credit Card,2025-02-19
"10003807","73874","2331","13","595",20,Credit Card,2025-03-08
"10003808","143050","1777","2","224",18,Points,2025-05-27
"10003809","136339","1497","11","282",3,Cash,2025-10-21
"10003810","86650","2870","9","588",8,Points,2025-06-16
"10003811","114524","1389","9","700",5,Points,2025-09-06
"10003812","143736","1240","9","636",11,Points,2025-09-08
"10003813","116629","1368","10","354",11,Points,2025-07-17
"10003814","116870","2728","15","331",17,Credit Card,2025-01-26
"10003815","123268","1298","20","294",15,Cash,2025-05-08
"10003816","115663","2424","9","267",5,Credit Card,2025-05-10
"10003817","140880","1539","16","217",14,Credit Card,2025-06-22
"10003818","144366","2039","7","244",9,Credit Card,2025-04-16
"10003819","71634","2747","5","544",15,Cash,2025-03-21
"10003820","71399","1265","19","607",10,Points,2025-10-25
"10003821","123755","2741","13","515",16,Cash,2025-10-07
"10003822","140970","1520","13","355",13,Digital Wallet,2025-11-05
"10003823","50240","1630","5","236",6,Points,2025-10-21
"10003824","99577","2349","4","441",17,Digital Wallet,2025-03-31
"10003825","144519","1485","11","476",4,Cash,2025-12-08
"10003826","123074","2805","20","391",2,Cash,2025-05-02
"10003827","102647","2015","14","659",15,Credit Card,2025-06-13
"10003828","113305","1325","14","507",7,Credit Card,2025-04-20
"10003829","84833","1599","13","494",17,Credit Card,2025-11-25
"10003830","131564","2656","6","601",3,Cash,2025-03-30
"10003831","58911","2082","16","548",20,Points,2025-02-07
"10003832","131278","1415","7","298",16,Credit Card,2025-06-26
"10003833","137531","1049","11","403",18,Digital Wallet,2025-10-11
"10003834","57446","1369","1","636",17,Credit Card,2025-11-23
"10003835","75587","2767","15","303",13,Credit Card,2025-01-11
"10003836","84417","1282","7","505",19,Points,2025-04-08
"10003837","123334","1959","20","222",17,Digital Wallet,2025-11-07
"10003838","53512","2949","9","646",15,Credit Card,2025-07-05
"10003839","50762","2831","8","583",10,Credit Card,2025-01-24
"10003840","115190","1473","6","397",19,Cash,2025-05-26
"10003841","125730","2370","18","290",7,Digital Wallet,2025-06-05
"10003842","102914","1817","7","650",5,Points,2025-11-28
"10003843","122079","1625","18","674",17,Cash,2025-07-28
"10003844","136383","2502","16","314",18,Cash,2025-06-01
"10003845","132014","2165","3","454",9,Credit Card,2025-10-07
"10003846","92339","1429","18","289",5,Digital Wallet,2025-02-12
"10003847","88778","2082","4","485",2,Credit Card,2025-02-28
"10003848","108820","1107","6","222",4,Cash,2025-05-23
"10003849","55527","2350","17","508",19,Credit Card,2025-09-28
"10003850","88582","2916","3","320",15,Digital Wallet,2025-07-22
"10003851","142693","1362","14","580",9,Points,2025-10-20
"10003852","77020","1388","9","390",7,Digital Wallet,2025-10-22
"10003853","97384","2073","15","531",15,Credit Card,2025-11-05
"10003854","75818","1402","11","302",19,Credit Card,2025-11-11
"10003855","108277","1050","3","645",18,Credit Card,2025-02-19
"10003856","55161","2278","15","640",18,Cash,2025-09-30
"10003857","124986","1966","17","655",4,Digital Wallet,2025-07-23
"10003858","96857","2267","20","565",5,Digital Wallet,2025-10-30
"10003859","70358","2857","15","541",14,Points,2025-11-10
"10003860","104004","2470","1","524",6,Cash,2025-12-15
"10003861","107499","1935","3","429",12,Cash,2025-06-02
"10003862","134643","1771","18","596",6,Digital Wallet,2025-02-26
"10003863","131876","2154","19","322",8,Points,2025-10-18
"10003864","126990","2474","11","521",5,Cash,2025-10-08
"10003865","55836","1683","6","664",3,Cash,2025-02-22
"10003866","117478","1756","8","403",13,Cash,2025-09-14
"10003867","141750","2757","4","465",9,Cash,2025-06-19
"10003868","64862","2502","19","526",4,Points,2025-01-29
"10003869","62308","1752","11","539",20,Digital Wallet,2025-12-06
"10003870","59267","2598","16","679",7,Credit Card,2025-03-08
"10003871","72368","1678","11","235",19,Credit Card,2025-12-11
"10003872","140399","2010","16","539",13,Points,2025-11-13
"10003873","91666","1707","20","333",20,Points,2025-09-29
"10003874","87305","2083","17","623",12,Credit Card,2025-06-08
"10003875","110860","2404","7","314",16,Digital Wallet,2025-11-30
"10003876","90829","1796","16","425",5,Cash,2025-01-11
"10003877","64769","2896","16","376",20,Digital Wallet,2025-01-08
"10003878","91804","2111","5","569",18,Digital Wallet,2025-10-11
"10003879","85209","2714","7","272",4,Credit Card,2025-01-27
"10003880","85406","1644","20","666",17,Credit Card,2025-11-10
"10003881","68470","2190","9","510",8,Points,2025-11-19
"10003882","137506","2210","15","581",6,Points,2025-02-23
"10003883","116810","1767","11","238",5,Digital Wallet,2025-12-03
"10003884","127112","1378","18","630",15,Cash,2025-05-29
"10003885","50449","1748","8","419",1,Points,2025-04-26
"10003886","145260","1025","1","264",20,Points,2025-12-20
"10003887","125727","2053","10","635",9,Cash,2025-01-30
"10003888","63248","2178","7","475",8,Points,2025-07-15
"10003889","140580","1882","20","474",3,Points,2025-02-26
"10003890","88148","2778","13","270",15,Credit Card,2025-12-20
"10003891","98062","2162","12","587",10,Credit Card,2025-08-03
"10003892","89617","2394","5","640",18,Points,2025-10-24
"10003893","107581","2297","9","328",8,Credit Card,2025-03-19
"10003894","65306","1662","1","291",5,Digital Wallet,2025-02-23
"10003895","126822","2206","5","577",20,Digital Wallet,2025-09-14
"10003896","88933","1020","11","237",9,Points,2025-02-13
"10003897","126627","1048","2","220",1,Cash,2025-01-23
"10003898","62971","2920","2","285",6,Credit Card,2025-05-24
"10003899","133783","2510","2","576",15,Points,2025-09-22
"10003900","103118","1942","12","386",2,Digital Wallet,2025-04-12
"10003901","98256","1089","19","408",18,Credit Card,2025-07-30
"10003902","118623","2492","19","305",20,Points,2025-06-17
"10003903","117738","1391","1","600",2,Digital Wallet,2025-05-21
"10003904","73009","1155","4","668",4,Cash,2025-09-24
"10003905","65207","2861","19","383",7,Points,2025-03-01
"10003906","86593","2175","10","582",7,Credit Card,2025-09-19
"10003907","77265","1549","6","523",18,Credit Card,2025-12-03
"10003908","133906","2511","3","665",14,Credit Card,2025-12-18
"10003909","82555","1049","7","271",8,Cash,2025-09-02
"10003910","105236","1014","14","687",4,Credit Card,2025-07-24
"10003911","147815","2238","7","321",11,Cash,2025-07-07
"10003912","126022","2942","1","280",11,Cash,2025-05-10
"10003913","104968","1482","6","224",6,Credit Card,2025-07-03
"10003914","126282","2796","16","696",14,Points,2025-01-01
"10003915","100657","1526","16","583",2,Points,2025-08-02
"10003916","55052","1396","6","580",14,Digital Wallet,2025-05-04
"10003917","137047","1966","4","575",11,Cash,2025-08-13
"10003918","85616","2997","3","562",18,Digital Wallet,2025-11-29
"10003919","136543","1552","9","685",3,Cash,2025-03-19
"10003920","50660","2848","18","286",8,Digital Wallet,2025-01-30
"10003921","127828","2901","11","394",1,Cash,2025-06-20
"10003922","76616","2015","10","622",11,Cash,2025-11-01
"10003923","116059","2878","11","410",18,Credit Card,2025-07-24
"10003924","111220","1169","7","584",15,Digital Wallet,2025-12-08
"10003925","112012","2485","11","443",7,Points,2025-04-12
"10003926","122906","2537","19","434",11,Credit Card,2025-11-09
"10003927","113306","2553","4","260",15,Credit Card,2025-04-22
"10003928","115502","1682","1","695",14,Cash,2025-02-06
"10003929","142140","1503","19","344",17,Points,2025-04-22
"10003930","118285","1424","19","658",3,Credit Card,2025-02-14
"10003931","87309","1122","17","234",18,Cash,2025-08-22
"10003932","81285","1536","12","304",13,Points,2025-06-22
"10003933","143544","1050","2","671",1,Points,2025-09-16
"10003934","56140","2725","16","461",20,Credit Card,2025-07-05
"10003935","147353","2858","19","338",14,Credit Card,2025-07-03
"10003936","90748","2185","5","204",5,Points,2025-12-12
"10003937","60698","1656","2","237",11,Digital Wallet,2025-02-17
"10003938","58698","2203","10","300",7,Cash,2025-12-14
"10003939","57251","1048","11","668",7,Points,2025-08-05
"10003940","105247","1348","1","549",2,Credit Card,2025-04-25
"10003941","139084","1935","17","655",18,Cash,2025-12-24
"10003942","149153","1240","20","538",17,Credit Card,2025-07-20
"10003943","117502","2062","13","592",17,Points,2025-09-13
"10003944","126827","2314","17","601",13,Credit Card,2025-04-01
"10003945","104863","1228","16","231",7,Points,2025-02-07
"10003946","88329","1756","13","583",14,Digital Wallet,2025-04-10
"10003947","67434","2035","18","214",20,Digital Wallet,2025-01-17
"10003948","148217","1353","14","250",18,Credit Card,2025-12-19
"10003949","87287","1260","10","581",11,Points,2025-11-20
"10003950","142849","2245","16","372",16,Points,2025-10-18
"10003951","102780","1001","15","354",16,Points,2025-12-25
"10003952","69693","1775","15","308",12,Credit Card,2025-01-24
"10003953","149637","1470","18","289",6,Credit Card,2025-02-28
"10003954","118080","2143","2","432",7,Credit Card,2025-12-01
"10003955","79374","2536","1","679",6,Digital Wallet,2025-03-07
"10003956","142410","2240","3","657",18,Credit Card,2025-08-05
"10003957","75072","1458","4","546",9,Credit Card,2025-11-12
"10003958","81540","1465","8","369",20,Cash,2025-04-26
"10003959","85697","1692","4","225",12,Credit Card,2025-03-11
"10003960","59967","2834","19","253",18,Digital Wallet,2025-07-14
"10003961","149946","1351","4","357",2,Credit Card,2025-06-24
"10003962","68340","1365","13","300",14,Digital Wallet,2025-11-05
"10003963","144908","2552","3","333",6,Cash,2025-07-01
"10003964","103799","2546","18","545",8,Credit Card,2025-04-01
"10003965","64909","1210","1","548",4,Points,2025-11-24
"10003966","58655","2118","4","279",14,Points,2025-06-15
"10003967","136361","1067","15","510",3,Credit Card,2025-01-19
"10003968","90509","2434","8","299",6,Credit Card,2025-10-12
"10003969","134557","1167","13","474",15,Credit Card,2025-09-11
"10003970","68525","2525","9","589",2,Cash,2025-11-25
"10003971","84724","1057","5","516",5,Digital Wallet,2025-04-05
"10003972","85456","2614","16","592",18,Points,2025-12-14
"10003973","58035","2552","7","619",3,Points,2025-04-08
"10003974","60928","1819","14","300",15,Cash,2025-07-28
"10003975","129373","1890","14","300",10,Credit Card,2025-05-12
"10003976","103459","1681","1","473",18,Digital Wallet,2025-04-19
"10003977","130703","1796","8","636",16,Points,2025-06-22
"10003978","112822","2968","10","293",17,Cash,2025-05-25
"10003979","67503","2730","17","296",3,Points,2025-07-09
"10003980","123844","1099","5","293",3,Digital Wallet,2025-05-04
"10003981","57146","1819","8","325",3,Cash,2025-02-01
"10003982","141811","1873","1","425",3,Digital Wallet,2025-12-03
"10003983","112334","1107","7","412",11,Cash,2025-01-01
"10003984","101411","2015","11","354",5,Digital Wallet,2025-05-17
"10003985","98559","1717","7","693",11,Points,2025-09-06
"10003986","90288","2094","10","221",13,Cash,2025-07-10
"10003987","78305","2534","20","629",13,Credit Card,2025-07-22
"10003988","128629","2801","1","596",14,Points,2025-12-15
"10003989","93344","1309","12","497",13,Digital Wallet,2025-09-09
"10003990","121596","1225","13","626",11,Points,2025-10-17
"10003991","149866","2030","13","298",7,Cash,2025-08-06
"10003992","57223","2621","6","263",9,Points,2025-03-08
"10003993","70228","1609","9","359",11,Cash,2025-01-06
"10003994","89113","2339","5","522",7,Cash,2025-06-06
"10003995","101520","2058","13","513",18,Credit Card,2025-09-19
"10003996","81637","1558","7","411",19,Cash,2025-12-06
"10003997","56798","2058","18","267",2,Credit Card,2025-09-30
"10003998","68922","2581","4","297",7,Cash,2025-07-24
"10003999","121362","2760","6","317",4,Digital Wallet,2025-01-17
"10004000","134350","2709","16","554",4,Digital Wallet,2025-11-28
"10004001","90549","2113","13","375",11,Points,2025-08-26
"10004002","143933","1462","12","313",20,Cash,2025-04-15
"10004003","106293","1811","4","602",4,Digital Wallet,2025-04-30
"10004004","113996","2990","19","532",5,Digital Wallet,2025-08-04
"10004005","86305","1402","19","661",9,Credit Card,2025-08-02
"10004006","137093","2880","3","423",19,Points,2025-08-29
"10004007","85492","1420","11","219",15,Points,2025-03-03
"10004008","54920","1585","1","360",2,Points,2025-06-21
"10004009","73133","2105","13","638",19,Points,2025-10-16
"10004010","104332","2599","14","556",9,Points,2025-01-27
"10004011","108585","2185","7","239",10,Digital Wallet,2025-05-05
"10004012","112836","2468","13","257",16,Credit Card,2025-11-28
"10004013","88860","1649","17","576",4,Credit Card,2025-02-04
"10004014","116864","2994","7","626",7,Cash,2025-02-26
"10004015","90382","1756","16","683",20,Points,2025-05-15
"10004016","60107","1005","10","517",16,Points,2025-02-20
"10004017","114069","2051","9","340",18,Cash,2025-07-25
"10004018","123317","1147","11","449",17,Digital Wallet,2025-12-14
"10004019","112165","1933","16","573",8,Cash,2025-12-19
"10004020","66550","2343","10","309",11,Points,2025-09-13
"10004021","119199","2970","11","550",2,Cash,2025-02-28
"10004022","80595","2634","14","459",19,Digital Wallet,2025-04-22
"10004023","61930","1158","12","405",6,Digital Wallet,2025-02-05
"10004024","81059","1750","8","594",6,Points,2025-11-21
"10004025","137324","1255","20","660",19,Credit Card,2025-02-17
"10004026","81653","1057","17","280",16,Credit Card,2025-05-23
"10004027","106827","1953","10","657",5,Credit Card,2025-10-15
"10004028","106463","2830","18","533",9,Credit Card,2025-09-17
"10004029","112452","2084","20","544",3,Cash,2025-07-05
"10004030","111569","1438","7","678",17,Digital Wallet,2025-01-13
"10004031","52808","1424","7","546",15,Digital Wallet,2025-03-25
"10004032","82843","2473","20","531",1,Digital Wallet,2025-08-03
"10004033","106143","1158","7","322",2,Cash,2025-03-27
"10004034","107391","1887","7","326",9,Digital Wallet,2025-06-08
"10004035","122246","2660","3","342",7,Cash,2025-02-05
"10004036","91216","1104","8","394",18,Cash,2025-04-14
"10004037","120353","1431","14","391",13,Cash,2025-01-17
"10004038","77961","2975","11","670",6,Cash,2025-10-18
"10004039","120964","2819","17","664",6,Points,2025-01-03
"10004040","111208","1799","14","695",17,Credit Card,2025-09-08
"10004041","92882","2085","5","637",1,Digital Wallet,2025-04-28
"10004042","104278","1680","19","228",7,Digital Wallet,2025-09-01
"10004043","97625","2858","12","614",20,Credit Card,2025-02-13
"10004044","60742","1478","10","320",13,Cash,2025-11-14
"10004045","144350","2243","8","669",9,Cash,2025-05-06
"10004046","52266","2308","4","322",5,Credit Card,2025-01-28
"10004047","58014","1318","13","431",17,Credit Card,2025-07-22
"10004048","138994","2819","8","567",17,Points,2025-04-15
"10004049","101971","2500","16","212",2,Digital Wallet,2025-05-21
"10004050","65821","2220","17","318",11,Points,2025-04-21
"10004051","77178","1444","9","571",7,Credit Card,2025-09-17
"10004052","102372","1881","15","499",19,Points,2025-05-12
"10004053","51931","2376","2","337",20,Digital Wallet,2025-10-05
"10004054","68341","1335","3","471",17,Cash,2025-01-12
"10004055","83755","2769","7","587",5,Digital Wallet,2025-10-24
"10004056","122969","2521","1","302",2,Credit Card,2025-03-01
"10004057","89309","2318","20","381",3,Digital Wallet,2025-09-18
"10004058","74499","2709","14","378",4,Digital Wallet,2025-04-27
"10004059","146409","2082","15","312",18,Cash,2025-06-26
"10004060","117785","2828","16","566",11,Credit Card,2025-12-02
"10004061","135067","2876","20","517",18,Credit Card,2025-08-16
"10004062","144250","1413","4","379",1,Digital Wallet,2025-10-18
"10004063","51194","2416","15","368",10,Credit Card,2025-12-06
"10004064","55292","2811","5","546",2,Cash,2025-07-17
"10004065","64271","2406","9","301",13,Cash,2025-02-28
"10004066","118312","2784","4","682",17,Cash,2025-10-30
"10004067","85913","2983","12","501",4,Digital Wallet,2025-07-30
"10004068","54119","1929","11","458",7,Digital Wallet,2025-05-26
"10004069","130468","2315","9","285",11,Cash,2025-10-02
"10004070","75844","2034","20","539",16,Cash,2025-08-28
"10004071","58454","2168","15","281",3,Digital Wallet,2025-11-07
"10004072","102400","2066","15","469",16,Digital Wallet,2025-06-04
"10004073","143378","2352","17","591",15,Points,2025-06-20
"10004074","111837","2459","1","261",9,Points,2025-09-10
"10004075","113128","1080","13","249",14,Cash,2025-07-19
"10004076","119148","2712","16","417",18,Cash,2025-11-11
"10004077","106609","2372","9","562",18,Points,2025-01-16
"10004078","137180","2022","5","520",11,Points,2025-07-22
"10004079","64523","2684","4","268",14,Points,2025-07-26
"10004080","117823","2272","13","212",5,Cash,2025-10-16
"10004081","52718","2037","11","640",17,Cash,2025-10-25
"10004082","80954","1831","1","342",11,Points,2025-04-13
"10004083","63148","1328","5","690",9,Points,2025-07-20
"10004084","83870","1433","9","478",12,Digital Wallet,2025-10-23
"10004085","138515","1636","5","472",17,Points,2025-01-13
"10004086","142582","2737","1","500",2,Cash,2025-09-30
"10004087","55678","1723","19","350",15,Cash,2025-06-27
"10004088","80719","1340","20","516",6,Digital Wallet,2025-03-18
"10004089","136294","1976","8","544",10,Points,2025-05-13
"10004090","72759","2925","14","441",1,Credit Card,2025-03-20
"10004091","113678","2447","11","288",16,Cash,2025-10-05
"10004092","118577","2160","6","213",2,Points,2025-06-04
"10004093","121379","2142","5","600",12,Cash,2025-07-16
"10004094","50387","1657","16","682",14,Points,2025-06-23
"10004095","65534","2507","5","647",3,Points,2025-09-09
"10004096","121090","2972","4","278",10,Digital Wallet,2025-02-19
"10004097","95677","2686","7","631",11,Points,2025-06-27
"10004098","124703","1639","16","391",8,Cash,2025-07-24
"10004099","107221","2441","6","628",19,Digital Wallet,2025-09-25
"10004100","81054","1029","15","452",3,Points,2025-11-20
"10004101","65110","1365","14","400",3,Digital Wallet,2025-06-21
"10004102","108635","2263","14","675",19,Digital Wallet,2025-07-10
"10004103","101446","1864","12","620",16,Cash,2025-01-28
"10004104","123238","1630","3","323",6,Points,2025-11-29
"10004105","93607","2557","18","354",8,Digital Wallet,2025-06-27
"10004106","122312","2243","19","213",17,Credit Card,2025-07-27
"10004107","107628","1048","4","599",16,Digital Wallet,2025-04-08
"10004108","52686","1873","10","561",4,Points,2025-05-18
"10004109","94368","2485","3","412",2,Cash,2025-06-12
"10004110","57462","2767","18","652",4,Cash,2025-08-22
"10004111","141938","1561","5","367",2,Credit Card,2025-12-24
"10004112","149225","2387","13","493",14,Digital Wallet,2025-08-24
"10004113","62506","2760","15","269",17,Points,2025-06-04
"10004114","142709","2956","14","677",3,Digital Wallet,2025-07-28
"10004115","104390","1334","12","560",9,Cash,2025-05-28
"10004116","135659","1701","9","385",12,Points,2025-10-04
"10004117","77033","1618","18","352",19,Credit Card,2025-05-10
"10004118","147645","1022","7","426",13,Credit Card,2025-11-15
"10004119","80260","2907","20","559",18,Digital Wallet,2025-12-27
"10004120","91085","1957","9","510",3,Points,2025-03-02
"10004121","129999","1256","6","341",3,Credit Card,2025-11-17
"10004122","54836","1949","4","471",13,Credit Card,2025-02-10
"10004123","81973","2384","16","688",19,Cash,2025-08-14
"10004124","99862","1005","19","253",16,Digital Wallet,2025-01-25
"10004125","123284","1059","19","538",17,Cash,2025-11-03
"10004126","112678","2077","7","344",19,Credit Card,2025-07-11
"10004127","138930","1554","20","687",5,Cash,2025-01-13
"10004128","96103","2898","9","481",12,Points,2025-03-25
"10004129","62484","1093","13","552",6,Digital Wallet,2025-03-31
"10004130","86141","1718","18","695",15,Points,2025-04-21
"10004131","126600","1612","1","413",2,Cash,2025-06-21
"10004132","114652","2216","9","498",17,Digital Wallet,2025-01-31
"10004133","126501","2466","15","574",15,Credit Card,2025-02-07
"10004134","131623","2189","17","613",8,Credit Card,2025-01-23
"10004135","86961","2067","17","573",17,Credit Card,2025-07-14
"10004136","83293","1978","14","380",9,Credit Card,2025-02-25
"10004137","146534","1450","4","314",6,Digital Wallet,2025-06-28
"10004138","77334","2853","4","389",7,Credit Card,2025-03-24
"10004139","81380","1306","4","235",17,Credit Card,2025-03-13
"10004140","103261","2698","8","204",15,Cash,2025-10-10
"10004141","80133","1248","8","648",14,Digital Wallet,2025-03-09
"10004142","54096","1350","13","423",11,Cash,2025-06-28
"10004143","132506","2293","16","231",20,Cash,2025-11-15
"10004144","122044","2741","20","271",7,Digital Wallet,2025-05-11
"10004145","112119","1267","9","374",4,Cash,2025-02-07
"10004146","94809","2997","14","385",12,Digital Wallet,2025-06-05
"10004147","131936","1760","2","374",1,Digital Wallet,2025-10-29
"10004148","70174","1939","7","409",3,Credit Card,2025-07-20
"10004149","90974","2392","11","639",4,Cash,2025-03-02
"10004150","78475","1284","13","289",13,Points,2025-01-26
"10004151","98931","1391","12","612",13,Points,2025-05-25
"10004152","140949","1159","10","568",20,Points,2025-10-15
"10004153","93188","2644","15","502",20,Points,2025-05-26
"10004154","126049","2718","4","343",16,Digital Wallet,2025-01-14
"10004155","147954","1950","5","392",17,Digital Wallet,2025-11-03
"10004156","80434","1521","17","619",3,Credit Card,2025-05-11
"10004157","110459","1660","18","425",4,Points,2025-03-03
"10004158","139998","1547","5","403",19,Points,2025-08-04
"10004159","80848","1077","8","302",9,Credit Card,2025-12-02
"10004160","82427","1557","8","382",14,Digital Wallet,2025-07-13
"10004161","72513","1954","8","550",11,Credit Card,2025-12-01
"10004162","59381","2332","7","543",6,Digital Wallet,2025-08-07
"10004163","130704","1632","20","462",3,Digital Wallet,2025-07-26
"10004164","62626","2074","2","640",19,Points,2025-09-02
"10004165","82584","2651","2","566",8,Credit Card,2025-08-22
"10004166","83578","1606","10","337",2,Points,2025-10-06
"10004167","95236","2156","3","448",8,Points,2025-11-10
"10004168","108844","2781","20","230",11,Cash,2025-06-26
"10004169","131001","1674","14","210",12,Points,2025-05-20
"10004170","77077","1931","20","649",2,Credit Card,2025-09-27
"10004171","133263","2608","7","388",6,Cash,2025-02-05
"10004172","69383","2466","19","415",12,Digital Wallet,2025-05-06
"10004173","74106","2192","10","203",17,Cash,2025-04-14
"10004174","96177","2945","20","413",3,Cash,2025-08-29
"10004175","113196","1427","20","605",12,Cash,2025-06-30
"10004176","137329","1613","20","273",15,Digital Wallet,2025-02-17
"10004177","146513","2334","3","515",3,Digital Wallet,2025-03-08
"10004178","125830","2349","8","636",12,Digital Wallet,2025-05-08
"10004179","107024","2989","3","660",8,Credit Card,2025-12-03
"10004180","58976","1798","10","488",6,Credit Card,2025-03-21
"10004181","99170","1777","14","503",20,Digital Wallet,2025-07-30
"10004182","113596","1117","18","319",13,Points,2025-03-20
"10004183","124778","1479","5","420",17,Cash,2025-01-03
"10004184","68595","2052","14","608",2,Cash,2025-02-20
"10004185","50090","1435","2","308",16,Cash,2025-03-21
"10004186","133319","1473","7","280",12,Digital Wallet,2025-01-25
"10004187","88213","1846","5","580",8,Digital Wallet,2025-07-27
"10004188","59955","1265","16","377",5,Credit Card,2025-10-25
"10004189","82712","1079","7","278",9,Cash,2025-11-16
"10004190","138386","1445","5","217",18,Cash,2025-10-17
"10004191","100415","1533","3","353",16,Cash,2025-01-30
"10004192","99870","1350","7","600",9,Cash,2025-04-23
"10004193","110577","2099","3","482",19,Credit Card,2025-04-09
"10004194","82487","2484","1","329",2,Credit Card,2025-09-13
"10004195","132845","2468","17","443",16,Credit Card,2025-11-17
"10004196","142617","1055","9","342",6,Cash,2025-11-01
"10004197","85735","1600","4","646",4,Credit Card,2025-03-18
"10004198","84759","2304","2","340",8,Cash,2025-08-12
"10004199","131321","2074","10","238",13,Cash,2025-12-05
"10004200","128244","2744","8","532",12,Credit Card,2025-05-07
"10004201","108026","1955","11","634",1,Cash,2025-12-10
"10004202","135957","1985","14","680",5,Cash,2025-11-30
"10004203","75083","2421","12","557",7,Digital Wallet,2025-12-02
"10004204","76321","2673","15","665",11,Digital Wallet,2025-04-08
"10004205","96260","1523","4","318",1,Points,2025-07-30
"10004206","123571","2012","3","613",13,Credit Card,2025-09-06
"10004207","111343","2692","1","297",17,Digital Wallet,2025-12-16
"10004208","97697","2094","5","617",14,Cash,2025-10-29
"10004209","80219","1593","10","576",8,Digital Wallet,2025-10-07
"10004210","130888","2437","6","302",16,Credit Card,2025-06-07
"10004211","107480","2436","3","475",19,Cash,2025-07-24
"10004212","108724","2272","19","451",4,Points,2025-04-12
"10004213","83387","1469","20","223",6,Points,2025-07-06
"10004214","136727","2817","8","672",18,Points,2025-08-11
"10004215","142841","1950","5","410",6,Credit Card,2025-08-25
"10004216","105602","1738","7","242",2,Points,2025-03-28
"10004217","92721","1096","20","638",13,Digital Wallet,2025-01-11
"10004218","83740","1272","11","349",7,Digital Wallet,2025-08-15
"10004219","77576","2134","6","538",18,Digital Wallet,2025-08-04
"10004220","141874","2164","19","359",15,Points,2025-03-26
"10004221","81836","1809","11","408",2,Cash,2025-06-07
"10004222","144928","2850","17","642",19,Digital Wallet,2025-06-02
"10004223","62701","2314","19","354",6,Credit Card,2025-04-12
"10004224","94907","2829","14","679",11,Cash,2025-09-19
"10004225","141590","2908","13","375",12,Points,2025-02-21
"10004226","100773","2970","13","281",14,Cash,2025-04-07
"10004227","137780","2290","9","665",16,Credit Card,2025-02-08
"10004228","97375","1201","12","375",3,Cash,2025-07-03
"10004229","139963","1357","7","660",11,Points,2025-05-27
"10004230","119959","2698","8","448",15,Digital Wallet,2025-10-29
"10004231","144949","2315","13","216",9,Points,2025-07-28
"10004232","130812","1594","13","475",11,Digital Wallet,2025-08-04
"10004233","145917","2484","20","438",6,Credit Card,2025-07-12
"10004234","57357","2607","5","357",8,Credit Card,2025-02-21
"10004235","98062","1684","11","418",11,Digital Wallet,2025-02-11
"10004236","125595","2653","7","358",16,Cash,2025-05-17
"10004237","72717","1438","8","658",12,Points,2025-05-27
"10004238","128421","1557","11","450",1,Cash,2025-04-17
"10004239","68993","1240","7","315",13,Digital Wallet,2025-03-13
"10004240","121809","2837","16","229",19,Credit Card,2025-10-19
"10004241","138381","1237","19","257",8,Digital Wallet,2025-05-30
"10004242","121886","2613","20","698",12,Cash,2025-05-10
"10004243","116980","2864","17","670",10,Cash,2025-09-29
"10004244","130073","1078","10","244",18,Credit Card,2025-05-10
"10004245","94501","1111","12","590",6,Credit Card,2025-06-18
"10004246","85609","1130","2","662",1,Credit Card,2025-01-10
"10004247","74978","1028","2","594",1,Digital Wallet,2025-04-30
"10004248","54231","1826","20","629",16,Credit Card,2025-12-12
"10004249","80647","2562","2","452",1,Credit Card,2025-05-10
"10004250","148608","2338","11","212",3,Credit Card,2025-03-14
"10004251","112457","2787","14","601",1,Credit Card,2025-12-14
"10004252","137718","1207","2","322",13,Credit Card,2025-03-31
"10004253","76343","1530","20","580",15,Points,2025-11-02
"10004254","108484","1373","7","656",10,Digital Wallet,2025-12-28
"10004255","107921","2576","14","375",7,Cash,2025-02-23
"10004256","94066","2418","3","574",4,Cash,2025-10-11
"10004257","121582","2810","11","295",10,Credit Card,2025-08-24
"10004258","121381","2330","1","516",9,Cash,2025-07-30
"10004259","60483","1104","12","434",15,Cash,2025-12-08
"10004260","90000","2493","3","664",8,Credit Card,2025-02-09
"10004261","144291","1136","18","629",19,Credit Card,2025-10-04
"10004262","85193","1936","14","581",11,Cash,2025-10-15
"10004263","124861","1456","19","537",6,Cash,2025-02-17
"10004264","95922","1828","9","408",3,Points,2025-10-03
"10004265","103167","2988","3","323",12,Points,2025-03-21
"10004266","142469","2642","19","321",18,Digital Wallet,2025-02-15
"10004267","97061","1586","12","389",13,Credit Card,2025-05-13
"10004268","76982","2706","15","516",7,Credit Card,2025-07-31
"10004269","91863","2314","20","372",17,Cash,2025-08-14
"10004270","52503","2151","6","530",7,Cash,2025-01-27
"10004271","135829","2610","11","518",6,Cash,2025-03-03
"10004272","132887","2821","1","497",19,Points,2025-07-24
"10004273","55613","2508","7","401",16,Credit Card,2025-09-08
"10004274","83524","2182","5","568",2,Cash,2025-09-13
"10004275","78312","1318","9","693",1,Credit Card,2025-11-17
"10004276","141396","1316","19","274",18,Cash,2025-06-13
"10004277","88694","1311","1","493",7,Digital Wallet,2025-03-05
"10004278","56855","2199","14","477",18,Cash,2025-12-14
"10004279","126002","1881","4","678",10,Credit Card,2025-12-14
"10004280","86318","1614","9","474",9,Credit Card,2025-08-30
"10004281","66988","1616","9","626",20,Credit Card,2025-01-24
"10004282","64954","1598","3","640",8,Digital Wallet,2025-09-19
"10004283","104981","2974","1","570",16,Points,2025-07-25
"10004284","93265","2826","3","470",14,Points,2025-10-09
"10004285","63427","2973","18","297",19,Points,2025-10-17
"10004286","55292","1577","4","412",10,Points,2025-10-12
"10004287","121187","1111","1","201",2,Credit Card,2025-11-11
"10004288","61431","2900","3","461",13,Cash,2025-04-13
"10004289","89693","1848","8","400",15,Points,2025-08-21
"10004290","125379","1656","13","566",10,Digital Wallet,2025-09-21
"10004291","118785","1026","3","644",19,Credit Card,2025-11-07
"10004292","138064","2088","17","352",16,Digital Wallet,2025-09-23
"10004293","129187","1242","11","415",12,Credit Card,2025-10-25
"10004294","122985","1988","11","262",13,Cash,2025-06-09
"10004295","100213","2992","11","563",18,Cash,2025-04-05
"10004296","133288","1266","15","297",16,Cash,2025-06-15
"10004297","139989","1888","1","230",12,Credit Card,2025-07-02
"10004298","126734","1003","6","684",7,Digital Wallet,2025-06-04
"10004299","73874","1716","8","488",10,Points,2025-11-20
"10004300","113468","2240","2","607",17,Cash,2025-12-29
"10004301","142046","2880","17","596",2,Credit Card,2025-03-15
"10004302","148839","1943","20","205",13,Points,2025-11-26
"10004303","75931","1262","9","442",17,Credit Card,2025-07-07
"10004304","51604","2941","7","218",14,Credit Card,2025-03-23
"10004305","133926","1833","2","400",8,Cash,2025-11-17
"10004306","106390","1276","13","235",6,Credit Card,2025-05-24
"10004307","75122","2451","10","567",2,Digital Wallet,2025-06-19
"10004308","66498","2588","14","617",10,Cash,2025-08-29
"10004309","89990","1008","11","649",6,Cash,2025-10-22
"10004310","55091","2092","2","501",20,Credit Card,2025-01-01
"10004311","60965","1978","8","349",16,Digital Wallet,2025-09-04
"10004312","90250","1315","15","527",15,Digital Wallet,2025-01-16
"10004313","91452","1053","20","659",1,Credit Card,2025-12-13
"10004314","85267","2899","6","325",15,Credit Card,2025-09-08
"10004315","131180","1576","5","511",5,Points,2025-12-26
"10004316","51664","2190","14","494",12,Cash,2025-10-30
"10004317","121371","2494","9","641",17,Points,2025-11-21
"10004318","126311","2761","8","531",17,Cash,2025-07-14
"10004319","124146","2830","7","207",8,Points,2025-02-24
"10004320","131374","1488","5","376",6,Credit Card,2025-03-13
"10004321","114606","1172","2","307",19,Credit Card,2025-02-07
"10004322","147601","2177","1","372",12,Credit Card,2025-01-29
"10004323","131348","1360","13","487",18,Points,2025-02-07
"10004324","88027","1298","20","610",8,Credit Card,2025-06-29
"10004325","135396","2321","2","687",3,Digital Wallet,2025-03-16
"10004326","70106","2812","13","452",18,Credit Card,2025-05-19
"10004327","132836","2531","15","576",10,Credit Card,2025-12-19
"10004328","90732","1732","10","612",8,Points,2025-09-26
"10004329","77875","2508","4","266",3,Cash,2025-12-15
"10004330","91962","2366","7","319",10,Credit Card,2025-06-16
"10004331","147875","2604","20","250",17,Cash,2025-01-15
"10004332","111003","2733","19","309",10,Credit Card,2025-10-27
"10004333","58170","2996","9","302",17,Credit Card,2025-06-04
"10004334","128483","1174","15","309",14,Cash,2025-10-15
"10004335","60169","1711","10","638",11,Credit Card,2025-02-01
"10004336","85631","2145","19","652",9,Cash,2025-11-03
"10004337","77701","2594","15","439",11,Cash,2025-12-25
"10004338","75409","2766","7","277",5,Digital Wallet,2025-11-19
"10004339","90013","1906","2","384",12,Digital Wallet,2025-04-17
"10004340","117303","1920","9","452",4,Digital Wallet,2025-11-23
"10004341","147188","2779","5","285",20,Credit Card,2025-03-01
"10004342","137983","2269","9","593",17,Cash,2025-09-14
"10004343","121622","2108","15","252",16,Credit Card,2025-09-12
"10004344","82690","2135","11","587",6,Points,2025-01-02
"10004345","91151","1128","5","559",8,Credit Card,2025-10-02
"10004346","61145","1582","14","456",10,Cash,2025-05-24
"10004347","145861","1482","7","286",18,Points,2025-04-29
"10004348","146041","1703","7","507",20,Points,2025-07-03
"10004349","86690","1263","10","450",4,Credit Card,2025-10-22
"10004350","148134","2286","20","369",16,Points,2025-08-16
"10004351","98549","2389","4","451",17,Cash,2025-11-13
"10004352","73131","1998","2","618",8,Credit Card,2025-02-19
"10004353","78778","2680","8","222",8,Credit Card,2025-05-28
"10004354","64246","2387","3","589",4,Digital Wallet,2025-08-11
"10004355","74014","1086","18","469",16,Points,2025-03-19
"10004356","129198","1267","17","540",10,Points,2025-03-05
"10004357","106039","1374","8","606",7,Points,2025-12-12
"10004358","57943","1440","16","325",3,Cash,2025-04-06
"10004359","104304","2865","14","208",9,Credit Card,2025-03-09
"10004360","60633","2462","8","541",5,Cash,2025-10-05
"10004361","137926","2104","16","241",3,Credit Card,2025-08-01
"10004362","118115","1601","9","585",11,Digital Wallet,2025-08-16
"10004363","109363","1472","5","501",16,Points,2025-09-25
"10004364","141161","1757","17","555",7,Credit Card,2025-10-05
"10004365","138362","2553","7","438",16,Digital Wallet,2025-08-01
"10004366","60290","2819","4","324",2,Cash,2025-10-07
"10004367","89868","2327","20","260",12,Cash,2025-01-28
"10004368","112930","2048","6","486",11,Digital Wallet,2025-11-21
"10004369","79825","2544","20","423",20,Cash,2025-01-11
"10004370","64388","1026","9","226",8,Digital Wallet,2025-09-12
"10004371","94090","2779","12","323",12,Points,2025-10-04
"10004372","56704","2865","5","577",18,Credit Card,2025-06-30
"10004373","77250","2580","14","362",4,Cash,2025-09-11
"10004374","146434","2261","5","612",10,Digital Wallet,2025-11-04
"10004375","58318","1728","14","559",19,Digital Wallet,2025-07-28
"10004376","95396","2534","4","201",13,Credit Card,2025-03-24
"10004377","94458","1114","15","305",13,Digital Wallet,2025-10-16
"10004378","123393","2213","16","260",9,Digital Wallet,2025-11-29
"10004379","114440","2755","14","680",17,Credit Card,2025-12-11
"10004380","81296","2472","19","241",11,Points,2025-08-12
"10004381","78168","2642","13","541",10,Digital Wallet,2025-08-23
"10004382","131339","2711","18","381",14,Points,2025-12-09
"10004383","57578","1604","4","495",18,Points,2025-08-19
"10004384","75188","1699","6","296",19,Credit Card,2025-03-02
"10004385","102301","2311","16","299",8,Points,2025-02-19
"10004386","117174","2214","16","268",10,Credit Card,2025-11-25
"10004387","58766","2876","8","606",12,Credit Card,2025-07-23
"10004388","97406","1838","10","433",8,Points,2025-05-03
"10004389","122827","2158","7","357",12,Cash,2025-02-05
"10004390","148023","2376","5","468",11,Points,2025-07-03
"10004391","92909","2042","8","430",12,Credit Card,2025-10-11
"10004392","80414","2198","6","603",11,Cash,2025-10-23
"10004393","94895","1953","4","492",14,Points,2025-12-23
"10004394","102241","1970","8","474",1,Digital Wallet,2025-06-23
"10004395","63557","1396","9","410",9,Credit Card,2025-04-25
"10004396","66655","1322","15","619",6,Points,2025-07-31
"10004397","77650","1593","4","382",9,Points,2025-01-01
"10004398","63502","2489","8","496",12,Cash,2025-09-08
"10004399","149097","1497","16","259",1,Digital Wallet,2025-03-07
"10004400","87429","1015","4","247",1,Cash,2025-01-29
"10004401","104804","1678","19","514",13,Cash,2025-12-14
"10004402","108910","2114","16","352",18,Cash,2025-06-11
"10004403","143378","1521","11","340",10,Digital Wallet,2025-04-01
"10004404","63811","1701","7","220",9,Credit Card,2025-08-28
"10004405","149268","1518","10","333",9,Digital Wallet,2025-10-17
"10004406","130427","1537","6","477",11,Digital Wallet,2025-03-17
"10004407","86584","2825","13","542",2,Credit Card,2025-06-16
"10004408","118873","1514","13","247",7,Cash,2025-01-04
"10004409","56605","1382","18","671",1,Points,2025-11-14
"10004410","54999","2253","1","482",9,Digital Wallet,2025-11-23
"10004411","117082","1299","7","422",15,Credit Card,2025-01-19
"10004412","103368","2150","3","342",8,Cash,2025-09-25
"10004413","81171","2205","19","462",7,Digital Wallet,2025-10-31
"10004414","56497","2728","7","279",1,Credit Card,2025-03-03
"10004415","142740","2667","2","326",19,Points,2025-12-12
"10004416","105428","1459","20","609",5,Digital Wallet,2025-01-06
"10004417","74272","1348","7","313",17,Points,2025-06-29
"10004418","88811","1677","20","511",18,Credit Card,2025-11-17
"10004419","86422","2216","9","591",9,Cash,2025-04-27
"10004420","89104","1280","18","478",11,Points,2025-01-09
"10004421","87439","1662","2","688",9,Points,2025-05-04
"10004422","51771","1440","11","614",4,Digital Wallet,2025-10-19
"10004423","128737","2893","18","404",14,Cash,2025-12-13
"10004424","86277","2431","15","680",5,Cash,2025-11-14
"10004425","95930","2796","11","351",13,Credit Card,2025-05-17
"10004426","76733","1381","11","442",20,Digital Wallet,2025-08-24
"10004427","73300","2318","15","667",19,Digital Wallet,2025-01-11
"10004428","138406","1793","20","681",14,Cash,2025-10-20
"10004429","124425","2626","3","632",18,Digital Wallet,2025-04-17
"10004430","105008","2119","13","562",15,Cash,2025-07-18
"10004431","126511","1234","12","490",6,Points,2025-09-24
"10004432","69633","1858","15","478",13,Credit Card,2025-07-15
"10004433","138631","1490","1","347",19,Points,2025-06-10
"10004434","79692","1629","15","405",19,Cash,2025-10-21
"10004435","62207","1960","3","618",15,Points,2025-10-03
"10004436","84949","1053","9","442",14,Digital Wallet,2025-09-08
"10004437","131058","1875","2","412",16,Credit Card,2025-03-28
"10004438","110054","2712","2","389",18,Points,2025-12-30
"10004439","77448","1069","11","644",15,Cash,2025-02-08
"10004440","65191","1980","10","560",8,Credit Card,2025-05-02
"10004441","92475","2423","3","488",1,Cash,2025-05-23
"10004442","138354","1629","13","486",9,Points,2025-02-18
"10004443","143075","2767","3","411",11,Points,2025-12-30
"10004444","115672","1589","9","597",9,Digital Wallet,2025-12-26
"10004445","74010","2349","17","602",10,Credit Card,2025-12-06
"10004446","50594","2202","6","264",6,Credit Card,2025-09-15
"10004447","68643","1191","17","331",3,Credit Card,2025-06-19
"10004448","73628","2055","19","397",17,Digital Wallet,2025-07-27
"10004449","118634","1317","12","647",2,Digital Wallet,2025-02-26
"10004450","136410","2446","14","210",6,Digital Wallet,2025-01-08
"10004451","92578","1199","14","663",14,Digital Wallet,2025-11-11
"10004452","126990","1320","19","399",9,Credit Card,2025-06-12
"10004453","58414","1624","7","336",7,Points,2025-05-18
"10004454","115942","2669","16","429",12,Credit Card,2025-07-18
"10004455","137635","2162","3","394",17,Cash,2025-03-01
"10004456","62810","1883","7","421",19,Digital Wallet,2025-05-24
"10004457","76973","2442","17","337",16,Cash,2025-06-04
"10004458","128890","2313","10","237",5,Points,2025-06-13
"10004459","52465","1445","7","454",16,Credit Card,2025-04-15
"10004460","70473","2497","3","254",7,Points,2025-08-10
"10004461","59186","2903","18","570",1,Credit Card,2025-03-31
"10004462","132395","1964","14","297",2,Cash,2025-02-26
"10004463","146544","2968","2","624",13,Digital Wallet,2025-10-12
"10004464","106900","1679","6","325",1,Points,2025-08-18
"10004465","120266","2351","17","330",17,Cash,2025-01-23
"10004466","68351","2668","11","334",10,Digital Wallet,2025-03-24
"10004467","72340","2957","10","461",5,Digital Wallet,2025-10-11
"10004468","77523","2676","2","653",7,Cash,2025-10-25
"10004469","97968","2606","10","553",5,Cash,2025-06-21
"10004470","50622","2705","20","381",6,Points,2025-08-19
"10004471","125668","1449","15","499",14,Cash,2025-10-10
"10004472","50868","2802","9","205",5,Credit Card,2025-06-17
"10004473","50731","2955","15","408",6,Cash,2025-03-26
"10004474","148847","1446","20","231",2,Points,2025-11-13
"10004475","148397","1077","12","565",11,Cash,2025-03-13
"10004476","90016","2799","4","345",3,Digital Wallet,2025-04-21
"10004477","121756","2863","10","650",9,Digital Wallet,2025-01-22
"10004478","65496","1639","17","398",10,Credit Card,2025-09-18
"10004479","127110","1988","7","313",16,Cash,2025-09-15
"10004480","108937","1746","7","696",19,Points,2025-07-16
"10004481","62885","1031","11","266",8,Points,2025-06-07
"10004482","91880","2734","6","326",6,Points,2025-09-08
"10004483","88173","1652","17","327",10,Digital Wallet,2025-11-05
"10004484","77538","1121","12","402",12,Credit Card,2025-05-19
"10004485","93858","1354","20","424",9,Digital Wallet,2025-12-20
"10004486","90021","1393","9","496",13,Points,2025-10-26
"10004487","128772","2132","13","405",10,Cash,2025-01-03
"10004488","88510","1437","14","481",18,Points,2025-04-04
"10004489","107264","2464","11","480",9,Cash,2025-07-31
"10004490","143099","2163","16","633",12,Points,2025-03-04
"10004491","94405","2317","1","553",15,Points,2025-06-04
"10004492","57330","1718","20","501",9,Points,2025-10-02
"10004493","77465","1290","15","258",4,Cash,2025-10-05
"10004494","72876","2670","4","562",17,Digital Wallet,2025-10-02
"10004495","128057","1969","7","369",16,Points,2025-10-02
"10004496","70066","1185","17","634",7,Cash,2025-07-13
"10004497","139861","2543","20","212",11,Digital Wallet,2025-10-11
"10004498","58973","1982","16","636",7,Digital Wallet,2025-08-14
"10004499","63754","2624","14","440",13,Cash,2025-10-21
"10004500","52778","1783","8","505",6,Credit Card,2025-10-29
"10004501","92204","1156","2","584",18,Cash,2025-07-12
"10004502","59090","1358","4","272",13,Digital Wallet,2025-12-06
"10004503","128023","2988","14","685",15,Points,2025-10-24
"10004504","118335","2958","13","301",10,Cash,2025-09-08
"10004505","138304","2258","18","428",1,Digital Wallet,2025-07-20
"10004506","142815","2511","9","654",16,Credit Card,2025-12-10
"10004507","64547","1567","1","530",16,Credit Card,2025-10-13
"10004508","123295","2329","14","417",19,Digital Wallet,2025-01-16
"10004509","103918","2073","10","451",16,Digital Wallet,2025-12-07
"10004510","79382","1669","11","320",8,Points,2025-05-17
"10004511","106342","1755","1","350",9,Digital Wallet,2025-08-15
"10004512","137182","1691","13","533",9,Points,2025-06-10
"10004513","142549","1223","18","524",5,Points,2025-12-16
"10004514","109171","1157","20","659",5,Cash,2025-01-09
"10004515","143391","1405","14","431",1,Points,2025-03-08
"10004516","114520","2406","13","578",15,Cash,2025-05-03
"10004517","50872","1852","16","243",12,Cash,2025-01-27
"10004518","126684","2872","1","219",2,Cash,2025-12-18
"10004519","108857","2417","1","550",9,Digital Wallet,2025-11-16
"10004520","109778","2347","13","337",12,Digital Wallet,2025-08-16
"10004521","131797","2954","16","557",8,Points,2025-04-27
"10004522","83869","1904","2","676",17,Credit Card,2025-04-20
"10004523","81026","1308","16","424",20,Cash,2025-07-20
"10004524","149602","2279","2","351",19,Digital Wallet,2025-11-10
"10004525","74338","2349","8","696",3,Cash,2025-12-25
"10004526","50091","2228","6","679",5,Credit Card,2025-02-22
"10004527","102029","2975","5","573",9,Digital Wallet,2025-04-01
"10004528","117585","2218","7","260",20,Cash,2025-06-19
"10004529","99640","2941","7","463",15,Digital Wallet,2025-05-19
"10004530","81806","1002","10","580",12,Cash,2025-06-12
"10004531","84889","2048","7","600",20,Cash,2025-02-26
"10004532","93200","2783","2","562",4,Points,2025-01-17
"10004533","102887","2102","15","352",4,Cash,2025-03-31
"10004534","80491","2520","10","634",8,Cash,2025-06-05
"10004535","80377","1965","13","405",7,Credit Card,2025-09-24
"10004536","104030","2679","20","521",7,Points,2025-10-19
"10004537","105891","1559","18","654",16,Credit Card,2025-08-06
"10004538","149203","2023","1","333",17,Cash,2025-04-06
"10004539","70448","1298","2","492",9,Credit Card,2025-03-18
"10004540","59799","2313","2","525",10,Cash,2025-03-02
"10004541","131592","1457","14","490",2,Credit Card,2025-09-05
"10004542","50673","1226","16","266",11,Cash,2025-01-18
"10004543","110638","1001","18","371",11,Credit Card,2025-08-04
"10004544","109321","1528","15","273",8,Points,2025-09-13
"10004545","110598","2652","11","244",6,Credit Card,2025-03-20
"10004546","53426","1692","19","611",12,Credit Card,2025-05-11
"10004547","100527","2567","10","436",1,Credit Card,2025-06-18
"10004548","82552","1387","2","284",11,Points,2025-07-06
"10004549","62262","1632","16","525",9,Points,2025-10-01
"10004550","83996","2482","11","621",18,Cash,2025-04-10
"10004551","82052","2314","13","383",18,Digital Wallet,2025-11-25
"10004552","115143","1409","11","413",13,Points,2025-01-30
"10004553","137106","1117","19","371",3,Digital Wallet,2025-09-21
"10004554","80059","2352","9","464",7,Points,2025-08-09
"10004555","69350","2617","16","661",18,Points,2025-09-06
"10004556","88384","1043","15","326",12,Digital Wallet,2025-07-27
"10004557","143704","2377","17","478",15,Credit Card,2025-02-11
"10004558","81157","1539","13","655",7,Points,2025-01-03
"10004559","68095","1919","14","516",20,Digital Wallet,2025-01-10
"10004560","105347","2569","12","359",10,Credit Card,2025-04-05
"10004561","60965","2820","9","648",20,Points,2025-12-21
"10004562","127168","2989","16","271",9,Points,2025-11-13
"10004563","60390","1518","1","437",15,Credit Card,2025-03-24
"10004564","60947","1614","18","406",8,Points,2025-10-15
"10004565","88499","2892","16","658",4,Credit Card,2025-05-25
"10004566","57883","2465","6","638",8,Digital Wallet,2025-03-10
"10004567","148977","2558","13","425",9,Digital Wallet,2025-12-16
"10004568","111500","2421","18","539",2,Points,2025-11-20
"10004569","67817","2113","4","484",9,Credit Card,2025-10-24
"10004570","91405","2355","17","505",19,Cash,2025-02-25
"10004571","85142","2977","3","508",9,Digital Wallet,2025-07-29
"10004572","66548","1415","4","425",13,Digital Wallet,2025-08-04
"10004573","71471","2073","15","313",12,Digital Wallet,2025-03-21
"10004574","114431","1071","3","312",18,Points,2025-10-31
"10004575","108114","2124","17","676",9,Digital Wallet,2025-03-18
"10004576","108107","2574","19","692",8,Digital Wallet,2025-12-21
"10004577","102931","2014","15","277",8,Credit Card,2025-11-14
"10004578","58914","2868","3","201",14,Cash,2025-06-26
"10004579","130010","1237","3","356",19,Digital Wallet,2025-09-02
"10004580","149195","2584","11","368",7,Digital Wallet,2025-03-03
"10004581","137511","2127","13","589",15,Digital Wallet,2025-11-09
"10004582","128336","1896","2","568",12,Digital Wallet,2025-08-02
"10004583","70255","1681","13","258",15,Credit Card,2025-03-16
"10004584","115561","1225","12","406",8,Points,2025-06-19
"10004585","82490","1765","8","218",1,Digital Wallet,2025-03-04
"10004586","70112","2450","19","690",10,Credit Card,2025-08-29
"10004587","138392","2609","6","401",6,Points,2025-05-20
"10004588","112305","1228","11","443",4,Cash,2025-05-29
"10004589","54030","2554","9","628",20,Digital Wallet,2025-09-23
"10004590","92236","1507","2","241",13,Credit Card,2025-08-27
"10004591","90900","2675","10","473",4,Points,2025-05-27
"10004592","149045","2789","8","656",7,Credit Card,2025-07-28
"10004593","98340","2618","7","512",17,Credit Card,2025-09-02
"10004594","94592","2914","8","697",7,Credit Card,2025-03-03
"10004595","120406","2099","17","456",20,Credit Card,2025-02-22
"10004596","115658","1213","4","298",8,Points,2025-08-31
"10004597","118211","2455","7","388",14,Points,2025-01-24
"10004598","130048","2094","5","587",18,Digital Wallet,2025-02-11
"10004599","82499","1750","12","223",4,Cash,2025-07-05
"10004600","56107","1247","17","284",4,Cash,2025-09-30
"10004601","69657","1627","20","415",9,Digital Wallet,2025-05-21
"10004602","129078","1647","4","556",18,Points,2025-12-30
"10004603","130257","1626","14","574",1,Digital Wallet,2025-07-27
"10004604","82187","2036","4","227",1,Cash,2025-02-16
"10004605","142824","1538","4","518",2,Points,2025-07-18
"10004606","63836","1270","3","542",6,Credit Card,2025-11-21
"10004607","56492","1440","8","229",3,Cash,2025-05-01
"10004608","91416","1668","14","304",15,Points,2025-08-18
"10004609","94643","2368","4","412",19,Cash,2025-02-11
"10004610","138246","1543","3","559",8,Credit Card,2025-10-29
"10004611","118619","2799","15","669",7,Points,2025-08-08
"10004612","130980","2355","14","608",10,Credit Card,2025-02-19
"10004613","64660","2943","2","684",14,Points,2025-02-13
"10004614","115041","1309","17","369",3,Digital Wallet,2025-02-17
"10004615","122637","1319","20","430",7,Points,2025-07-01
"10004616","148971","1867","1","574",4,Points,2025-07-30
"10004617","148128","2101","4","233",1,Digital Wallet,2025-09-08
"10004618","76164","2670","19","450",12,Credit Card,2025-07-20
"10004619","143484","2782","6","411",19,Cash,2025-03-18
"10004620","112831","1727","8","348",4,Digital Wallet,2025-07-14
"10004621","93548","2535","18","318",14,Points,2025-11-03
"10004622","133515","2028","2","627",2,Cash,2025-05-08
"10004623","91607","1328","13","655",3,Points,2025-08-10
"10004624","105182","1374","17","471",7,Digital Wallet,2025-06-30
"10004625","104158","2794","5","358",6,Points,2025-03-14
"10004626","108414","2306","15","624",14,Cash,2025-04-22
"10004627","66340","1054","17","242",6,Points,2025-10-14
"10004628","73454","1086","8","673",14,Cash,2025-10-01
"10004629","110579","1968","20","459",7,Points,2025-08-24
"10004630","59640","2292","8","568",19,Digital Wallet,2025-10-20
"10004631","138244","1135","17","341",16,Points,2025-03-29
"10004632","120938","1989","3","371",17,Digital Wallet,2025-11-19
"10004633","80675","2604","5","433",4,Digital Wallet,2025-12-12
"10004634","65621","1653","16","357",15,Credit Card,2025-04-14
"10004635","91447","1507","13","311",5,Digital Wallet,2025-06-16
"10004636","128259","1316","11","662",2,Digital Wallet,2025-12-17
"10004637","132442","1807","17","394",17,Credit Card,2025-09-28
"10004638","92611","2592","14","333",3,Points,2025-08-24
"10004639","55867","2865","13","438",20,Credit Card,2025-09-17
"10004640","85699","2945","19","521",8,Points,2025-07-22
"10004641","71093","2739","6","238",9,Cash,2025-11-07
"10004642","130760","1088","20","466",8,Cash,2025-09-26
"10004643","105361","2797","3","588",7,Points,2025-11-04
"10004644","73680","1166","16","607",9,Cash,2025-05-20
"10004645","57644","1003","17","566",16,Points,2025-08-04
"10004646","99392","2690","15","688",20,Points,2025-08-16
"10004647","70587","2162","13","587",18,Credit Card,2025-04-09
"10004648","52664","1720","6","322",17,Credit Card,2025-08-27
"10004649","121503","2582","9","243",17,Cash,2025-04-24
"10004650","52021","1786","14","632",6,Digital Wallet,2025-11-03
"10004651","108340","1991","15","368",2,Cash,2025-02-02
"10004652","79909","2841","11","318",3,Points,2025-02-13
"10004653","61177","2954","12","433",17,Points,2025-01-07
"10004654","129874","2763","11","583",10,Credit Card,2025-09-11
"10004655","141922","1307","15","286",13,Cash,2025-09-05
"10004656","143873","1421","9","673",18,Digital Wallet,2025-05-15
"10004657","109003","2630","1","356",6,Credit Card,2025-06-28
"10004658","78950","2785","7","486",19,Cash,2025-12-01
"10004659","119034","1502","14","433",20,Cash,2025-02-23
"10004660","133188","2565","13","527",17,Digital Wallet,2025-10-17
"10004661","86624","2928","3","602",13,Digital Wallet,2025-03-06
"10004662","142481","1499","3","216",20,Cash,2025-04-30
"10004663","96100","1297","14","245",3,Credit Card,2025-08-24
"10004664","106324","1774","17","260",10,Credit Card,2025-09-11
"10004665","63499","1744","9","548",5,Digital Wallet,2025-09-15
"10004666","79550","1858","17","216",7,Points,2025-05-11
"10004667","98827","2093","11","595",6,Cash,2025-10-02
"10004668","58204","2242","15","354",1,Digital Wallet,2025-01-11
"10004669","140145","2684","14","410",17,Points,2025-04-08
"10004670","114380","1191","6","629",18,Digital Wallet,2025-08-30
"10004671","60829","1549","3","272",1,Digital Wallet,2025-04-27
"10004672","50663","2332","3","580",1,Credit Card,2025-06-07
"10004673","99495","2454","14","335",6,Points,2025-01-14
"10004674","84068","1465","17","565",7,Credit Card,2025-04-09
"10004675","128172","2976","8","349",3,Points,2025-04-08
"10004676","84023","1039","19","687",11,Digital Wallet,2025-08-21
"10004677","87198","1662","10","526",19,Credit Card,2025-04-01
"10004678","142353","1481","20","498",7,Points,2025-04-14
"10004679","149554","2601","20","345",4,Credit Card,2025-05-26
"10004680","142627","2644","4","515",12,Cash,2025-05-29
"10004681","66053","2948","14","281",19,Digital Wallet,2025-09-16
"10004682","50780","2369","8","281",13,Cash,2025-08-17
"10004683","123406","1312","17","265",6,Digital Wallet,2025-10-18
"10004684","110371","2842","13","526",2,Cash,2025-08-13
"10004685","103344","1256","3","354",15,Cash,2025-08-22
"10004686","141255","2277","20","451",6,Points,2025-09-28
"10004687","59966","2684","20","594",3,Points,2025-04-17
"10004688","116457","2352","20","299",10,Points,2025-09-30
"10004689","110881","1449","7","293",1,Points,2025-12-26
"10004690","80246","2689","19","469",10,Digital Wallet,2025-11-02
"10004691","109148","1074","1","601",1,Points,2025-10-23
"10004692","146866","2714","19","509",12,Points,2025-08-06
"10004693","111236","1601","8","655",4,Digital Wallet,2025-02-10
"10004694","104663","1700","7","212",3,Points,2025-05-16
"10004695","78743","1598","12","398",9,Points,2025-05-16
"10004696","129517","2817","19","330",11,Digital Wallet,2025-11-19
"10004697","69579","2324","10","362",16,Cash,2025-02-13
"10004698","95241","1722","1","472",7,Credit Card,2025-03-31
"10004699","74649","1257","9","349",7,Credit Card,2025-12-02
"10004700","97095","2975","2","301",5,Points,2025-12-10
"10004701","66365","1698","14","448",17,Points,2025-10-14
"10004702","80711","2356","12","206",4,Points,2025-03-21
"10004703","127317","2299","9","226",18,Digital Wallet,2025-11-30
"10004704","122626","2683","18","305",19,Cash,2025-02-20
"10004705","112075","2052","4","239",10,Digital Wallet,2025-05-13
"10004706","128823","2471","1","415",5,Credit Card,2025-12-22
"10004707","146086","1989","5","489",17,Points,2025-06-07
"10004708","119763","2335","16","640",10,Credit Card,2025-05-05
"10004709","122070","1622","10","225",10,Credit Card,2025-12-08
"10004710","114748","1165","2","329",17,Credit Card,2025-02-02
"10004711","109273","1656","15","296",12,Cash,2025-09-26
"10004712","131128","1408","19","506",7,Cash,2025-04-15
"10004713","61861","1880","4","316",4,Digital Wallet,2025-08-04
"10004714","66577","2142","4","393",11,Credit Card,2025-05-11
"10004715","118778","2641","10","342",15,Points,2025-03-29
"10004716","135456","2464","4","678",2,Points,2025-03-12
"10004717","88179","1517","8","386",20,Digital Wallet,2025-07-25
"10004718","97805","2485","2","295",15,Cash,2025-01-25
"10004719","61063","2325","7","588",5,Credit Card,2025-09-25
"10004720","111788","2321","1","429",9,Cash,2025-12-22
"10004721","141899","2595","4","447",11,Cash,2025-08-26
"10004722","131093","2249","20","378",15,Digital Wallet,2025-08-23
"10004723","88525","2084","11","303",7,Cash,2025-01-01
"10004724","56875","2944","12","338",7,Credit Card,2025-04-02
"10004725","107239","2471","16","512",1,Credit Card,2025-01-28
"10004726","145265","2599","4","478",6,Credit Card,2025-03-01
"10004727","137961","1725","9","211",17,Points,2025-04-22
"10004728","90986","1463","18","269",14,Points,2025-08-24
"10004729","73854","2987","1","472",19,Digital Wallet,2025-09-29
"10004730","147623","2125","20","354",15,Cash,2025-06-18
"10004731","121138","1268","12","239",5,Digital Wallet,2025-04-14
"10004732","146017","1101","4","281",11,Cash,2025-07-13
"10004733","148361","2849","2","334",18,Cash,2025-03-11
"10004734","53576","1735","13","244",19,Credit Card,2025-10-19
"10004735","59926","1558","8","520",2,Digital Wallet,2025-01-15
"10004736","60003","2310","19","417",5,Points,2025-01-24
"10004737","118986","1742","7","505",1,Digital Wallet,2025-09-14
"10004738","127253","1872","16","308",3,Credit Card,2025-11-09
"10004739","99682","2339","12","405",19,Credit Card,2025-06-27
"10004740","80060","1308","11","576",19,Digital Wallet,2025-05-14
"10004741","88380","1326","15","462",2,Credit Card,2025-07-19
"10004742","113940","2133","16","499",4,Cash,2025-12-04
"10004743","138970","2437","12","302",8,Points,2025-07-28
"10004744","146863","2083","1","338",11,Credit Card,2025-07-31
"10004745","121824","2378","15","332",11,Digital Wallet,2025-01-16
"10004746","51024","2863","2","595",20,Points,2025-05-07
"10004747","80908","2202","2","237",16,Cash,2025-01-11
"10004748","101097","1539","15","653",13,Points,2025-04-13
"10004749","149798","2960","13","522",19,Credit Card,2025-10-26
"10004750","64134","1409","17","613",2,Credit Card,2025-10-29
"10004751","52398","1198","1","678",17,Cash,2025-05-06
"10004752","95424","2229","15","251",12,Credit Card,2025-03-23
"10004753","128778","1826","11","462",20,Credit Card,2025-12-23
"10004754","128111","1088","10","568",6,Cash,2025-04-14
"10004755","79846","2811","19","379",20,Cash,2025-07-19
"10004756","69604","2801","4","572",16,Digital Wallet,2025-05-06
"10004757","89668","2702","15","652",8,Points,2025-06-17
"10004758","82425","2962","17","346",11,Points,2025-12-18
"10004759","62049","2080","5","310",10,Digital Wallet,2025-12-11
"10004760","109783","2419","14","398",17,Digital Wallet,2025-01-25
"10004761","127126","1994","9","310",5,Points,2025-05-22
"10004762","137259","2640","19","280",18,Digital Wallet,2025-05-21
"10004763","51191","1122","1","289",12,Credit Card,2025-08-18
"10004764","132441","2849","17","420",19,Cash,2025-02-22
"10004765","110823","2695","4","379",17,Credit Card,2025-07-03
"10004766","62270","2419","4","528",7,Credit Card,2025-05-22
"10004767","56860","2769","9","278",2,Points,2025-04-03
"10004768","145174","1360","7","248",13,Points,2025-12-16
"10004769","116493","1662","5","629",9,Digital Wallet,2025-04-17
"10004770","137793","1819","1","505",7,Credit Card,2025-10-11
"10004771","92613","1883","8","699",15,Points,2025-10-20
"10004772","117934","2875","14","466",18,Credit Card,2025-02-17
"10004773","136484","2544","4","436",13,Points,2025-03-12
"10004774","99709","1964","20","339",14,Cash,2025-05-11
"10004775","96792","1429","3","591",13,Points,2025-05-16
"10004776","143274","2134","18","387",19,Digital Wallet,2025-06-24
"10004777","127714","1064","6","261",3,Points,2025-02-14
"10004778","63868","1962","20","286",8,Credit Card,2025-01-19
"10004779","53351","2540","20","270",8,Credit Card,2025-09-04
"10004780","89596","2409","2","266",19,Digital Wallet,2025-10-08
"10004781","77765","1303","13","305",19,Cash,2025-07-15
"10004782","68437","2298","15","653",12,Digital Wallet,2025-12-18
"10004783","91765","2742","5","297",9,Credit Card,2025-11-24
"10004784","77581","2850","17","353",3,Cash,2025-12-30
"10004785","134427","1929","17","538",20,Credit Card,2025-03-04
"10004786","99031","2124","11","290",6,Cash,2025-06-02
"10004787","105804","1567","17","437",2,Cash,2025-08-09
"10004788","128252","2515","13","591",5,Cash,2025-01-02
"10004789","142897","2063","20","577",7,Credit Card,2025-06-18
"10004790","114946","1306","13","250",7,Credit Card,2025-01-24
"10004791","147748","2127","19","439",20,Digital Wallet,2025-12-13
"10004792","79884","2978","18","377",3,Digital Wallet,2025-10-08
"10004793","95760","2714","5","229",3,Credit Card,2025-04-28
"10004794","60502","1970","19","487",20,Credit Card,2025-12-20
"10004795","147514","2905","12","208",12,Cash,2025-08-19
"10004796","129196","2557","1","368",3,Digital Wallet,2025-06-05
"10004797","109372","1283","4","485",5,Credit Card,2025-06-10
"10004798","63809","1943","10","584",9,Credit Card,2025-08-27
"10004799","97192","1905","5","316",10,Points,2025-12-04
"10004800","75818","1233","9","619",9,Points,2025-02-15
"10004801","106676","1544","9","562",15,Credit Card,2025-01-21
"10004802","115894","2268","16","587",6,Digital Wallet,2025-10-24
"10004803","79172","2907","13","544",3,Cash,2025-04-14
"10004804","86443","2919","5","413",5,Cash,2025-08-14
"10004805","71567","2836","7","606",20,Credit Card,2025-04-11
"10004806","99819","1184","3","501",5,Credit Card,2025-11-24
"10004807","136976","1877","5","606",15,Cash,2025-12-06
"10004808","58498","1831","19","700",14,Cash,2025-06-27
"10004809","95490","1232","7","492",20,Digital Wallet,2025-04-23
"10004810","78380","2713","15","444",9,Points,2025-12-20
"10004811","116281","1642","3","268",3,Digital Wallet,2025-08-11
"10004812","67712","2245","17","548",7,Digital Wallet,2025-05-28
"10004813","138148","1209","9","459",7,Cash,2025-10-01
"10004814","81266","2287","9","255",17,Points,2025-12-28
"10004815","142737","1776","20","512",18,Credit Card,2025-03-04
"10004816","105441","2690","18","208",4,Points,2025-10-08
"10004817","84026","1760","8","656",16,Points,2025-01-23
"10004818","51489","2798","13","510",5,Digital Wallet,2025-09-21
"10004819","141819","2743","15","489",16,Points,2025-09-02
"10004820","121324","2478","11","297",17,Credit Card,2025-08-19
"10004821","56290","2313","19","596",9,Credit Card,2025-12-01
"10004822","65531","2769","18","460",11,Credit Card,2025-06-08
"10004823","78028","1065","10","387",20,Credit Card,2025-03-18
"10004824","55989","1782","1","506",7,Digital Wallet,2025-09-16
"10004825","138875","1437","17","231",18,Digital Wallet,2025-12-08
"10004826","136601","1778","2","629",11,Cash,2025-05-23
"10004827","66910","1353","18","266",20,Points,2025-09-15
"10004828","73045","2796","8","230",17,Credit Card,2025-11-18
"10004829","100940","2646","12","437",6,Points,2025-06-07
"10004830","56316","1912","3","601",14,Credit Card,2025-06-24
"10004831","149958","2323","18","579",15,Cash,2025-01-24
"10004832","115109","1130","7","700",11,Digital Wallet,2025-12-15
"10004833","112558","2954","13","402",15,Points,2025-01-14
"10004834","139150","1949","8","258",7,Digital Wallet,2025-12-05
"10004835","117398","2481","6","329",1,Points,2025-10-25
"10004836","78878","2077","13","502",5,Credit Card,2025-11-14
"10004837","63432","1111","12","222",2,Credit Card,2025-07-16
"10004838","105044","2695","16","202",9,Cash,2025-08-21
"10004839","130573","1804","19","245",7,Digital Wallet,2025-11-04
"10004840","60278","2340","10","376",13,Credit Card,2025-03-08
"10004841","61842","1429","9","625",11,Digital Wallet,2025-03-09
"10004842","67958","2454","4","208",9,Credit Card,2025-07-01
"10004843","85074","1666","12","500",14,Digital Wallet,2025-08-23
"10004844","148867","2792","1","552",8,Credit Card,2025-11-04
"10004845","128522","2095","3","484",12,Points,2025-11-25
"10004846","89499","1347","10","522",17,Credit Card,2025-05-21
"10004847","122462","2666","4","334",10,Credit Card,2025-04-05
"10004848","73105","2642","20","636",6,Points,2025-05-01
"10004849","147534","1449","16","597",20,Digital Wallet,2025-01-01
"10004850","75833","2227","4","428",18,Credit Card,2025-04-22
"10004851","136285","1319","5","294",16,Digital Wallet,2025-07-23
"10004852","129335","2725","2","576",15,Cash,2025-02-07
"10004853","101817","1200","14","427",13,Points,2025-08-27
"10004854","103350","1727","2","513",16,Points,2025-12-12
"10004855","83391","1469","1","211",15,Cash,2025-11-29
"10004856","74716","2416","5","351",6,Credit Card,2025-06-30
"10004857","118895","2215","5","635",14,Cash,2025-05-19
"10004858","137055","1415","16","697",18,Digital Wallet,2025-02-15
"10004859","131750","1813","8","204",15,Cash,2025-07-08
"10004860","113612","2835","16","558",19,Digital Wallet,2025-02-09
"10004861","102908","1753","12","295",4,Credit Card,2025-08-15
"10004862","130444","1598","17","687",16,Digital Wallet,2025-01-27
"10004863","83225","2125","8","320",12,Cash,2025-06-18
"10004864","50678","1614","4","635",8,Credit Card,2025-03-08
"10004865","58939","2474","9","295",7,Credit Card,2025-05-27
"10004866","79796","2231","11","634",14,Digital Wallet,2025-01-19
"10004867","138649","1577","9","556",10,Points,2025-09-21
"10004868","107120","1688","15","403",3,Cash,2025-11-07
"10004869","109122","2347","4","550",13,Digital Wallet,2025-01-21
"10004870","65399","2596","7","241",19,Points,2025-07-16
"10004871","61079","1271","6","390",20,Credit Card,2025-04-07
"10004872","52280","2408","14","494",15,Digital Wallet,2025-12-30
"10004873","138331","1903","5","211",4,Credit Card,2025-07-21
"10004874","116683","2745","16","206",9,Points,2025-05-22
"10004875","88334","2287","10","293",19,Cash,2025-05-25
"10004876","145774","2898","2","383",9,Digital Wallet,2025-07-29
"10004877","81965","2512","11","641",9,Points,2025-11-23
"10004878","63167","2318","11","597",5,Points,2025-08-15
"10004879","69762","2038","1","392",12,Points,2025-02-14
"10004880","92137","1836","15","372",3,Cash,2025-10-27
"10004881","119682","1805","12","597",5,Credit Card,2025-05-02
"10004882","132386","1237","2","620",7,Points,2025-12-17
"10004883","112875","2379","12","573",12,Cash,2025-11-19
"10004884","72791","1899","14","276",7,Credit Card,2025-08-19
"10004885","137116","1518","2","204",16,Digital Wallet,2025-05-28
"10004886","105241","2328","4","518",13,Digital Wallet,2025-09-27
"10004887","66446","2878","1","252",14,Digital Wallet,2025-05-23
"10004888","122970","1599","14","672",17,Cash,2025-08-11
"10004889","96366","2846","19","662",9,Points,2025-01-20
"10004890","64937","1024","14","411",11,Credit Card,2025-03-21
"10004891","92809","1277","16","479",11,Cash,2025-08-13
"10004892","56171","2377","8","405",16,Credit Card,2025-07-11
"10004893","94543","1155","19","261",1,Points,2025-11-24
"10004894","128200","2033","13","514",20,Credit Card,2025-01-01
"10004895","100424","1844","20","327",17,Digital Wallet,2025-09-24
"10004896","83091","1485","2","284",2,Cash,2025-04-03
"10004897","109784","2643","2","590",18,Digital Wallet,2025-08-22
"10004898","79238","2652","19","310",13,Digital Wallet,2025-03-27
"10004899","109208","1472","8","660",7,Credit Card,2025-03-12
"10004900","69009","1944","9","356",7,Credit Card,2025-05-23
"10004901","90966","2215","1","380",9,Digital Wallet,2025-06-15
"10004902","82161","2914","5","414",2,Digital Wallet,2025-02-21
"10004903","85407","1732","16","362",7,Points,2025-07-20
"10004904","62498","1390","16","579",10,Points,2025-06-30
"10004905","122223","1164","8","633",20,Cash,2025-05-23
"10004906","68260","1847","19","588",15,Credit Card,2025-12-06
"10004907","138052","1362","5","595",3,Digital Wallet,2025-04-21
"10004908","53172","1510","5","433",17,Cash,2025-02-04
"10004909","57905","2486","19","392",10,Points,2025-02-22
"10004910","97327","1150","13","633",18,Cash,2025-10-30
"10004911","61447","1409","20","664",6,Points,2025-07-31
"10004912","137181","2347","16","358",3,Cash,2025-09-17
"10004913","55735","2207","5","667",17,Cash,2025-05-29
"10004914","114088","1858","16","646",16,Cash,2025-04-28
"10004915","109706","2818","18","659",10,Digital Wallet,2025-08-08
"10004916","61888","1215","13","416",10,Credit Card,2025-09-07
"10004917","83510","1013","15","241",7,Digital Wallet,2025-12-30
"10004918","55671","2212","17","229",11,Credit Card,2025-01-20
"10004919","67446","1696","8","224",3,Cash,2025-03-20
"10004920","61302","1493","4","445",20,Cash,2025-06-21
"10004921","110702","1160","16","536",8,Points,2025-05-10
"10004922","82658","2710","7","251",12,Digital Wallet,2025-09-28
"10004923","82536","1162","2","500",17,Digital Wallet,2025-03-26
"10004924","62117","1305","13","445",16,Credit Card,2025-12-02
"10004925","94648","1625","15","599",15,Digital Wallet,2025-12-08
"10004926","113482","1661","10","678",16,Cash,2025-05-24
"10004927","81521","2897","7","352",9,Cash,2025-04-16
"10004928","135152","1777","15","606",19,Digital Wallet,2025-01-24
"10004929","98089","1879","4","359",4,Digital Wallet,2025-03-22
"10004930","124304","2658","10","255",8,Points,2025-04-20
"10004931","138075","1802","4","613",11,Cash,2025-03-21
"10004932","72969","2777","14","363",6,Cash,2025-12-18
"10004933","62681","2081","15","346",7,Cash,2025-07-10
"10004934","70442","1311","20","401",10,Digital Wallet,2025-08-21
"10004935","69455","1073","5","502",20,Credit Card,2025-03-14
"10004936","55340","2512","5","353",13,Cash,2025-08-27
"10004937","123743","1574","16","693",8,Cash,2025-01-31
"10004938","97929","1425","18","486",12,Credit Card,2025-09-07
"10004939","78568","2205","7","595",16,Points,2025-08-30
"10004940","64456","1471","19","421",18,Cash,2025-05-25
"10004941","53109","2547","9","499",14,Cash,2025-12-24
"10004942","99290","2552","18","544",15,Credit Card,2025-11-03
"10004943","113157","1070","2","333",16,Points,2025-12-24
"10004944","57654","2189","16","463",20,Digital Wallet,2025-01-24
"10004945","104019","1884","2","558",14,Credit Card,2025-12-24
"10004946","87373","1349","1","278",20,Points,2025-07-01
"10004947","75076","2364","3","378",8,Points,2025-01-19
"10004948","70059","2815","13","500",20,Cash,2025-11-21
"10004949","67122","1939","12","641",10,Cash,2025-08-01
"10004950","84006","1923","15","452",3,Credit Card,2025-09-11
"10004951","100961","1827","11","397",6,Cash,2025-02-05
"10004952","108567","1240","17","465",14,Credit Card,2025-07-29
"10004953","90579","2590","17","626",11,Cash,2025-04-07
"10004954","61835","2154","11","612",3,Points,2025-02-27
"10004955","116261","1853","11","350",3,Credit Card,2025-09-29
"10004956","89354","1185","6","592",16,Cash,2025-01-19
"10004957","146431","1963","20","433",20,Digital Wallet,2025-07-30
"10004958","77575","1180","16","650",17,Cash,2025-10-11
"10004959","110212","1862","6","580",7,Points,2025-07-15
"10004960","103889","2598","20","591",7,Credit Card,2025-12-05
"10004961","62502","1072","15","271",2,Digital Wallet,2025-06-10
"10004962","125052","1692","7","490",8,Points,2025-12-02
"10004963","137170","1098","19","229",15,Cash,2025-03-03
"10004964","112232","1150","7","525",12,Digital Wallet,2025-07-06
"10004965","119748","1035","11","633",19,Points,2025-06-06
"10004966","140382","1494","6","253",16,Cash,2025-02-10
"10004967","94292","2934","17","652",15,Points,2025-11-20
"10004968","59979","2893","11","242",3,Points,2025-03-22
"10004969","51098","1480","14","328",15,Points,2025-02-19
"10004970","61946","2743","19","217",4,Digital Wallet,2025-09-01
"10004971","109925","1596","2","418",13,Points,2025-09-01
"10004972","50353","2992","15","263",18,Points,2025-02-08
"10004973","140438","1440","8","640",9,Cash,2025-10-11
"10004974","56110","1978","5","221",12,Digital Wallet,2025-01-31
"10004975","86066","1964","17","494",4,Digital Wallet,2025-05-04
"10004976","62335","1595","2","664",8,Cash,2025-02-25
"10004977","70593","1772","5","534",16,Cash,2025-05-11
"10004978","76006","1498","1","293",1,Points,2025-05-20
"10004979","75244","2094","20","397",18,Cash,2025-08-14
"10004980","77573","1763","2","211",14,Points,2025-07-17
"10004981","51620","1037","10","203",6,Cash,2025-02-03
"10004982","89583","2612","3","341",10,Digital Wallet,2025-09-06
"10004983","117791","1803","17","592",2,Cash,2025-03-09
"10004984","98510","2602","2","655",18,Credit Card,2025-01-03
"10004985","115472","2442","3","589",18,Points,2025-09-16
"10004986","136647","1355","4","389",2,Cash,2025-06-25
"10004987","123604","1054","5","292",20,Points,2025-11-25
"10004988","112277","1916","10","262",11,Points,2025-01-23
"10004989","69796","1999","4","442",11,Points,2025-04-06
"10004990","149813","1297","13","406",11,Points,2025-10-11
"10004991","79784","2450","17","257",10,Digital Wallet,2025-09-19
"10004992","87326","2832","20","360",9,Cash,2025-07-01
"10004993","76407","2824","13","407",8,Credit Card,2025-09-04
"10004994","83598","2203","20","236",2,Cash,2025-06-07
"10004995","80646","1806","19","634",18,Cash,2025-02-16
"10004996","64899","2823","18","291",6,Cash,2025-03-02
"10004997","122758","1921","16","612",10,Credit Card,2025-11-07
"10004998","100551","2382","4","661",14,Points,2025-04-30
"10004999","53056","2682","16","579",18,Credit Card,2025-04-12
"10005000","136883","2627","4","457",2,Cash,2025-09-05
"10005001","78139","2616","4","675",2,Points,2025-04-11
"10005002","136664","1264","16","454",12,Digital Wallet,2025-07-13
"10005003","55409","2952","12","591",17,Cash,2025-02-04
"10005004","99366","1351","8","517",9,Cash,2025-06-24
"10005005","136421","1528","7","649",16,Credit Card,2025-10-06
"10005006","80804","2483","6","403",15,Points,2025-01-20
"10005007","118715","1472","5","452",16,Credit Card,2025-11-06
"10005008","71556","2959","20","286",16,Credit Card,2025-09-08
"10005009","51866","2953","13","337",8,Cash,2025-07-12
"10005010","72032","2841","6","504",9,Credit Card,2025-01-27
"10005011","122273","1749","9","283",14,Digital Wallet,2025-06-19
"10005012","121269","1533","14","676",6,Points,2025-12-30
"10005013","55882","2718","7","358",14,Credit Card,2025-08-06
"10005014","74455","1716","1","354",12,Cash,2025-06-09
"10005015","133047","1506","20","539",8,Credit Card,2025-07-22
"10005016","99967","2023","11","276",16,Cash,2025-12-10
"10005017","119331","2197","3","603",2,Digital Wallet,2025-03-08
"10005018","50537","1643","16","512",9,Credit Card,2025-08-28
"10005019","115248","1483","4","445",10,Digital Wallet,2025-05-18
"10005020","66666","2235","4","510",7,Credit Card,2025-05-27
"10005021","81634","1817","8","574",19,Credit Card,2025-10-02
"10005022","90104","2914","18","597",8,Credit Card,2025-02-26
"10005023","83903","1686","18","408",14,Points,2025-02-16
"10005024","115000","1768","19","624",12,Credit Card,2025-05-25
"10005025","106735","2030","6","551",13,Cash,2025-07-09
"10005026","50640","2918","10","281",4,Points,2025-10-02
"10005027","116667","2380","12","584",16,Points,2025-06-12
"10005028","123293","2010","9","236",8,Credit Card,2025-11-27
"10005029","130003","2731","11","422",8,Cash,2025-04-26
"10005030","56017","1003","6","604",20,Credit Card,2025-01-31
"10005031","121876","2519","5","621",7,Credit Card,2025-11-04
"10005032","117229","2472","20","542",3,Cash,2025-02-22
"10005033","146807","1043","19","288",20,Points,2025-12-26
"10005034","119761","2256","13","531",17,Cash,2025-12-18
"10005035","60888","1375","3","313",12,Points,2025-06-08
"10005036","131968","1489","3","633",20,Credit Card,2025-05-12
"10005037","64715","1137","11","545",9,Cash,2025-01-10
"10005038","84841","1328","16","574",14,Points,2025-09-09
"10005039","129027","1447","14","291",13,Cash,2025-10-11
"10005040","55404","1117","14","555",18,Digital Wallet,2025-08-01
"10005041","60325","1841","17","361",20,Cash,2025-02-14
"10005042","133798","2332","10","559",7,Credit Card,2025-05-04
"10005043","54757","2428","4","542",10,Points,2025-05-06
"10005044","88535","2980","14","404",11,Points,2025-10-27
"10005045","70594","1944","11","615",18,Cash,2025-07-31
"10005046","93364","1361","1","645",14,Points,2025-04-24
"10005047","95835","2535","12","310",15,Credit Card,2025-06-29
"10005048","109315","1564","1","363",5,Cash,2025-04-05
"10005049","97878","1219","17","344",8,Points,2025-02-01
"10005050","85559","2808","13","341",20,Credit Card,2025-05-23
"10005051","53196","1672","14","211",2,Cash,2025-01-31
"10005052","146304","2849","2","252",12,Cash,2025-09-10
"10005053","90034","2211","14","282",4,Points,2025-06-06
"10005054","133840","1609","19","637",2,Digital Wallet,2025-02-27
"10005055","118153","2942","13","501",5,Cash,2025-08-07
"10005056","76360","1544","7","330",5,Digital Wallet,2025-10-26
"10005057","71222","1378","12","466",14,Digital Wallet,2025-12-27
"10005058","68320","2688","7","485",20,Credit Card,2025-01-01
"10005059","131534","2677","9","495",1,Digital Wallet,2025-07-25
"10005060","129727","1276","8","648",15,Cash,2025-01-23
"10005061","135638","1942","17","239",3,Cash,2025-01-07
"10005062","145836","1500","2","247",10,Credit Card,2025-09-02
"10005063","101663","1464","14","232",7,Cash,2025-08-05
"10005064","131400","1991","18","619",8,Credit Card,2025-10-05
"10005065","67681","1487","2","681",19,Credit Card,2025-05-06
"10005066","105011","2765","5","464",20,Cash,2025-01-02
"10005067","134787","2589","3","305",18,Digital Wallet,2025-12-16
"10005068","131355","1190","19","405",3,Points,2025-10-31
"10005069","136923","2950","13","309",12,Credit Card,2025-06-01
"10005070","122698","2096","17","400",20,Points,2025-09-09
"10005071","75340","2940","12","372",13,Credit Card,2025-03-16
"10005072","73214","2578","15","304",4,Digital Wallet,2025-12-23
"10005073","142774","2445","11","425",11,Credit Card,2025-03-14
"10005074","109144","2356","4","565",8,Credit Card,2025-01-14
"10005075","124297","1017","2","275",20,Digital Wallet,2025-05-04
"10005076","50910","2928","15","342",11,Points,2025-04-11
"10005077","88411","2235","14","635",12,Cash,2025-09-11
"10005078","80785","1439","7","545",11,Cash,2025-09-08
"10005079","120699","2607","17","393",9,Digital Wallet,2025-11-05
"10005080","83418","1528","11","458",16,Credit Card,2025-09-19
"10005081","68493","1838","6","301",18,Credit Card,2025-01-24
"10005082","73928","2725","1","277",7,Points,2025-02-25
"10005083","145501","2830","5","529",12,Cash,2025-12-12
"10005084","145018","1797","18","236",8,Points,2025-08-03
"10005085","123870","1618","12","586",6,Digital Wallet,2025-06-25
"10005086","119208","1378","17","611",18,Cash,2025-02-10
"10005087","82874","2020","5","635",4,Cash,2025-05-29
"10005088","64190","2592","17","595",16,Cash,2025-11-02
"10005089","143157","2004","18","453",9,Credit Card,2025-01-11
"10005090","143259","1105","7","295",11,Cash,2025-09-07
"10005091","122085","1637","15","320",5,Credit Card,2025-11-24
"10005092","106659","2829","12","235",1,Digital Wallet,2025-02-13
"10005093","71906","1263","17","683",4,Credit Card,2025-05-23
"10005094","70411","1362","18","369",17,Digital Wallet,2025-03-10
"10005095","99471","2166","5","390",2,Points,2025-01-15
"10005096","73382","2014","2","503",17,Cash,2025-05-22
"10005097","139146","2141","17","331",14,Digital Wallet,2025-07-08
"10005098","117609","2431","9","494",13,Points,2025-08-12
"10005099","89928","2260","5","408",5,Points,2025-12-11
"10005100","147940","1017","12","593",19,Points,2025-01-26
"10005101","121374","2138","2","637",15,Digital Wallet,2025-09-14
"10005102","67371","2084","5","211",5,Credit Card,2025-05-05
"10005103","82621","2739","10","464",19,Points,2025-05-29
"10005104","84288","1552","12","534",18,Points,2025-07-03
"10005105","67666","1319","10","631",11,Points,2025-01-24
"10005106","87949","2622","10","601",2,Digital Wallet,2025-09-13
"10005107","104942","1254","2","618",16,Digital Wallet,2025-12-13
"10005108","146321","2145","2","682",17,Cash,2025-08-02
"10005109","117846","2341","6","323",4,Cash,2025-05-30
"10005110","124341","1107","20","485",13,Credit Card,2025-03-25
"10005111","82000","1377","3","659",7,Cash,2025-10-10
"10005112","63475","1182","13","327",18,Points,2025-11-16
"10005113","98143","2244","19","268",16,Digital Wallet,2025-03-02
"10005114","116884","2199","20","448",13,Points,2025-09-12
"10005115","108315","1155","16","649",1,Digital Wallet,2025-06-23
"10005116","111658","1225","5","606",16,Digital Wallet,2025-12-04
"10005117","106688","1196","19","520",16,Digital Wallet,2025-05-03
"10005118","59022","1724","5","303",1,Credit Card,2025-10-13
"10005119","70492","1481","2","666",20,Digital Wallet,2025-05-05
"10005120","96369","2707","14","601",19,Cash,2025-04-07
"10005121","69550","1479","19","481",6,Points,2025-01-23
"10005122","107054","2342","3","657",20,Credit Card,2025-10-12
"10005123","142121","2758","12","660",15,Credit Card,2025-12-08
"10005124","130888","2981","12","479",14,Digital Wallet,2025-07-01
"10005125","90495","2355","4","677",12,Cash,2025-02-21
"10005126","115130","1470","12","566",15,Digital Wallet,2025-05-14
"10005127","130109","1311","19","589",14,Cash,2025-11-21
"10005128","131323","2759","4","213",2,Credit Card,2025-11-10
"10005129","118401","2266","15","381",12,Points,2025-02-20
"10005130","146291","2746","17","697",1,Credit Card,2025-11-17
"10005131","144378","2286","19","596",13,Cash,2025-04-02
"10005132","81508","2297","18","220",18,Digital Wallet,2025-08-03
"10005133","113851","2301","7","263",1,Cash,2025-08-19
"10005134","141290","1149","9","470",8,Credit Card,2025-01-20
"10005135","126070","1981","16","254",15,Cash,2025-10-06
"10005136","70740","1340","9","328",8,Points,2025-03-16
"10005137","66351","1489","6","280",3,Cash,2025-10-20
"10005138","141219","2096","9","567",20,Credit Card,2025-12-27
"10005139","66746","2193","16","214",19,Credit Card,2025-04-16
"10005140","86487","1747","9","369",19,Points,2025-07-25
"10005141","124703","2020","2","500",3,Digital Wallet,2025-04-21
"10005142","97476","2336","13","655",15,Cash,2025-02-05
"10005143","123966","1935","10","303",7,Cash,2025-05-09
"10005144","51977","2922","20","278",5,Cash,2025-04-23
"10005145","79680","2036","8","228",3,Cash,2025-04-20
"10005146","110823","2790","17","532",13,Credit Card,2025-02-21
"10005147","55520","2699","14","514",10,Digital Wallet,2025-11-14
"10005148","134926","2145","1","655",2,Cash,2025-05-31
"10005149","72109","1842","1","437",7,Credit Card,2025-10-13
"10005150","67636","2626","7","606",10,Digital Wallet,2025-06-19
"10005151","69190","2622","13","605",17,Cash,2025-06-22
"10005152","136974","1109","6","513",15,Points,2025-10-10
"10005153","101135","2644","6","301",5,Cash,2025-05-06
"10005154","138523","2689","16","305",7,Credit Card,2025-11-04
"10005155","57195","2554","9","495",19,Digital Wallet,2025-03-21
"10005156","123809","1896","15","351",16,Digital Wallet,2025-04-10
"10005157","131989","2259","16","548",20,Cash,2025-05-14
"10005158","122069","2205","5","421",9,Digital Wallet,2025-11-17
"10005159","110603","2849","8","385",11,Cash,2025-12-15
"10005160","128816","2641","5","310",14,Credit Card,2025-01-14
"10005161","75902","2073","7","349",3,Cash,2025-10-01
"10005162","120284","2080","16","362",15,Cash,2025-09-28
"10005163","146752","2071","10","407",6,Credit Card,2025-09-24
"10005164","137080","1329","19","343",9,Points,2025-05-12
"10005165","93426","2563","10","364",20,Cash,2025-06-14
"10005166","110915","2957","3","317",7,Points,2025-03-08
"10005167","94796","3000","11","537",20,Digital Wallet,2025-05-02
"10005168","61927","2107","12","579",5,Digital Wallet,2025-03-29
"10005169","71517","1902","6","514",11,Digital Wallet,2025-12-18
"10005170","126487","2974","3","412",15,Cash,2025-09-02
"10005171","115033","1918","10","447",19,Credit Card,2025-09-11
"10005172","67691","1485","4","292",9,Cash,2025-04-17
"10005173","126538","2202","7","394",20,Points,2025-06-19
"10005174","136286","2275","11","266",10,Points,2025-04-06
"10005175","135576","1157","6","320",8,Points,2025-06-11
"10005176","72667","2474","13","573",15,Points,2025-01-28
"10005177","128014","2402","18","313",19,Credit Card,2025-06-28
"10005178","131859","1610","14","314",8,Cash,2025-10-05
"10005179","112031","2074","12","492",14,Cash,2025-06-21
"10005180","91183","1675","3","684",12,Cash,2025-10-07
"10005181","138270","1424","8","383",17,Credit Card,2025-02-13
"10005182","144833","1301","17","676",18,Points,2025-07-25
"10005183","100725","2171","11","286",3,Digital Wallet,2025-05-21
"10005184","110206","2616","7","453",14,Credit Card,2025-05-08
"10005185","98603","1625","17","648",4,Credit Card,2025-08-02
"10005186","65237","1107","6","529",14,Points,2025-03-31
"10005187","77976","2955","8","219",20,Cash,2025-03-08
"10005188","143765","2925","10","375",16,Cash,2025-12-04
"10005189","126903","1956","2","333",19,Cash,2025-07-05
"10005190","120115","2044","2","322",12,Points,2025-07-13
"10005191","130264","2386","13","548",9,Points,2025-09-05
"10005192","133001","1752","13","287",18,Cash,2025-01-06
"10005193","138230","1192","3","528",16,Points,2025-03-08
"10005194","107924","1433","9","244",14,Digital Wallet,2025-01-03
"10005195","78154","2632","18","385",16,Digital Wallet,2025-05-20
"10005196","103443","2661","15","229",13,Credit Card,2025-10-07
"10005197","93906","1659","20","635",16,Credit Card,2025-08-05
"10005198","134624","2828","16","438",5,Cash,2025-07-26
"10005199","92409","2766","4","454",2,Digital Wallet,2025-03-10
"10005200","104797","2123","18","281",3,Digital Wallet,2025-10-25
"10005201","60169","2814","11","527",13,Cash,2025-12-03
"10005202","89541","2661","4","433",16,Points,2025-09-19
"10005203","80087","2491","1","446",14,Credit Card,2025-02-19
"10005204","93691","1312","19","523",14,Credit Card,2025-04-12
"10005205","79453","2505","11","608",14,Credit Card,2025-04-16
"10005206","62417","1678","15","655",14,Credit Card,2025-08-29
"10005207","89866","1071","16","607",14,Cash,2025-12-18
"10005208","115941","2305","11","436",11,Digital Wallet,2025-01-12
"10005209","64098","1219","11","238",13,Points,2025-10-21
"10005210","129544","1046","15","236",3,Digital Wallet,2025-03-17
"10005211","56859","1654","13","479",19,Credit Card,2025-11-13
"10005212","143817","1528","18","536",6,Digital Wallet,2025-09-03
"10005213","51620","2754","16","656",2,Cash,2025-08-14
"10005214","74769","1426","13","211",1,Credit Card,2025-08-06
"10005215","63310","2930","3","563",18,Points,2025-04-02
"10005216","91957","2601","3","327",1,Credit Card,2025-07-25
"10005217","61408","1637","12","516",6,Digital Wallet,2025-03-24
"10005218","123456","2190","12","515",7,Cash,2025-08-27
"10005219","124860","2677","5","578",2,Points,2025-06-26
"10005220","98437","2958","16","342",7,Digital Wallet,2025-08-24
"10005221","134884","1326","15","477",13,Credit Card,2025-04-20
"10005222","93908","1663","18","590",14,Credit Card,2025-10-09
"10005223","57310","2261","1","242",18,Credit Card,2025-12-22
"10005224","121066","1390","9","549",3,Points,2025-12-03
"10005225","79292","1262","7","305",13,Cash,2025-06-10
"10005226","127140","2085","5","355",11,Cash,2025-12-12
"10005227","70073","1394","11","562",5,Points,2025-04-13
"10005228","117332","1638","5","213",14,Digital Wallet,2025-06-01
"10005229","72265","2770","8","262",7,Digital Wallet,2025-08-13
"10005230","125453","1091","6","548",14,Points,2025-05-09
"10005231","52328","2069","14","244",17,Cash,2025-01-08
"10005232","97564","2399","6","393",17,Cash,2025-12-20
"10005233","106814","2917","18","590",9,Points,2025-03-30
"10005234","145007","1177","15","391",16,Credit Card,2025-01-18
"10005235","138255","2001","3","663",17,Cash,2025-10-10
"10005236","148825","2213","16","567",7,Credit Card,2025-07-23
"10005237","127286","2629","19","343",3,Credit Card,2025-06-30
"10005238","63772","1414","17","432",9,Credit Card,2025-07-10
"10005239","109870","2102","1","308",16,Credit Card,2025-08-28
"10005240","97342","1892","14","495",13,Digital Wallet,2025-05-20
"10005241","123406","2950","7","672",17,Digital Wallet,2025-03-28
"10005242","95031","1620","16","427",4,Credit Card,2025-02-05
"10005243","81096","1225","9","278",11,Credit Card,2025-01-20
"10005244","97790","2455","18","207",7,Credit Card,2025-11-29
"10005245","128472","1632","9","326",17,Cash,2025-01-13
"10005246","119584","2841","5","259",11,Credit Card,2025-06-28
"10005247","139206","1990","17","665",20,Digital Wallet,2025-10-30
"10005248","125102","2119","16","568",8,Digital Wallet,2025-12-29
"10005249","71177","2799","5","469",9,Digital Wallet,2025-08-02
"10005250","120591","1495","16","533",20,Digital Wallet,2025-04-18
"10005251","63261","2242","10","669",2,Cash,2025-04-21
"10005252","148300","2513","10","217",7,Points,2025-05-01
"10005253","73148","1510","11","293",20,Points,2025-08-19
"10005254","52261","2591","12","657",9,Digital Wallet,2025-10-21
"10005255","67734","1338","15","565",14,Digital Wallet,2025-01-04
"10005256","72559","2349","15","242",4,Points,2025-06-17
"10005257","52939","1119","5","657",20,Digital Wallet,2025-07-15
"10005258","130177","1039","9","246",6,Credit Card,2025-12-20
"10005259","138218","2479","11","267",8,Points,2025-09-17
"10005260","118026","2576","10","266",6,Credit Card,2025-06-17
"10005261","110863","2629","20","347",8,Cash,2025-03-28
"10005262","57526","2658","8","693",12,Credit Card,2025-04-09
"10005263","54959","1963","4","264",13,Credit Card,2025-02-09
"10005264","69932","2591","14","341",8,Cash,2025-12-11
"10005265","100688","1489","7","246",14,Points,2025-11-10
"10005266","50584","1542","16","489",17,Credit Card,2025-12-20
"10005267","94681","2092","20","397",11,Points,2025-10-31
"10005268","82411","1642","20","612",15,Cash,2025-02-12
"10005269","133995","1153","16","593",8,Digital Wallet,2025-05-23
"10005270","65370","1944","12","298",4,Cash,2025-11-24
"10005271","121705","1635","6","357",14,Points,2025-06-13
"10005272","87737","2442","11","228",20,Points,2025-04-07
"10005273","125152","2885","18","586",19,Points,2025-10-31
"10005274","129429","2573","1","411",11,Cash,2025-03-07
"10005275","107582","2775","6","238",6,Digital Wallet,2025-04-10
"10005276","69924","2806","4","305",5,Cash,2025-12-23
"10005277","71531","1695","10","427",13,Points,2025-07-11
"10005278","51045","2202","1","658",3,Points,2025-12-14
"10005279","111685","2254","14","222",19,Cash,2025-03-12
"10005280","125956","1443","6","700",14,Digital Wallet,2025-08-17
"10005281","127333","2734","20","230",13,Digital Wallet,2025-01-03
"10005282","68559","1473","17","256",16,Points,2025-12-18
"10005283","62396","1330","3","574",10,Digital Wallet,2025-11-05
"10005284","125843","2542","16","265",4,Credit Card,2025-10-26
"10005285","141240","1353","11","479",10,Points,2025-09-07
"10005286","93915","1791","10","620",18,Points,2025-03-09
"10005287","141964","2841","5","688",19,Digital Wallet,2025-03-06
"10005288","101473","1696","16","457",11,Credit Card,2025-08-12
"10005289","128078","1761","13","685",4,Digital Wallet,2025-10-01
"10005290","102370","1359","9","661",9,Points,2025-05-24
"10005291","149655","2249","14","358",12,Credit Card,2025-07-09
"10005292","75193","2262","16","669",12,Credit Card,2025-10-14
"10005293","131529","2356","7","641",4,Cash,2025-02-01
"10005294","70166","1196","8","616",16,Credit Card,2025-02-13
"10005295","69629","2824","20","572",14,Points,2025-12-17
"10005296","73667","1011","11","506",13,Cash,2025-10-01
"10005297","74346","1480","8","426",11,Points,2025-08-02
"10005298","85594","2977","2","669",6,Cash,2025-11-03
"10005299","127950","2032","13","542",17,Points,2025-09-29
"10005300","72105","2637","16","323",7,Digital Wallet,2025-12-25
"10005301","121402","2313","19","319",2,Cash,2025-11-04
"10005302","146349","2525","3","440",3,Points,2025-10-18
"10005303","63581","1811","1","455",19,Points,2025-02-26
"10005304","71919","1232","10","335",13,Cash,2025-06-03
"10005305","50549","2268","7","393",15,Credit Card,2025-07-21
"10005306","58370","2923","13","206",1,Digital Wallet,2025-07-29
"10005307","87046","1297","18","330",12,Credit Card,2025-05-31
"10005308","93027","1426","5","410",5,Points,2025-04-09
"10005309","145562","2928","2","525",4,Digital Wallet,2025-07-13
"10005310","125104","1362","17","355",12,Digital Wallet,2025-05-21
"10005311","58201","2472","14","309",2,Digital Wallet,2025-10-17
"10005312","104281","2023","17","536",19,Points,2025-04-26
"10005313","124715","2403","2","505",3,Credit Card,2025-09-23
"10005314","142382","2196","13","585",3,Digital Wallet,2025-04-05
"10005315","116907","1004","10","311",11,Cash,2025-09-14
"10005316","76055","2265","18","526",8,Credit Card,2025-12-01
"10005317","122056","2693","6","513",9,Points,2025-12-14
"10005318","136609","1366","5","522",5,Points,2025-02-21
"10005319","96240","1039","11","491",15,Cash,2025-01-07
"10005320","132214","2616","2","318",8,Digital Wallet,2025-11-08
"10005321","140046","2100","17","528",3,Cash,2025-11-26
"10005322","81047","2133","5","631",17,Digital Wallet,2025-06-02
"10005323","133556","2218","4","655",16,Cash,2025-12-01
"10005324","107416","1745","8","561",5,Points,2025-03-15
"10005325","114030","1927","2","258",16,Credit Card,2025-02-19
"10005326","95998","2886","19","261",20,Digital Wallet,2025-12-23
"10005327","125033","2005","20","632",18,Cash,2025-05-03
"10005328","135778","2785","11","599",11,Cash,2025-05-22
"10005329","67117","1594","17","569",10,Points,2025-05-07
"10005330","106425","1826","11","390",19,Credit Card,2025-02-24
"10005331","136564","2235","18","599",18,Credit Card,2025-01-12
"10005332","77748","1957","2","648",2,Cash,2025-11-24
"10005333","72777","2770","6","216",11,Credit Card,2025-05-08
"10005334","71870","2675","19","472",12,Cash,2025-05-23
"10005335","68299","2043","18","406",14,Cash,2025-11-05
"10005336","99573","1585","3","625",1,Digital Wallet,2025-09-13
"10005337","124014","2992","16","229",15,Points,2025-02-17
"10005338","72295","1154","16","640",17,Digital Wallet,2025-09-06
"10005339","125331","1461","11","460",11,Cash,2025-07-30
"10005340","148163","1604","13","542",17,Points,2025-07-08
"10005341","62524","1594","10","228",17,Cash,2025-08-02
"10005342","101703","2941","15","240",18,Points,2025-07-28
"10005343","53174","2298","18","681",12,Digital Wallet,2025-09-24
"10005344","88241","2944","17","695",6,Cash,2025-07-19
"10005345","64520","2977","1","525",3,Digital Wallet,2025-02-06
"10005346","86329","1996","20","676",9,Digital Wallet,2025-12-09
"10005347","55265","1158","13","678",17,Cash,2025-06-24
"10005348","116418","1296","12","251",12,Cash,2025-07-17
"10005349","143863","2682","4","327",1,Credit Card,2025-10-17
"10005350","83532","2447","7","627",13,Cash,2025-07-20
"10005351","127236","2139","5","445",16,Points,2025-07-05
"10005352","80117","2570","10","568",14,Digital Wallet,2025-12-20
"10005353","64439","2970","13","552",16,Points,2025-06-29
"10005354","110019","1682","19","391",19,Points,2025-07-20
"10005355","103813","1857","17","581",20,Points,2025-07-24
"10005356","61926","2070","11","665",15,Cash,2025-03-03
"10005357","113677","2830","12","470",16,Cash,2025-02-10
"10005358","137315","1315","3","298",7,Cash,2025-06-11
"10005359","134225","2956","6","258",18,Digital Wallet,2025-04-03
"10005360","72952","1475","12","430",19,Digital Wallet,2025-03-16
"10005361","121308","1873","18","324",5,Digital Wallet,2025-09-23
"10005362","149990","2810","11","671",1,Points,2025-09-28
"10005363","133812","2643","2","546",18,Points,2025-06-04
"10005364","73700","2241","1","204",2,Cash,2025-10-21
"10005365","138280","1512","8","646",13,Cash,2025-03-21
"10005366","83213","2896","10","687",10,Credit Card,2025-05-08
"10005367","57246","1703","8","688",18,Cash,2025-10-05
"10005368","109488","2448","13","609",2,Credit Card,2025-10-16
"10005369","51123","1366","16","241",17,Cash,2025-05-08
"10005370","114828","2850","11","286",12,Digital Wallet,2025-03-21
"10005371","116796","2812","13","466",11,Points,2025-08-13
"10005372","67744","1896","7","616",20,Credit Card,2025-07-18
"10005373","83615","2917","3","304",2,Points,2025-08-29
"10005374","126805","2873","9","216",9,Credit Card,2025-01-19
"10005375","106483","1168","15","429",5,Points,2025-10-19
"10005376","148007","2004","13","502",6,Digital Wallet,2025-11-09
"10005377","132261","1981","15","578",11,Cash,2025-08-17
"10005378","88451","2989","16","316",16,Credit Card,2025-07-18
"10005379","135717","2525","13","567",20,Cash,2025-12-01
"10005380","97105","2228","11","270",11,Points,2025-12-25
"10005381","116084","1397","3","563",16,Digital Wallet,2025-10-16
"10005382","143454","1997","12","694",15,Cash,2025-07-26
"10005383","146344","2908","6","390",8,Cash,2025-01-04
"10005384","94445","2019","5","636",17,Points,2025-05-09
"10005385","64631","2670","14","228",12,Digital Wallet,2025-09-27
"10005386","58537","1848","17","294",15,Credit Card,2025-07-25
"10005387","135952","1993","5","674",13,Credit Card,2025-03-10
"10005388","133486","1162","6","656",18,Points,2025-08-08
"10005389","115237","2601","7","288",1,Digital Wallet,2025-12-18
"10005390","131194","2710","7","243",6,Cash,2025-01-17
"10005391","136006","1101","3","583",5,Credit Card,2025-08-12
"10005392","134066","1794","3","616",17,Digital Wallet,2025-02-21
"10005393","128135","2561","2","227",14,Cash,2025-09-27
"10005394","55542","2422","11","377",14,Credit Card,2025-04-25
"10005395","97585","2548","17","683",6,Digital Wallet,2025-01-20
"10005396","59338","2046","9","430",16,Points,2025-06-02
"10005397","109519","2541","19","267",10,Digital Wallet,2025-07-09
"10005398","100164","2730","7","262",7,Points,2025-11-18
"10005399","51418","1709","9","302",3,Digital Wallet,2025-03-29
"10005400","52524","1118","1","470",13,Cash,2025-04-24
"10005401","99331","2971","18","556",1,Cash,2025-01-19
"10005402","103710","2411","17","369",14,Credit Card,2025-08-21
"10005403","93901","1683","8","415",12,Credit Card,2025-04-18
"10005404","112124","1207","9","652",8,Cash,2025-07-22
"10005405","85315","1147","6","381",20,Cash,2025-02-12
"10005406","133043","2441","2","555",18,Digital Wallet,2025-06-05
"10005407","56709","2599","3","465",4,Cash,2025-01-21
"10005408","63968","1979","15","664",5,Cash,2025-04-16
"10005409","82689","1419","8","642",4,Points,2025-12-22
"10005410","68854","2486","9","586",1,Points,2025-01-27
"10005411","62616","1492","9","397",8,Cash,2025-01-07
"10005412","99424","2826","17","447",16,Digital Wallet,2025-07-06
"10005413","81271","1663","17","282",13,Points,2025-12-05
"10005414","149735","1451","5","427",6,Digital Wallet,2025-08-12
"10005415","90085","1310","6","581",6,Digital Wallet,2025-05-26
"10005416","73261","2105","17","658",9,Digital Wallet,2025-07-26
"10005417","83989","2629","11","409",8,Digital Wallet,2025-03-18
"10005418","94359","2045","6","637",14,Credit Card,2025-06-04
"10005419","82708","2267","19","459",18,Points,2025-04-14
"10005420","111625","2956","11","280",4,Points,2025-06-17
"10005421","80334","1762","3","510",1,Cash,2025-12-13
"10005422","78066","1573","3","694",12,Points,2025-04-07
"10005423","146280","1576","4","650",16,Digital Wallet,2025-08-10
"10005424","136203","2655","10","241",13,Credit Card,2025-12-01
"10005425","121924","2630","7","281",15,Digital Wallet,2025-11-28
"10005426","125396","2313","9","588",1,Digital Wallet,2025-05-07
"10005427","65044","2445","5","503",18,Points,2025-03-03
"10005428","83492","1598","20","419",14,Credit Card,2025-01-28
"10005429","97771","1165","5","464",14,Credit Card,2025-12-14
"10005430","78181","1508","2","502",2,Credit Card,2025-04-23
"10005431","57329","2742","5","562",12,Digital Wallet,2025-01-06
"10005432","91867","2170","6","479",2,Digital Wallet,2025-08-07
"10005433","124769","1072","15","333",14,Credit Card,2025-08-05
"10005434","88434","1573","18","678",8,Digital Wallet,2025-09-25
"10005435","118795","1010","11","567",12,Points,2025-05-31
"10005436","76299","2225","1","623",14,Digital Wallet,2025-10-13
"10005437","114892","1709","1","502",20,Points,2025-12-15
"10005438","149989","1159","1","427",14,Cash,2025-11-30
"10005439","101494","1556","7","560",11,Digital Wallet,2025-05-12
"10005440","90905","1623","6","365",12,Points,2025-05-29
"10005441","135078","1820","19","527",19,Points,2025-06-21
"10005442","148759","1390","8","638",3,Digital Wallet,2025-02-28
"10005443","65409","2688","10","683",1,Digital Wallet,2025-10-10
"10005444","142086","2913","13","577",20,Digital Wallet,2025-08-01
"10005445","137560","1145","8","290",19,Points,2025-07-25
"10005446","137723","1031","16","504",9,Cash,2025-08-31
"10005447","53400","1030","19","678",13,Credit Card,2025-01-07
"10005448","113990","1058","5","439",12,Credit Card,2025-06-17
"10005449","124331","2810","10","494",18,Credit Card,2025-10-27
"10005450","105057","1342","17","268",12,Cash,2025-07-06
"10005451","74718","2068","6","388",18,Points,2025-01-11
"10005452","106606","1488","16","561",4,Digital Wallet,2025-04-01
"10005453","62248","2413","17","257",18,Points,2025-12-08
"10005454","77109","2283","11","483",5,Cash,2025-07-17
"10005455","81278","2817","2","238",6,Digital Wallet,2025-10-11
"10005456","107613","1634","17","310",20,Cash,2025-03-17
"10005457","142790","1647","1","603",2,Credit Card,2025-05-15
"10005458","57234","1261","17","468",20,Cash,2025-05-10
"10005459","141435","1534","17","522",19,Digital Wallet,2025-02-25
"10005460","90773","1892","20","321",17,Cash,2025-10-13
"10005461","123314","1409","17","585",13,Digital Wallet,2025-09-28
"10005462","111996","1984","13","257",7,Cash,2025-10-12
"10005463","85716","2220","7","222",9,Points,2025-10-10
"10005464","87740","1285","20","685",20,Digital Wallet,2025-02-03
"10005465","73444","1628","15","397",7,Credit Card,2025-05-27
"10005466","144930","2043","14","258",5,Cash,2025-12-28
"10005467","82153","2144","17","417",3,Credit Card,2025-11-30
"10005468","107861","1015","20","548",9,Digital Wallet,2025-04-25
"10005469","76701","2962","14","468",12,Points,2025-10-05
"10005470","74762","1670","8","638",3,Points,2025-01-09
"10005471","92182","1639","5","680",9,Cash,2025-06-04
"10005472","78132","2813","6","286",20,Digital Wallet,2025-04-03
"10005473","86967","2437","13","487",15,Credit Card,2025-09-07
"10005474","94824","1372","20","458",6,Credit Card,2025-12-19
"10005475","149651","1792","17","548",13,Cash,2025-02-05
"10005476","112046","1035","19","665",12,Points,2025-01-24
"10005477","128864","1574","7","343",2,Digital Wallet,2025-10-05
"10005478","103455","2714","6","418",9,Digital Wallet,2025-11-25
"10005479","69097","1089","11","243",2,Cash,2025-03-19
"10005480","76264","1504","15","440",8,Points,2025-09-10
"10005481","86414","1131","14","234",4,Cash,2025-01-25
"10005482","110861","2663","7","685",2,Points,2025-12-07
"10005483","51645","2701","14","535",14,Points,2025-06-15
"10005484","112621","2642","9","489",10,Cash,2025-03-21
"10005485","56985","2051","18","265",14,Credit Card,2025-07-08
"10005486","139147","2920","10","264",2,Digital Wallet,2025-05-31
"10005487","53527","1722","18","294",10,Points,2025-06-25
"10005488","57437","2743","10","475",4,Credit Card,2025-09-23
"10005489","120339","1229","16","256",5,Credit Card,2025-10-21
"10005490","121844","2008","20","296",6,Points,2025-10-24
"10005491","127361","1990","6","260",20,Credit Card,2025-07-28
"10005492","130059","1677","10","307",12,Credit Card,2025-03-20
"10005493","86857","2392","4","658",14,Points,2025-10-13
"10005494","80929","2896","20","561",5,Cash,2025-03-29
"10005495","90842","1425","3","521",2,Cash,2025-07-20
"10005496","114294","2858","7","686",3,Points,2025-03-05
"10005497","54261","1484","16","260",5,Points,2025-01-04
"10005498","115631","2200","9","461",15,Digital Wallet,2025-01-28
"10005499","106467","2633","20","368",18,Points,2025-06-11
"10005500","109678","1025","5","686",7,Digital Wallet,2025-10-03
"10005501","119604","2338","6","359",7,Cash,2025-07-26
"10005502","116171","2715","20","394",1,Digital Wallet,2025-05-31
"10005503","75589","2434","17","421",1,Points,2025-05-04
"10005504","88830","2063","18","507",2,Points,2025-11-20
"10005505","124139","2255","16","499",13,Credit Card,2025-09-01
"10005506","142026","2636","13","482",11,Points,2025-05-30
"10005507","74520","2828","19","631",11,Digital Wallet,2025-10-30
"10005508","137681","1120","8","501",1,Digital Wallet,2025-12-27
"10005509","62019","1544","8","471",10,Cash,2025-03-27
"10005510","77859","2633","13","541",2,Credit Card,2025-03-13
"10005511","124604","1668","15","272",15,Digital Wallet,2025-09-24
"10005512","119843","1699","15","312",14,Digital Wallet,2025-01-14
"10005513","76757","1593","9","571",5,Points,2025-04-03
"10005514","86668","1238","19","347",2,Credit Card,2025-03-15
"10005515","104389","1442","3","616",1,Credit Card,2025-04-14
"10005516","72574","2015","15","565",13,Digital Wallet,2025-07-02
"10005517","139161","2095","5","417",20,Cash,2025-11-04
"10005518","103043","1932","18","460",14,Digital Wallet,2025-03-08
"10005519","123474","1193","18","569",15,Cash,2025-11-16
"10005520","103728","1657","18","352",10,Credit Card,2025-12-15
"10005521","123509","2030","7","483",4,Points,2025-01-16
"10005522","69202","2457","2","586",14,Cash,2025-05-04
"10005523","109557","1800","19","649",8,Digital Wallet,2025-06-02
"10005524","145098","2134","4","600",15,Cash,2025-02-05
"10005525","88007","1119","13","351",13,Cash,2025-10-21
"10005526","136557","1824","2","577",16,Points,2025-11-21
"10005527","65262","1824","20","371",20,Points,2025-10-24
"10005528","78802","1714","11","466",19,Cash,2025-01-20
"10005529","59807","2595","2","511",5,Points,2025-12-08
"10005530","118510","1242","20","320",3,Points,2025-07-05
"10005531","139866","1775","4","252",9,Digital Wallet,2025-01-29
"10005532","56357","2289","11","339",20,Credit Card,2025-03-19
"10005533","123500","1007","15","388",18,Points,2025-06-30
"10005534","136777","2261","4","470",9,Credit Card,2025-02-24
"10005535","69091","2145","15","572",16,Digital Wallet,2025-12-21
"10005536","134024","1672","9","282",9,Credit Card,2025-10-13
"10005537","81750","1476","11","577",19,Points,2025-07-23
"10005538","91753","1105","2","541",17,Points,2025-09-01
"10005539","113219","1958","3","227",1,Points,2025-05-23
"10005540","68820","2490","14","376",20,Cash,2025-11-10
"10005541","96650","1390","11","323",12,Digital Wallet,2025-08-04
"10005542","138984","2404","10","541",14,Credit Card,2025-01-03
"10005543","61249","1630","14","311",6,Credit Card,2025-12-10
"10005544","91790","1471","19","641",11,Cash,2025-02-06
"10005545","112454","1304","3","446",14,Digital Wallet,2025-04-08
"10005546","124181","1597","6","588",9,Points,2025-12-09
"10005547","52936","2291","20","334",3,Cash,2025-09-15
"10005548","90585","2360","7","475",15,Points,2025-03-12
"10005549","74804","2236","9","560",1,Points,2025-03-06
"10005550","84691","1606","5","343",20,Points,2025-01-12
"10005551","93950","1458","5","220",8,Digital Wallet,2025-08-11
"10005552","89604","1470","13","519",15,Points,2025-03-15
"10005553","80120","2076","17","500",17,Credit Card,2025-09-18
"10005554","115520","1934","18","676",13,Digital Wallet,2025-01-21
"10005555","108377","1141","11","455",12,Digital Wallet,2025-07-15
"10005556","64998","1962","20","572",9,Credit Card,2025-01-01
"10005557","129112","1670","12","366",13,Digital Wallet,2025-03-20
"10005558","62768","2828","8","301",1,Credit Card,2025-06-26
"10005559","92747","2926","2","428",1,Credit Card,2025-05-17
"10005560","109798","2084","13","700",3,Points,2025-08-26
"10005561","103057","2014","15","260",17,Cash,2025-11-26
"10005562","83222","2098","9","297",17,Cash,2025-10-08
"10005563","117378","2875","3","671",2,Credit Card,2025-07-21
"10005564","121448","1324","9","583",16,Points,2025-11-10
"10005565","77319","1729","2","641",3,Points,2025-12-28
"10005566","67430","2311","9","598",8,Points,2025-05-31
"10005567","61832","1650","19","367",13,Points,2025-09-17
"10005568","145770","1139","12","311",3,Cash,2025-11-16
"10005569","136052","2256","16","263",17,Credit Card,2025-02-01
"10005570","79106","2265","8","549",17,Cash,2025-01-04
"10005571","97551","2740","8","278",4,Points,2025-03-24
"10005572","105254","1003","5","406",12,Cash,2025-10-12
"10005573","55520","1604","1","587",9,Digital Wallet,2025-09-15
"10005574","70735","2317","19","553",14,Points,2025-04-09
"10005575","81079","2085","11","529",18,Cash,2025-08-04
"10005576","79089","1482","15","596",7,Credit Card,2025-08-21
"10005577","89489","2808","20","608",16,Credit Card,2025-05-07
"10005578","86302","2226","13","642",14,Points,2025-04-22
"10005579","141632","2797","17","445",10,Digital Wallet,2025-12-13
"10005580","61617","1778","10","484",19,Points,2025-06-22
"10005581","142216","2721","2","539",11,Points,2025-09-20
"10005582","141686","2742","2","389",6,Credit Card,2025-03-11
"10005583","77278","1261","11","542",1,Cash,2025-07-12
"10005584","64024","2378","3","304",11,Points,2025-09-12
"10005585","119570","2280","2","398",8,Credit Card,2025-12-24
"10005586","131631","2768","6","553",1,Credit Card,2025-11-20
"10005587","62618","2894","10","472",5,Cash,2025-09-30
"10005588","74483","2699","2","521",15,Credit Card,2025-11-10
"10005589","50822","2703","19","618",19,Cash,2025-11-26
"10005590","87435","1076","20","394",2,Digital Wallet,2025-08-05
"10005591","121608","1628","10","268",14,Credit Card,2025-05-17
"10005592","137295","2672","15","624",2,Credit Card,2025-06-03
"10005593","68894","1072","5","291",6,Points,2025-08-20
"10005594","137150","2677","6","402",10,Credit Card,2025-07-07
"10005595","139477","2989","2","365",8,Credit Card,2025-05-06
"10005596","145275","1308","1","338",18,Points,2025-05-12
"10005597","125672","2835","4","697",3,Credit Card,2025-03-11
"10005598","66565","2346","15","421",2,Points,2025-05-21
"10005599","79559","1319","12","506",10,Points,2025-11-28
"10005600","74929","2662","18","257",2,Digital Wallet,2025-03-01
"10005601","83223","2974","8","496",18,Cash,2025-10-10
"10005602","95199","2173","7","697",7,Cash,2025-04-04
"10005603","137882","1941","18","391",10,Cash,2025-05-11
"10005604","128607","2590","16","337",6,Cash,2025-09-07
"10005605","50089","1562","8","258",9,Credit Card,2025-01-08
"10005606","82277","2211","7","654",11,Cash,2025-01-28
"10005607","99790","1019","15","452",15,Digital Wallet,2025-10-12
"10005608","140316","2918","14","251",19,Points,2025-06-04
"10005609","116372","1514","20","304",4,Digital Wallet,2025-06-20
"10005610","96053","1346","6","609",8,Digital Wallet,2025-12-14
"10005611","119093","2666","1","299",15,Credit Card,2025-12-28
"10005612","80011","2747","1","238",16,Digital Wallet,2025-10-16
"10005613","131236","1438","19","526",5,Digital Wallet,2025-07-09
"10005614","104889","1597","12","615",1,Credit Card,2025-12-26
"10005615","83863","1675","7","350",10,Credit Card,2025-09-23
"10005616","51409","2475","5","269",16,Credit Card,2025-02-28
"10005617","132666","2854","11","299",19,Credit Card,2025-04-20
"10005618","70399","1604","7","522",16,Points,2025-07-15
"10005619","66859","1848","14","334",18,Points,2025-04-22
"10005620","77068","1943","16","370",20,Cash,2025-01-20
"10005621","80404","2799","5","335",5,Points,2025-04-13
"10005622","113198","2780","1","645",13,Cash,2025-06-08
"10005623","101501","1911","11","231",16,Digital Wallet,2025-09-21
"10005624","58775","2601","12","384",5,Digital Wallet,2025-07-04
"10005625","74813","2490","9","513",9,Digital Wallet,2025-08-18
"10005626","60705","2025","10","680",1,Points,2025-11-30
"10005627","98228","1850","11","542",12,Digital Wallet,2025-11-26
"10005628","94458","1608","3","271",20,Cash,2025-09-23
"10005629","58303","2384","16","492",13,Credit Card,2025-11-10
"10005630","80250","2439","2","510",16,Credit Card,2025-07-16
"10005631","77728","1994","8","524",11,Credit Card,2025-07-15
"10005632","115007","2594","19","606",20,Digital Wallet,2025-02-16
"10005633","51089","2019","14","546",17,Cash,2025-09-09
"10005634","115817","2397","3","486",11,Digital Wallet,2025-05-15
"10005635","74548","2209","12","360",7,Digital Wallet,2025-07-02
"10005636","54173","2395","19","336",1,Digital Wallet,2025-01-27
"10005637","53962","2812","12","563",4,Points,2025-09-05
"10005638","146379","1016","18","481",13,Digital Wallet,2025-02-28
"10005639","117222","1474","13","255",3,Cash,2025-11-05
"10005640","87978","2873","5","532",8,Digital Wallet,2025-11-19
"10005641","94628","2009","16","340",9,Credit Card,2025-05-20
"10005642","66218","1370","18","207",1,Credit Card,2025-12-15
"10005643","66830","2623","1","576",11,Points,2025-01-29
"10005644","137031","1428","2","271",20,Digital Wallet,2025-04-05
"10005645","51830","2828","11","207",2,Points,2025-07-19
"10005646","137223","1500","10","257",20,Digital Wallet,2025-10-04
"10005647","122750","1952","12","248",14,Cash,2025-01-12
"10005648","82703","1478","13","401",14,Credit Card,2025-02-02
"10005649","61584","1538","10","504",5,Digital Wallet,2025-03-19
"10005650","78684","2437","7","353",7,Credit Card,2025-01-30
"10005651","116068","1282","16","574",7,Points,2025-08-13
"10005652","94212","2371","4","677",20,Digital Wallet,2025-05-13
"10005653","120059","1792","1","618",3,Points,2025-10-31
"10005654","70542","1327","4","389",14,Credit Card,2025-11-19
"10005655","128448","2286","17","608",14,Cash,2025-01-10
"10005656","113234","1747","20","228",16,Digital Wallet,2025-08-09
"10005657","90001","2623","16","447",2,Points,2025-10-10
"10005658","148971","2770","16","327",7,Digital Wallet,2025-05-19
"10005659","146733","1387","5","480",19,Credit Card,2025-01-26
"10005660","86072","1325","17","581",16,Points,2025-12-01
"10005661","144019","2734","8","580",13,Points,2025-06-21
"10005662","86872","2796","7","493",11,Points,2025-04-09
"10005663","117776","1468","9","698",14,Credit Card,2025-07-23
"10005664","61731","2057","3","400",11,Cash,2025-06-20
"10005665","100066","2771","14","375",18,Cash,2025-07-21
"10005666","94069","2238","3","589",12,Points,2025-10-28
"10005667","110660","2292","13","380",4,Credit Card,2025-07-15
"10005668","56092","1154","18","413",16,Points,2025-04-03
"10005669","71298","2975","4","698",18,Cash,2025-11-15
"10005670","134789","2416","17","503",19,Points,2025-01-13
"10005671","146854","2177","4","461",9,Points,2025-10-27
"10005672","135950","1925","20","201",5,Credit Card,2025-03-16
"10005673","114924","2448","12","449",8,Cash,2025-07-14
"10005674","116447","2958","2","498",6,Points,2025-05-01
"10005675","74910","2452","17","421",19,Digital Wallet,2025-12-01
"10005676","91692","2697","8","306",10,Digital Wallet,2025-08-05
"10005677","75677","2992","7","542",16,Cash,2025-12-11
"10005678","127149","2734","2","226",9,Cash,2025-11-02
"10005679","83199","1352","1","528",17,Digital Wallet,2025-07-04
"10005680","53455","1772","13","673",4,Credit Card,2025-12-01
"10005681","148498","1215","5","441",12,Points,2025-10-05
"10005682","104390","1540","3","410",10,Points,2025-08-30
"10005683","85771","2131","15","537",9,Cash,2025-08-01
"10005684","89364","2987","9","305",11,Points,2025-04-21
"10005685","67680","1448","17","618",13,Credit Card,2025-12-17
"10005686","121432","1884","5","531",16,Points,2025-02-23
"10005687","129793","2131","7","490",19,Credit Card,2025-05-28
"10005688","100696","2481","12","262",13,Points,2025-09-07
"10005689","96330","1763","16","327",19,Points,2025-12-21
"10005690","116928","2006","8","223",11,Credit Card,2025-01-04
"10005691","126474","2355","4","581",5,Cash,2025-11-01
"10005692","68897","1573","11","535",9,Digital Wallet,2025-07-27
"10005693","130256","1563","7","232",18,Digital Wallet,2025-06-27
"10005694","60688","1423","17","372",12,Credit Card,2025-07-27
"10005695","135433","2339","8","408",6,Credit Card,2025-09-20
"10005696","91817","2473","14","660",20,Points,2025-06-26
"10005697","126817","2105","9","380",11,Points,2025-02-04
"10005698","52813","1066","8","302",13,Points,2025-11-07
"10005699","55522","1529","12","228",16,Digital Wallet,2025-06-14
"10005700","143949","1374","2","598",12,Digital Wallet,2025-09-22
"10005701","89919","2234","7","478",12,Credit Card,2025-02-08
"10005702","100850","2792","8","538",15,Cash,2025-09-07
"10005703","77483","2728","7","257",19,Digital Wallet,2025-09-13
"10005704","88851","2259","10","570",9,Points,2025-12-29
"10005705","78955","1622","3","672",18,Points,2025-02-01
"10005706","121115","1216","2","250",17,Credit Card,2025-05-26
"10005707","128326","1804","12","465",4,Points,2025-12-18
"10005708","51882","1469","19","219",1,Points,2025-12-10
"10005709","131309","1774","15","230",3,Credit Card,2025-04-18
"10005710","78264","2062","5","469",16,Digital Wallet,2025-07-01
"10005711","139907","1321","8","320",5,Credit Card,2025-03-06
"10005712","66888","2169","20","307",7,Cash,2025-01-21
"10005713","72427","2136","18","425",16,Points,2025-07-20
"10005714","93980","2255","18","596",11,Credit Card,2025-02-22
"10005715","83363","1201","16","550",13,Credit Card,2025-05-26
"10005716","61972","1867","3","627",15,Credit Card,2025-05-04
"10005717","132100","2405","15","536",5,Points,2025-12-24
"10005718","148550","1848","3","630",18,Digital Wallet,2025-06-23
"10005719","106682","1430","13","371",19,Cash,2025-07-27
"10005720","119339","1193","6","498",20,Cash,2025-03-24
"10005721","106928","2285","19","682",3,Digital Wallet,2025-09-02
"10005722","56394","1346","10","356",8,Digital Wallet,2025-06-18
"10005723","119440","1974","11","590",6,Cash,2025-11-12
"10005724","78966","1482","4","509",9,Points,2025-02-15
"10005725","122397","1068","14","330",8,Points,2025-08-03
"10005726","82194","2887","8","357",4,Credit Card,2025-02-11
"10005727","104166","1224","14","381",14,Cash,2025-07-22
"10005728","104207","1295","1","468",20,Credit Card,2025-01-10
"10005729","122829","1105","6","538",12,Cash,2025-10-19
"10005730","117954","1213","9","534",18,Points,2025-11-03
"10005731","101706","2489","1","239",2,Cash,2025-09-19
"10005732","120627","2299","2","384",17,Cash,2025-01-07
"10005733","86574","2425","6","249",20,Cash,2025-12-07
"10005734","127006","1341","6","217",20,Cash,2025-05-28
"10005735","114259","1440","7","310",17,Cash,2025-10-01
"10005736","95183","1324","15","296",18,Points,2025-11-17
"10005737","76968","2346","13","441",13,Points,2025-05-13
"10005738","111617","1597","7","352",16,Cash,2025-04-28
"10005739","125558","1335","2","660",11,Points,2025-05-24
"10005740","55179","1290","11","399",7,Points,2025-11-10
"10005741","62767","1744","10","619",16,Credit Card,2025-02-02
"10005742","139595","1678","12","337",19,Digital Wallet,2025-03-12
"10005743","58767","2169","6","408",6,Cash,2025-03-19
"10005744","66024","2576","12","440",13,Points,2025-10-01
"10005745","87518","2116","14","686",17,Credit Card,2025-07-20
"10005746","105804","1450","5","611",20,Cash,2025-10-21
"10005747","88589","1892","7","616",19,Cash,2025-03-05
"10005748","124976","1726","19","473",20,Digital Wallet,2025-07-16
"10005749","137399","1347","9","536",10,Digital Wallet,2025-06-19
"10005750","121766","2581","14","614",6,Digital Wallet,2025-12-10
"10005751","62917","2094","13","359",9,Points,2025-07-20
"10005752","102841","2981","15","666",2,Cash,2025-12-12
"10005753","77628","1840","17","305",18,Digital Wallet,2025-06-24
"10005754","78765","1376","3","458",16,Digital Wallet,2025-11-23
"10005755","130547","2234","1","313",2,Credit Card,2025-01-31
"10005756","133136","1683","20","509",18,Digital Wallet,2025-07-15
"10005757","61521","1748","4","618",2,Credit Card,2025-07-23
"10005758","101362","1087","5","399",12,Points,2025-02-02
"10005759","129135","2528","19","356",17,Digital Wallet,2025-06-25
"10005760","100551","1755","2","678",18,Digital Wallet,2025-01-06
"10005761","141498","1478","10","611",11,Cash,2025-12-05
"10005762","61728","1468","6","502",5,Digital Wallet,2025-07-10
"10005763","90901","2552","15","656",4,Points,2025-04-05
"10005764","67036","2915","18","426",11,Credit Card,2025-04-02
"10005765","74267","2178","11","307",20,Cash,2025-06-09
"10005766","57304","2711","3","329",9,Digital Wallet,2025-01-08
"10005767","132493","1983","18","549",7,Credit Card,2025-11-13
"10005768","59657","1492","5","595",12,Digital Wallet,2025-04-19
"10005769","50116","2954","10","297",17,Digital Wallet,2025-12-08
"10005770","105659","1103","18","363",11,Points,2025-07-11
"10005771","61514","1902","16","566",1,Credit Card,2025-04-06
"10005772","148627","1659","6","481",13,Cash,2025-06-12
"10005773","116081","2511","5","644",7,Credit Card,2025-02-09
"10005774","52830","2593","20","504",20,Credit Card,2025-05-14
"10005775","91163","2222","7","403",9,Points,2025-07-26
"10005776","133024","1086","16","373",19,Cash,2025-02-19
"10005777","120001","2494","5","565",3,Credit Card,2025-05-16
"10005778","95849","1622","1","558",8,Cash,2025-07-15
"10005779","120404","1429","3","452",2,Digital Wallet,2025-06-25
"10005780","67556","1201","1","324",10,Digital Wallet,2025-03-07
"10005781","145754","2160","1","606",17,Digital Wallet,2025-06-10
"10005782","87770","1605","7","421",19,Digital Wallet,2025-05-16
"10005783","145604","2515","14","572",18,Points,2025-11-16
"10005784","117677","1231","14","629",3,Points,2025-03-11
"10005785","85278","2633","6","357",18,Credit Card,2025-11-21
"10005786","68072","1354","20","380",8,Digital Wallet,2025-11-07
"10005787","84914","1933","8","219",13,Credit Card,2025-02-10
"10005788","76425","2422","10","320",8,Digital Wallet,2025-05-21
"10005789","83818","2058","8","341",7,Cash,2025-01-16
"10005790","119786","2066","18","326",8,Points,2025-09-14
"10005791","76678","2014","4","314",6,Digital Wallet,2025-07-07
"10005792","128391","1402","19","682",19,Digital Wallet,2025-01-05
"10005793","122723","1080","5","640",6,Cash,2025-03-08
"10005794","102518","2871","14","452",20,Digital Wallet,2025-05-03
"10005795","53603","1062","15","319",1,Digital Wallet,2025-04-11
"10005796","113017","1577","18","499",17,Credit Card,2025-11-08
"10005797","76342","2906","20","229",15,Points,2025-07-27
"10005798","106300","2990","18","346",18,Credit Card,2025-09-23
"10005799","52767","2382","9","351",16,Credit Card,2025-08-17
"10005800","149101","1495","18","285",15,Digital Wallet,2025-07-31
"10005801","140042","1140","5","267",2,Digital Wallet,2025-09-25
"10005802","128950","2193","6","471",15,Points,2025-08-30
"10005803","146494","1125","12","273",5,Cash,2025-03-29
"10005804","78213","2891","11","260",1,Points,2025-08-23
"10005805","107858","1953","3","234",1,Credit Card,2025-01-12
"10005806","50043","2175","5","415",11,Credit Card,2025-05-20
"10005807","119944","1679","16","587",8,Credit Card,2025-04-12
"10005808","99786","1629","16","622",19,Digital Wallet,2025-04-28
"10005809","88124","2433","3","529",11,Digital Wallet,2025-11-30
"10005810","82293","2692","12","650",5,Credit Card,2025-04-22
"10005811","124603","1947","3","296",1,Points,2025-10-13
"10005812","94709","1722","18","340",13,Cash,2025-04-18
"10005813","102443","1240","7","202",4,Points,2025-04-07
"10005814","129343","1224","6","338",5,Cash,2025-02-18
"10005815","139952","2623","20","222",11,Points,2025-11-27
"10005816","100300","2798","2","544",19,Points,2025-10-30
"10005817","81470","1222","13","333",15,Digital Wallet,2025-05-21
"10005818","115366","1103","15","382",13,Points,2025-06-08
"10005819","116034","2938","6","343",19,Cash,2025-05-31
"10005820","146635","1320","13","633",19,Cash,2025-04-07
"10005821","99914","1391","3","429",6,Cash,2025-07-19
"10005822","103355","1463","18","242",5,Cash,2025-12-04
"10005823","53353","2868","20","410",12,Digital Wallet,2025-08-20
"10005824","85182","1088","8","623",9,Cash,2025-06-26
"10005825","97902","1941","12","659",9,Cash,2025-05-12
"10005826","111950","2370","16","501",13,Digital Wallet,2025-03-17
"10005827","77622","1277","5","355",8,Digital Wallet,2025-11-15
"10005828","100535","2718","11","523",6,Points,2025-01-14
"10005829","69865","1884","15","230",17,Cash,2025-07-26
"10005830","138355","2651","17","446",11,Credit Card,2025-10-02
"10005831","56072","1667","16","557",4,Digital Wallet,2025-01-19
"10005832","122718","1272","10","392",13,Digital Wallet,2025-03-05
"10005833","101797","2987","12","369",8,Points,2025-05-12
"10005834","95740","2808","14","642",2,Credit Card,2025-10-05
"10005835","123061","1591","3","454",5,Cash,2025-06-01
"10005836","71638","2802","1","384",17,Credit Card,2025-05-01
"10005837","131406","1040","1","357",14,Credit Card,2025-10-03
"10005838","55949","1063","18","228",8,Digital Wallet,2025-06-26
"10005839","100288","1962","13","311",1,Points,2025-11-19
"10005840","103033","2564","8","225",20,Digital Wallet,2025-12-18
"10005841","85034","2160","20","627",11,Points,2025-01-11
"10005842","60314","1054","17","509",6,Credit Card,2025-10-13
"10005843","140184","2675","18","584",7,Credit Card,2025-05-14
"10005844","143710","2372","6","301",19,Points,2025-09-01
"10005845","60520","1222","10","222",8,Cash,2025-02-09
"10005846","141264","1377","19","388",2,Points,2025-12-30
"10005847","73098","1124","14","293",20,Points,2025-09-07
"10005848","74001","2026","20","539",3,Points,2025-05-14
"10005849","104972","2372","7","400",9,Points,2025-10-17
"10005850","54697","1342","12","262",20,Points,2025-05-19
"10005851","110349","1721","8","671",14,Credit Card,2025-07-20
"10005852","133262","2583","18","317",12,Credit Card,2025-05-17
"10005853","116134","1386","9","310",5,Points,2025-03-10
"10005854","121052","1743","8","625",10,Digital Wallet,2025-01-04
"10005855","127362","2557","20","509",8,Points,2025-06-28
"10005856","96912","1966","1","663",4,Credit Card,2025-03-08
"10005857","142675","1096","17","647",5,Digital Wallet,2025-01-01
"10005858","110244","2328","18","450",12,Digital Wallet,2025-11-13
"10005859","108522","2448","20","288",18,Points,2025-07-24
"10005860","144915","2656","4","488",13,Digital Wallet,2025-11-29
"10005861","100892","2280","13","502",13,Cash,2025-04-27
"10005862","52506","1028","6","269",14,Cash,2025-11-17
"10005863","134886","2077","15","539",11,Credit Card,2025-09-09
"10005864","148357","1230","10","345",15,Digital Wallet,2025-05-29
"10005865","102775","2194","20","518",15,Points,2025-12-10
"10005866","85576","1543","17","389",6,Digital Wallet,2025-07-30
"10005867","123666","1596","15","230",13,Digital Wallet,2025-02-03
"10005868","105427","1530","7","428",14,Points,2025-05-04
"10005869","88448","2568","18","629",4,Cash,2025-11-21
"10005870","135003","1749","11","315",3,Credit Card,2025-12-25
"10005871","146629","2818","18","214",16,Credit Card,2025-03-27
"10005872","62675","2846","8","416",13,Credit Card,2025-02-07
"10005873","80541","2131","5","514",8,Digital Wallet,2025-01-19
"10005874","128515","1324","18","618",3,Credit Card,2025-01-02
"10005875","149128","2073","10","660",14,Credit Card,2025-11-18
"10005876","148407","2262","12","454",20,Credit Card,2025-07-06
"10005877","70557","2134","12","309",17,Credit Card,2025-12-16
"10005878","85986","1723","17","299",8,Cash,2025-01-19
"10005879","108712","1268","14","203",12,Points,2025-07-09
"10005880","124140","2302","14","625",13,Digital Wallet,2025-12-20
"10005881","79286","1114","15","457",11,Points,2025-09-25
"10005882","115391","1891","12","355",11,Points,2025-07-05
"10005883","84215","1192","9","609",9,Credit Card,2025-02-25
"10005884","57115","1505","13","216",13,Digital Wallet,2025-02-10
"10005885","146389","1212","11","458",18,Points,2025-11-23
"10005886","70155","1652","11","426",9,Cash,2025-10-04
"10005887","95546","1538","6","330",15,Points,2025-09-20
"10005888","126398","1009","3","661",4,Credit Card,2025-02-24
"10005889","78709","1496","20","444",5,Credit Card,2025-04-25
"10005890","141148","2701","6","392",12,Credit Card,2025-01-18
"10005891","121317","2670","7","532",20,Digital Wallet,2025-01-19
"10005892","93633","1572","7","422",9,Cash,2025-10-13
"10005893","135472","1551","15","270",12,Credit Card,2025-07-27
"10005894","141905","2197","11","220",14,Cash,2025-08-10
"10005895","83697","1950","15","274",16,Credit Card,2025-05-22
"10005896","70363","1600","6","417",9,Points,2025-09-02
"10005897","119472","1478","13","367",13,Cash,2025-05-12
"10005898","105974","1021","10","598",14,Points,2025-10-11
"10005899","82581","1495","10","631",6,Credit Card,2025-12-02
"10005900","98855","1575","11","290",2,Points,2025-09-18
"10005901","122548","2147","15","699",1,Points,2025-06-25
"10005902","131333","1095","4","596",11,Credit Card,2025-09-17
"10005903","76168","2798","15","456",17,Credit Card,2025-10-28
"10005904","79039","1089","18","492",16,Points,2025-03-09
"10005905","71247","2329","19","223",5,Digital Wallet,2025-04-16
"10005906","142456","2705","13","574",16,Cash,2025-07-06
"10005907","62249","1923","20","561",7,Credit Card,2025-02-09
"10005908","54545","1449","17","285",19,Credit Card,2025-03-12
"10005909","83650","2704","2","251",12,Digital Wallet,2025-07-21
"10005910","76395","2451","16","395",12,Digital Wallet,2025-10-14
"10005911","51839","2434","15","501",17,Points,2025-08-03
"10005912","57680","1309","13","652",10,Digital Wallet,2025-06-26
"10005913","122955","1701","3","406",7,Points,2025-07-12
"10005914","70262","2851","1","263",20,Credit Card,2025-11-03
"10005915","57477","1720","5","380",4,Cash,2025-05-01
"10005916","74411","2440","2","518",7,Cash,2025-04-08
"10005917","135507","2102","5","640",2,Digital Wallet,2025-05-04
"10005918","87092","2280","2","509",4,Points,2025-07-30
"10005919","95360","1075","10","367",4,Points,2025-09-21
"10005920","122635","2279","13","487",1,Digital Wallet,2025-07-15
"10005921","103799","1859","11","459",13,Digital Wallet,2025-01-26
"10005922","120494","2995","11","638",16,Cash,2025-03-30
"10005923","122685","2232","19","365",1,Credit Card,2025-05-29
"10005924","138942","2863","3","225",8,Credit Card,2025-09-25
"10005925","70519","1084","15","649",20,Digital Wallet,2025-05-26
"10005926","84512","1698","13","631",14,Points,2025-02-21
"10005927","146498","1187","11","501",20,Digital Wallet,2025-11-22
"10005928","149443","1588","10","608",17,Credit Card,2025-12-19
"10005929","112734","1978","11","276",4,Digital Wallet,2025-02-26
"10005930","146147","2740","9","299",12,Credit Card,2025-03-09
"10005931","59743","2919","11","352",19,Cash,2025-08-27
"10005932","117407","1432","11","228",20,Cash,2025-09-09
"10005933","136974","1787","17","596",18,Credit Card,2025-07-18
"10005934","95870","1821","6","574",10,Digital Wallet,2025-02-02
"10005935","129181","2524","9","596",10,Digital Wallet,2025-07-11
"10005936","55016","2772","3","464",16,Cash,2025-11-22
"10005937","50783","2518","14","437",6,Digital Wallet,2025-11-08
"10005938","80472","1737","11","309",20,Cash,2025-08-25
"10005939","92720","2218","20","537",13,Cash,2025-06-22
"10005940","63001","2831","9","360",19,Credit Card,2025-05-13
"10005941","105901","1184","8","597",13,Credit Card,2025-01-06
"10005942","55457","1896","17","278",7,Digital Wallet,2025-07-02
"10005943","136564","2335","20","436",7,Cash,2025-10-26
"10005944","80074","1149","7","608",4,Credit Card,2025-11-02
"10005945","124640","2114","16","308",1,Credit Card,2025-02-14
"10005946","63393","2453","5","364",8,Credit Card,2025-02-02
"10005947","95631","1023","8","268",7,Credit Card,2025-01-15
"10005948","106396","1581","18","626",14,Points,2025-08-30
"10005949","144809","2960","16","452",10,Digital Wallet,2025-02-08
"10005950","110053","1786","15","596",1,Cash,2025-02-24
"10005951","142680","2093","7","529",5,Digital Wallet,2025-10-05
"10005952","148624","2842","19","697",7,Credit Card,2025-08-05
"10005953","133471","2654","12","432",20,Digital Wallet,2025-01-20
"10005954","128487","1828","17","489",12,Cash,2025-09-07
"10005955","109134","2577","19","338",15,Points,2025-01-20
"10005956","56597","1697","17","670",10,Cash,2025-06-30
"10005957","129918","1036","2","613",8,Points,2025-08-17
"10005958","119632","1544","13","554",20,Points,2025-02-06
"10005959","130690","2887","19","214",17,Cash,2025-09-30
"10005960","61858","1006","1","245",10,Cash,2025-05-16
"10005961","56775","1287","6","343",9,Cash,2025-04-07
"10005962","125729","2214","3","645",15,Cash,2025-06-30
"10005963","56306","1306","12","563",6,Credit Card,2025-07-12
"10005964","59994","1466","15","538",1,Points,2025-03-13
"10005965","111913","1309","18","635",16,Points,2025-02-27
"10005966","119420","2882","18","459",16,Credit Card,2025-04-06
"10005967","73139","1958","3","686",15,Credit Card,2025-07-19
"10005968","110766","1300","5","270",15,Cash,2025-03-03
"10005969","59654","1518","15","596",12,Cash,2025-10-30
"10005970","96337","1802","3","374",11,Credit Card,2025-09-30
"10005971","108577","2962","13","373",10,Digital Wallet,2025-10-03
"10005972","121590","1685","13","477",14,Digital Wallet,2025-09-02
"10005973","63872","2613","1","457",12,Credit Card,2025-03-23
"10005974","72105","1374","11","679",3,Cash,2025-03-26
"10005975","127951","2614","5","597",15,Cash,2025-11-08
"10005976","140078","2693","2","512",13,Cash,2025-07-29
"10005977","143505","2813","4","210",12,Points,2025-11-11
"10005978","105356","1049","5","602",16,Digital Wallet,2025-03-07
"10005979","147571","1188","17","557",16,Digital Wallet,2025-09-02
"10005980","57001","2023","5","468",20,Cash,2025-08-08
"10005981","103436","2786","12","359",19,Points,2025-06-13
"10005982","92813","1253","4","361",9,Cash,2025-05-25
"10005983","137624","2943","13","424",17,Credit Card,2025-04-03
"10005984","51658","1123","4","315",11,Digital Wallet,2025-12-01
"10005985","96333","2859","1","579",9,Points,2025-02-27
"10005986","87426","1315","7","495",8,Points,2025-08-18
"10005987","113990","2045","17","210",17,Digital Wallet,2025-12-17
"10005988","60050","1259","20","506",5,Cash,2025-07-11
"10005989","63075","2516","16","210",4,Credit Card,2025-05-24
"10005990","135514","1537","5","345",1,Credit Card,2025-08-08
"10005991","108764","2138","5","498",19,Points,2025-10-13
"10005992","70777","1043","9","657",5,Cash,2025-08-26
"10005993","78275","1877","15","232",4,Credit Card,2025-03-15
"10005994","79566","1375","2","694",4,Digital Wallet,2025-10-26
"10005995","136195","1956","9","681",2,Credit Card,2025-08-08
"10005996","70881","1466","20","544",6,Cash,2025-07-02
"10005997","66548","2405","11","306",20,Digital Wallet,2025-01-30
"10005998","100256","2367","3","639",20,Digital Wallet,2025-03-31
"10005999","84330","1381","19","693",2,Credit Card,2025-07-24
"10006000","68344","2629","14","695",11,Digital Wallet,2025-12-14
"10006001","79392","2219","3","680",13,Cash,2025-10-07
"10006002","134054","1699","4","575",3,Cash,2025-07-17
"10006003","105924","1900","12","575",17,Digital Wallet,2025-03-22
"10006004","133064","2457","17","396",11,Credit Card,2025-04-08
"10006005","75376","1698","2","289",15,Points,2025-08-24
"10006006","70749","1411","16","365",9,Digital Wallet,2025-04-09
"10006007","97933","1102","6","572",7,Points,2025-07-13
"10006008","79717","2443","11","316",15,Credit Card,2025-07-31
"10006009","137402","1896","11","357",16,Credit Card,2025-03-23
"10006010","120691","2053","10","677",18,Digital Wallet,2025-12-07
"10006011","103803","1448","12","336",4,Digital Wallet,2025-01-10
"10006012","90241","2513","14","249",8,Points,2025-03-12
"10006013","75557","1119","14","581",12,Cash,2025-06-12
"10006014","60987","2644","8","492",14,Points,2025-07-13
"10006015","62140","2237","1","586",1,Credit Card,2025-05-03
"10006016","123588","1288","9","532",5,Cash,2025-01-06
"10006017","113332","1710","8","432",3,Cash,2025-10-16
"10006018","101751","1637","19","258",10,Credit Card,2025-09-16
"10006019","124018","1085","3","508",8,Cash,2025-12-26
"10006020","54511","2511","10","503",14,Digital Wallet,2025-04-27
"10006021","112223","2554","10","692",20,Digital Wallet,2025-08-13
"10006022","147410","1926","15","431",10,Credit Card,2025-11-18
"10006023","81540","1978","16","647",8,Points,2025-07-07
"10006024","87608","1217","8","219",7,Cash,2025-01-07
"10006025","137721","2169","10","340",16,Cash,2025-03-30
"10006026","70783","2123","11","517",18,Credit Card,2025-06-14
"10006027","91415","2921","6","511",6,Points,2025-07-12
"10006028","116717","1769","7","639",20,Points,2025-08-14
"10006029","102488","1918","7","471",11,Points,2025-01-27
"10006030","117274","2675","17","676",20,Credit Card,2025-09-14
"10006031","54818","1082","18","317",13,Digital Wallet,2025-06-13
"10006032","135549","1475","11","210",8,Digital Wallet,2025-05-08
"10006033","84548","2671","9","445",7,Cash,2025-05-20
"10006034","75836","2210","7","437",18,Credit Card,2025-02-04
"10006035","127928","1211","4","403",9,Credit Card,2025-01-08
"10006036","100808","1775","18","327",3,Points,2025-03-25
"10006037","66706","2267","5","658",2,Points,2025-11-07
"10006038","80800","2010","2","232",10,Cash,2025-08-26
"10006039","67715","2075","15","665",14,Credit Card,2025-05-06
"10006040","141059","2055","7","495",8,Points,2025-01-07
"10006041","134404","1065","10","227",19,Credit Card,2025-10-03
"10006042","68362","1367","15","462",2,Points,2025-03-29
"10006043","52590","1238","17","364",10,Credit Card,2025-03-04
"10006044","146633","1331","12","645",16,Digital Wallet,2025-06-07
"10006045","107427","1440","6","643",8,Points,2025-09-16
"10006046","97268","1716","4","430",11,Points,2025-01-10
"10006047","58644","2357","7","657",17,Points,2025-01-15
"10006048","91704","1046","1","351",16,Cash,2025-06-03
"10006049","137347","2340","18","214",15,Credit Card,2025-05-05
"10006050","91218","1799","11","466",14,Digital Wallet,2025-02-25
"10006051","125556","1629","11","615",17,Cash,2025-06-26
"10006052","73779","1553","5","467",15,Credit Card,2025-06-03
"10006053","62017","1880","4","228",10,Digital Wallet,2025-07-11
"10006054","138005","1360","7","209",4,Points,2025-11-27
"10006055","105555","2800","20","365",6,Credit Card,2025-09-25
"10006056","65655","2563","1","654",18,Credit Card,2025-05-04
"10006057","103403","2624","8","220",1,Digital Wallet,2025-02-07
"10006058","145485","2234","13","536",8,Cash,2025-12-01
"10006059","97854","1643","13","617",5,Cash,2025-06-13
"10006060","71256","2801","19","363",2,Credit Card,2025-12-19
"10006061","88930","1494","18","412",3,Cash,2025-05-28
"10006062","78583","1837","5","451",19,Credit Card,2025-08-22
"10006063","66558","1023","5","596",1,Points,2025-07-19
"10006064","145903","1221","1","422",18,Cash,2025-01-13
"10006065","134510","1685","9","654",7,Credit Card,2025-04-03
"10006066","117908","1804","6","532",20,Points,2025-05-11
"10006067","131642","2095","19","676",8,Cash,2025-08-31
"10006068","74247","2876","17","544",13,Points,2025-07-04
"10006069","62071","1075","5","207",3,Cash,2025-07-06
"10006070","55807","2815","13","380",9,Cash,2025-06-10
"10006071","83710","2376","13","528",6,Cash,2025-03-02
"10006072","53419","2485","4","462",14,Cash,2025-11-05
"10006073","83794","2243","3","324",18,Credit Card,2025-01-25
"10006074","79005","2859","8","596",10,Points,2025-05-13
"10006075","52867","2504","2","447",20,Credit Card,2025-08-31
"10006076","94228","1242","2","618",1,Points,2025-04-16
"10006077","96284","1137","8","376",11,Points,2025-03-06
"10006078","133118","2815","13","210",17,Credit Card,2025-10-30
"10006079","59392","1287","2","277",12,Digital Wallet,2025-10-13
"10006080","136555","2582","15","389",10,Digital Wallet,2025-03-08
"10006081","60905","2489","9","336",18,Digital Wallet,2025-04-07
"10006082","95817","2083","19","695",20,Points,2025-09-19
"10006083","52947","2194","2","244",17,Credit Card,2025-06-14
"10006084","50532","1409","13","383",4,Cash,2025-04-11
"10006085","71672","1263","18","457",7,Digital Wallet,2025-03-09
"10006086","52631","2639","4","637",20,Points,2025-03-22
"10006087","110955","2535","7","610",12,Digital Wallet,2025-01-28
"10006088","102300","2370","11","517",20,Credit Card,2025-03-29
"10006089","132242","1254","11","334",11,Points,2025-08-03
"10006090","95999","1635","11","495",3,Digital Wallet,2025-04-02
"10006091","149588","2927","3","385",17,Digital Wallet,2025-03-01
"10006092","137483","1846","19","367",18,Points,2025-10-08
"10006093","136387","2566","9","331",8,Digital Wallet,2025-10-27
"10006094","98682","2923","11","241",13,Cash,2025-01-10
"10006095","138300","2266","16","630",11,Digital Wallet,2025-06-18
"10006096","135151","2801","17","304",6,Credit Card,2025-09-04
"10006097","95547","2177","2","368",13,Points,2025-11-12
"10006098","64419","1280","1","511",6,Points,2025-05-22
"10006099","125613","2674","17","436",10,Credit Card,2025-06-06
"10006100","102631","1941","3","455",2,Credit Card,2025-02-10
"10006101","104516","2975","17","671",12,Digital Wallet,2025-07-18
"10006102","111953","1560","6","593",16,Digital Wallet,2025-12-11
"10006103","149698","2419","12","466",12,Credit Card,2025-06-16
"10006104","61858","2827","8","469",20,Digital Wallet,2025-08-11
"10006105","91941","1521","9","235",17,Credit Card,2025-06-04
"10006106","90327","2797","2","263",5,Cash,2025-01-02
"10006107","94977","2301","9","692",1,Cash,2025-01-26
"10006108","131719","2835","4","470",11,Digital Wallet,2025-08-03
"10006109","148670","1050","17","590",16,Cash,2025-06-24
"10006110","137246","1106","6","416",15,Points,2025-10-27
"10006111","130715","1345","12","403",10,Digital Wallet,2025-07-17
"10006112","73914","1263","12","410",19,Digital Wallet,2025-01-12
"10006113","103046","1853","1","584",17,Points,2025-05-28
"10006114","137956","1221","18","386",13,Cash,2025-12-10
"10006115","69856","2622","15","276",16,Digital Wallet,2025-01-31
"10006116","141623","2987","12","541",13,Cash,2025-08-18
"10006117","134910","1484","5","408",18,Points,2025-06-16
"10006118","114040","1050","20","654",2,Points,2025-10-12
"10006119","133556","2177","2","316",8,Points,2025-03-02
"10006120","78066","2131","19","323",6,Cash,2025-01-02
"10006121","129018","2586","1","591",20,Digital Wallet,2025-06-25
"10006122","73726","2314","15","330",16,Credit Card,2025-03-13
"10006123","134804","1920","12","281",14,Points,2025-05-19
"10006124","106047","2762","7","592",13,Points,2025-07-14
"10006125","103183","2118","12","285",15,Digital Wallet,2025-05-11
"10006126","64718","1467","14","542",15,Points,2025-08-22
"10006127","114353","1903","8","676",5,Points,2025-06-02
"10006128","80946","1169","9","292",13,Cash,2025-07-16
"10006129","52106","2473","5","443",15,Points,2025-11-14
"10006130","110127","1164","6","359",14,Credit Card,2025-01-19
"10006131","136250","1078","17","229",13,Digital Wallet,2025-01-25
"10006132","110202","1682","1","699",1,Cash,2025-04-19
"10006133","87506","1656","7","296",14,Credit Card,2025-01-07
"10006134","112081","2260","11","528",10,Digital Wallet,2025-02-21
"10006135","52567","2585","17","551",12,Cash,2025-11-03
"10006136","102118","1524","15","652",16,Digital Wallet,2025-04-07
"10006137","147627","1292","18","354",17,Points,2025-07-28
"10006138","57689","1583","3","616",15,Points,2025-09-27
"10006139","99015","1342","15","565",4,Credit Card,2025-10-13
"10006140","91393","2749","4","398",18,Points,2025-07-21
"10006141","59038","1696","5","425",20,Credit Card,2025-08-03
"10006142","141471","1611","6","291",1,Cash,2025-01-07
"10006143","57921","1210","18","380",13,Credit Card,2025-04-18
"10006144","127578","1941","20","519",20,Cash,2025-12-29
"10006145","92551","2336","18","578",20,Points,2025-11-30
"10006146","98455","1514","10","372",17,Digital Wallet,2025-06-28
"10006147","147471","1026","15","646",7,Digital Wallet,2025-01-13
"10006148","115559","2707","11","331",15,Digital Wallet,2025-08-25
"10006149","85444","2193","8","266",8,Cash,2025-09-25
"10006150","51948","2919","12","499",15,Credit Card,2025-02-05
"10006151","51520","1048","19","597",15,Digital Wallet,2025-02-08
"10006152","122859","2069","12","466",12,Cash,2025-02-22
"10006153","143078","2377","7","562",5,Credit Card,2025-10-17
"10006154","121847","2094","7","576",5,Credit Card,2025-09-18
"10006155","133943","1354","6","457",8,Digital Wallet,2025-10-19
"10006156","65126","1377","18","352",15,Credit Card,2025-10-22
"10006157","102851","1967","5","629",16,Cash,2025-08-10
"10006158","95867","1755","17","310",18,Points,2025-04-03
"10006159","72721","2912","11","464",14,Digital Wallet,2025-01-18
"10006160","87447","2442","3","621",4,Points,2025-11-20
"10006161","78644","1495","3","247",8,Digital Wallet,2025-12-08
"10006162","73603","1049","11","397",11,Points,2025-07-05
"10006163","89065","2464","8","612",12,Cash,2025-02-06
"10006164","117567","2962","5","311",20,Digital Wallet,2025-06-07
"10006165","76477","1149","7","634",20,Digital Wallet,2025-01-10
"10006166","136715","1769","8","406",11,Cash,2025-03-22
"10006167","140993","2639","1","215",12,Credit Card,2025-03-09
"10006168","141844","1790","18","487",12,Cash,2025-01-29
"10006169","92349","1873","19","478",14,Cash,2025-05-01
"10006170","80622","2740","3","404",5,Points,2025-09-10
"10006171","85567","2362","16","493",14,Digital Wallet,2025-07-15
"10006172","59345","1574","8","675",18,Credit Card,2025-06-19
"10006173","96245","1987","1","363",19,Cash,2025-11-13
"10006174","131120","2265","8","238",2,Digital Wallet,2025-11-04
"10006175","108265","1267","2","535",17,Cash,2025-04-18
"10006176","79360","1756","11","372",14,Credit Card,2025-04-10
"10006177","146505","2050","4","637",7,Digital Wallet,2025-11-25
"10006178","88015","2949","8","644",13,Cash,2025-06-14
"10006179","96607","1338","11","534",18,Digital Wallet,2025-08-09
"10006180","61491","2361","7","534",7,Credit Card,2025-01-14
"10006181","119515","1517","5","429",3,Cash,2025-03-05
"10006182","131679","2157","13","448",13,Points,2025-11-19
"10006183","93619","1383","9","456",12,Cash,2025-02-25
"10006184","73888","1658","18","662",14,Cash,2025-11-06
"10006185","83250","1909","12","651",16,Points,2025-09-11
"10006186","109947","2803","14","630",6,Credit Card,2025-04-26
"10006187","74335","2450","13","246",14,Cash,2025-10-20
"10006188","55895","1229","12","565",11,Digital Wallet,2025-07-08
"10006189","128738","1580","14","201",16,Digital Wallet,2025-09-27
"10006190","145456","2862","5","205",11,Cash,2025-02-01
"10006191","141336","2526","3","232",1,Cash,2025-11-28
"10006192","119884","2065","4","402",13,Digital Wallet,2025-10-09
"10006193","126187","2034","2","353",16,Credit Card,2025-06-07
"10006194","134439","1950","11","644",16,Digital Wallet,2025-01-04
"10006195","111360","1618","20","446",13,Points,2025-11-20
"10006196","135604","1218","14","360",12,Points,2025-11-01
"10006197","83894","2002","1","371",12,Points,2025-08-10
"10006198","133350","1277","5","613",5,Digital Wallet,2025-10-11
"10006199","90722","1787","10","317",16,Credit Card,2025-06-19
"10006200","133573","1109","11","662",6,Credit Card,2025-12-08
"10006201","106226","1808","14","419",7,Digital Wallet,2025-09-10
"10006202","71789","2997","10","699",10,Credit Card,2025-08-31
"10006203","132336","2025","12","211",9,Digital Wallet,2025-07-15
"10006204","68634","2367","13","572",20,Points,2025-09-11
"10006205","99813","1868","16","249",12,Points,2025-02-18
"10006206","144062","1735","3","434",13,Cash,2025-01-04
"10006207","60376","2573","1","246",10,Cash,2025-04-05
"10006208","76825","1241","14","255",15,Digital Wallet,2025-02-14
"10006209","72207","2819","12","223",13,Digital Wallet,2025-02-03
"10006210","120340","1266","16","461",3,Cash,2025-11-02
"10006211","62599","2115","1","524",19,Points,2025-10-18
"10006212","89732","2446","4","505",5,Digital Wallet,2025-09-23
"10006213","113112","1869","18","630",8,Points,2025-05-12
"10006214","54594","1167","8","437",17,Digital Wallet,2025-10-15
"10006215","108344","1163","17","268",19,Digital Wallet,2025-07-14
"10006216","146353","1176","11","334",7,Cash,2025-05-23
"10006217","75831","1125","10","560",5,Digital Wallet,2025-06-21
"10006218","149979","1031","11","616",11,Cash,2025-08-08
"10006219","141420","2513","9","277",12,Credit Card,2025-02-04
"10006220","61169","1833","20","463",14,Cash,2025-06-09
"10006221","126442","1967","13","255",15,Points,2025-06-27
"10006222","136992","1251","4","583",11,Credit Card,2025-03-25
"10006223","103672","1432","11","473",15,Cash,2025-12-29
"10006224","60486","2860","9","339",9,Points,2025-02-24
"10006225","63537","1981","8","394",14,Credit Card,2025-11-05
"10006226","76246","1401","6","514",17,Digital Wallet,2025-05-21
"10006227","106771","1855","8","653",19,Points,2025-05-03
"10006228","76001","1424","15","684",3,Digital Wallet,2025-09-30
"10006229","72969","1316","14","325",12,Points,2025-01-07
"10006230","141130","1370","4","497",3,Digital Wallet,2025-06-22
"10006231","81077","1007","14","654",18,Cash,2025-09-21
"10006232","78752","2394","14","202",10,Cash,2025-03-15
"10006233","113180","1294","5","317",9,Credit Card,2025-12-14
"10006234","80198","1818","19","455",2,Credit Card,2025-11-07
"10006235","116518","2224","20","275",3,Credit Card,2025-01-14
"10006236","92813","1318","2","332",20,Credit Card,2025-04-13
"10006237","107074","1578","12","538",2,Credit Card,2025-01-27
"10006238","78061","1620","11","254",5,Digital Wallet,2025-04-16
"10006239","69806","2251","6","241",13,Digital Wallet,2025-05-13
"10006240","95743","1290","20","602",10,Points,2025-07-06
"10006241","123875","1740","19","314",2,Cash,2025-11-15
"10006242","141433","2455","9","561",6,Credit Card,2025-10-22
"10006243","140070","2245","18","626",18,Credit Card,2025-03-11
"10006244","62473","1669","11","652",18,Cash,2025-06-18
"10006245","53318","2511","9","226",6,Credit Card,2025-08-08
"10006246","101893","2909","15","584",3,Credit Card,2025-01-29
"10006247","74585","2292","16","591",19,Cash,2025-02-02
"10006248","58698","2663","11","654",19,Digital Wallet,2025-06-15
"10006249","67195","1937","4","639",5,Cash,2025-12-30
"10006250","67903","1463","15","667",1,Digital Wallet,2025-12-30
"10006251","98603","1165","6","643",3,Digital Wallet,2025-01-26
"10006252","137032","1370","7","325",1,Cash,2025-03-16
"10006253","85499","1013","8","496",4,Points,2025-04-14
"10006254","62070","1135","4","677",2,Points,2025-06-04
"10006255","53002","2015","13","271",8,Cash,2025-06-20
"10006256","63395","2305","7","453",4,Cash,2025-03-25
"10006257","114772","2284","7","587",11,Cash,2025-01-20
"10006258","144011","1567","7","595",17,Points,2025-01-26
"10006259","109196","2410","19","389",6,Points,2025-08-06
"10006260","138158","1489","18","392",10,Digital Wallet,2025-01-18
"10006261","64120","2001","18","513",5,Cash,2025-12-18
"10006262","135294","2272","2","595",20,Points,2025-06-23
"10006263","122412","1608","15","529",3,Cash,2025-06-21
"10006264","149108","1163","18","409",3,Credit Card,2025-01-09
"10006265","148321","1004","18","695",20,Digital Wallet,2025-06-12
"10006266","64541","1859","1","525",5,Points,2025-12-28
"10006267","50467","1927","5","684",10,Digital Wallet,2025-06-06
"10006268","103670","1528","10","529",9,Points,2025-04-22
"10006269","126017","1049","20","591",3,Credit Card,2025-10-03
"10006270","50046","1622","2","513",6,Points,2025-06-25
"10006271","101627","1379","15","657",8,Digital Wallet,2025-03-20
"10006272","54968","2014","13","431",9,Cash,2025-04-01
"10006273","76504","1165","1","647",20,Digital Wallet,2025-03-15
"10006274","123173","2635","19","689",19,Points,2025-05-01
"10006275","68441","1245","15","620",5,Points,2025-02-24
"10006276","134922","1798","1","420",9,Cash,2025-03-29
"10006277","54089","1002","2","394",6,Credit Card,2025-01-21
"10006278","145267","1524","8","361",2,Credit Card,2025-09-15
"10006279","141209","2885","6","386",18,Digital Wallet,2025-01-17
"10006280","122279","2293","6","465",10,Points,2025-06-04
"10006281","117812","2785","2","689",8,Digital Wallet,2025-02-08
"10006282","57864","1859","18","351",17,Credit Card,2025-03-05
"10006283","66948","2255","14","609",6,Credit Card,2025-03-25
"10006284","147164","1156","7","480",11,Credit Card,2025-01-28
"10006285","118028","1648","6","553",1,Credit Card,2025-04-17
"10006286","89284","2854","9","485",19,Cash,2025-09-26
"10006287","109223","2122","20","471",6,Digital Wallet,2025-11-30
"10006288","131076","2110","14","542",7,Digital Wallet,2025-10-30
"10006289","111928","1324","17","683",12,Digital Wallet,2025-03-09
"10006290","99107","2752","14","467",11,Cash,2025-05-15
"10006291","65823","1877","11","634",15,Cash,2025-01-08
"10006292","82759","1336","3","487",15,Cash,2025-05-25
"10006293","58720","2811","13","225",18,Digital Wallet,2025-08-01
"10006294","128093","1217","13","247",2,Digital Wallet,2025-12-18
"10006295","137552","2005","9","544",1,Cash,2025-09-03
"10006296","148994","1971","16","481",3,Points,2025-04-28
"10006297","123654","2755","7","626",7,Cash,2025-05-03
"10006298","95783","1911","11","502",5,Cash,2025-10-09
"10006299","133358","1047","14","202",20,Cash,2025-10-27
"10006300","132659","2722","17","365",11,Digital Wallet,2025-12-26
"10006301","78343","1520","14","252",10,Points,2025-03-23
"10006302","115276","2622","1","594",9,Points,2025-01-08
"10006303","90235","2334","16","418",13,Points,2025-09-30
"10006304","104757","2835","11","211",19,Cash,2025-10-17
"10006305","124896","2604","12","480",5,Points,2025-09-15
"10006306","68831","2501","2","656",10,Points,2025-04-18
"10006307","60471","1981","1","257",9,Credit Card,2025-06-15
"10006308","108220","1006","11","567",5,Credit Card,2025-03-11
"10006309","72141","1517","6","409",12,Digital Wallet,2025-04-02
"10006310","81122","1538","7","392",12,Credit Card,2025-08-23
"10006311","67612","2268","9","668",4,Points,2025-01-13
"10006312","58248","1729","1","435",7,Digital Wallet,2025-01-13
"10006313","132616","1283","15","243",1,Digital Wallet,2025-02-27
"10006314","141495","1592","9","674",10,Digital Wallet,2025-11-19
"10006315","97057","2439","8","279",13,Points,2025-11-12
"10006316","103114","2286","2","580",18,Credit Card,2025-07-21
"10006317","141759","2731","6","538",17,Points,2025-08-18
"10006318","147919","1497","14","227",2,Cash,2025-01-19
"10006319","142768","2506","3","358",15,Cash,2025-05-09
"10006320","140964","2639","16","479",17,Credit Card,2025-11-30
"10006321","93841","2604","2","617",19,Cash,2025-11-16
"10006322","85552","2169","6","560",19,Cash,2025-01-14
"10006323","105293","1128","8","451",17,Points,2025-06-28
"10006324","97374","1273","2","292",3,Cash,2025-11-01
"10006325","56307","1421","3","516",13,Points,2025-03-05
"10006326","120584","1364","18","443",9,Cash,2025-03-29
"10006327","68095","1834","19","291",15,Points,2025-06-17
"10006328","113660","1323","18","259",19,Points,2025-03-08
"10006329","147862","1406","18","684",2,Digital Wallet,2025-08-06
"10006330","127531","2859","17","482",9,Points,2025-05-05
"10006331","92664","1538","18","345",5,Cash,2025-12-04
"10006332","51082","1937","11","687",5,Points,2025-11-06
"10006333","53486","2737","16","288",16,Digital Wallet,2025-05-09
"10006334","57706","1540","17","529",19,Digital Wallet,2025-03-12
"10006335","108186","2121","9","576",15,Digital Wallet,2025-01-02
"10006336","112882","1767","11","450",16,Digital Wallet,2025-01-30
"10006337","140993","1215","1","648",1,Digital Wallet,2025-01-31
"10006338","137455","2567","7","295",4,Points,2025-05-23
"10006339","65852","2667","20","330",16,Points,2025-12-20
"10006340","61794","2841","9","394",12,Credit Card,2025-10-18
"10006341","98759","1817","12","626",11,Digital Wallet,2025-09-30
"10006342","133294","1317","12","673",11,Credit Card,2025-11-22
"10006343","62553","1158","12","671",20,Cash,2025-03-04
"10006344","126178","2528","20","587",6,Cash,2025-10-11
"10006345","90972","2911","13","215",7,Cash,2025-06-26
"10006346","145722","1668","12","635",6,Credit Card,2025-08-09
"10006347","69563","1004","17","434",17,Points,2025-10-23
"10006348","127313","1147","4","396",5,Digital Wallet,2025-01-01
"10006349","97211","2691","12","305",11,Digital Wallet,2025-07-06
"10006350","112879","2332","12","357",11,Credit Card,2025-07-19
"10006351","132823","1803","6","677",11,Digital Wallet,2025-04-10
"10006352","99248","2760","17","525",18,Cash,2025-10-07
"10006353","71944","1869","16","528",4,Cash,2025-05-10
"10006354","106300","1058","16","293",5,Credit Card,2025-01-27
"10006355","88494","1140","5","453",16,Digital Wallet,2025-10-16
"10006356","146734","2298","11","696",2,Digital Wallet,2025-06-06
"10006357","116735","1097","1","510",4,Points,2025-02-06
"10006358","115766","2524","14","328",14,Digital Wallet,2025-11-12
"10006359","119951","2595","15","376",14,Credit Card,2025-08-09
"10006360","72925","1558","13","690",3,Points,2025-02-19
"10006361","61907","2225","17","275",1,Digital Wallet,2025-04-12
"10006362","87694","1995","7","361",20,Points,2025-11-28
"10006363","124195","2330","14","697",10,Points,2025-08-30
"10006364","65666","1687","8","434",19,Digital Wallet,2025-01-11
"10006365","102122","2061","11","648",13,Digital Wallet,2025-08-02
"10006366","53828","2712","14","608",8,Points,2025-11-13
"10006367","78318","1497","9","359",10,Points,2025-05-17
"10006368","50825","2531","7","522",10,Cash,2025-08-08
"10006369","90201","1003","18","440",18,Cash,2025-08-27
"10006370","124579","2294","16","410",9,Credit Card,2025-09-21
"10006371","115510","2918","6","335",12,Credit Card,2025-10-04
"10006372","95196","1737","7","631",15,Points,2025-12-30
"10006373","128186","1194","20","300",11,Digital Wallet,2025-07-08
"10006374","81191","2467","18","686",7,Digital Wallet,2025-05-12
"10006375","65566","2671","5","679",11,Cash,2025-07-31
"10006376","117523","1780","13","413",4,Cash,2025-06-18
"10006377","139889","1665","1","496",2,Cash,2025-03-14
"10006378","143522","2072","19","638",13,Points,2025-01-27
"10006379","96796","2433","9","234",10,Cash,2025-08-21
"10006380","85193","1554","6","627",7,Digital Wallet,2025-01-20
"10006381","110649","2561","4","404",2,Cash,2025-03-05
"10006382","76654","2265","14","604",15,Points,2025-11-05
"10006383","102543","2010","14","349",15,Points,2025-10-02
"10006384","83085","1355","12","476",5,Points,2025-10-10
"10006385","75205","1120","13","278",6,Cash,2025-12-15
"10006386","84397","2382","13","449",14,Points,2025-09-08
"10006387","50865","1610","6","321",16,Cash,2025-10-24
"10006388","78470","2414","17","585",9,Credit Card,2025-01-29
"10006389","66778","1887","12","370",15,Points,2025-04-12
"10006390","81326","2803","10","533",7,Cash,2025-05-14
"10006391","51773","1751","5","609",2,Cash,2025-08-31
"10006392","139329","1706","8","591",6,Digital Wallet,2025-07-05
"10006393","131211","1024","7","276",20,Points,2025-03-27
"10006394","119209","2855","17","660",6,Cash,2025-05-21
"10006395","147741","2311","5","653",9,Points,2025-09-02
"10006396","124007","1536","1","521",18,Cash,2025-05-01
"10006397","113688","2699","5","491",5,Credit Card,2025-08-11
"10006398","102958","2403","20","608",10,Credit Card,2025-12-19
"10006399","55257","1433","6","573",14,Digital Wallet,2025-06-04
"10006400","55219","2518","5","678",13,Digital Wallet,2025-01-22
"10006401","140987","2843","11","469",16,Points,2025-05-29
"10006402","92017","2516","2","521",3,Cash,2025-06-24
"10006403","73545","1647","2","565",13,Points,2025-08-22
"10006404","111788","2654","12","372",13,Digital Wallet,2025-05-11
"10006405","72512","2393","11","666",1,Digital Wallet,2025-09-02
"10006406","63748","2213","12","254",13,Cash,2025-09-30
"10006407","135227","1308","7","269",16,Digital Wallet,2025-02-27
"10006408","140052","2059","12","242",3,Cash,2025-01-26
"10006409","76998","2328","13","263",14,Points,2025-02-14
"10006410","85662","2101","5","416",1,Cash,2025-12-29
"10006411","95311","2562","2","554",18,Cash,2025-07-27
"10006412","133068","2232","4","529",1,Cash,2025-01-24
"10006413","149437","1843","19","499",8,Credit Card,2025-01-08
"10006414","74654","2537","4","329",8,Cash,2025-07-23
"10006415","137506","1739","11","278",1,Digital Wallet,2025-07-01
"10006416","117485","1419","13","451",9,Digital Wallet,2025-06-01
"10006417","53624","2735","18","451",16,Cash,2025-08-31
"10006418","103202","1849","16","499",7,Cash,2025-01-15
"10006419","60185","1756","7","239",4,Credit Card,2025-05-04
"10006420","141119","2319","13","527",2,Cash,2025-02-26
"10006421","141538","2118","10","455",12,Points,2025-06-20
"10006422","58837","1284","10","610",12,Digital Wallet,2025-05-29
"10006423","79199","2184","13","553",13,Cash,2025-02-14
"10006424","63417","1189","20","437",16,Digital Wallet,2025-05-08
"10006425","53004","1513","3","560",3,Digital Wallet,2025-01-03
"10006426","145268","1608","14","563",10,Credit Card,2025-05-27
"10006427","71229","1949","10","461",2,Cash,2025-12-18
"10006428","118544","2656","16","509",17,Cash,2025-01-10
"10006429","53310","2749","7","472",20,Points,2025-04-24
"10006430","91910","2766","13","525",17,Points,2025-01-21
"10006431","118421","1339","17","625",9,Points,2025-12-09
"10006432","146690","2741","10","678",13,Digital Wallet,2025-06-06
"10006433","72900","1669","2","336",6,Credit Card,2025-09-11
"10006434","80766","1658","20","406",18,Digital Wallet,2025-05-21
"10006435","66634","2669","19","276",9,Cash,2025-02-10
"10006436","56938","1126","2","256",12,Cash,2025-04-16
"10006437","114202","2357","17","341",1,Digital Wallet,2025-05-04
"10006438","91770","2362","1","356",13,Points,2025-02-25
"10006439","58706","1129","13","492",15,Cash,2025-04-24
"10006440","144970","2059","15","655",16,Credit Card,2025-12-26
"10006441","88471","1003","11","344",8,Cash,2025-03-02
"10006442","124772","1454","6","277",11,Points,2025-05-24
"10006443","128552","2185","19","410",11,Credit Card,2025-05-02
"10006444","143798","2045","14","669",10,Points,2025-11-24
"10006445","95159","1997","10","311",12,Digital Wallet,2025-10-03
"10006446","85851","1796","11","568",17,Cash,2025-05-25
"10006447","116248","2410","17","410",16,Digital Wallet,2025-08-16
"10006448","66878","2882","19","465",8,Digital Wallet,2025-11-17
"10006449","105495","1535","3","504",6,Digital Wallet,2025-04-25
"10006450","128136","1247","7","613",7,Cash,2025-03-29
"10006451","93827","2016","3","440",4,Points,2025-01-26
"10006452","116513","1236","11","597",14,Cash,2025-02-24
"10006453","52209","2409","6","304",10,Points,2025-05-10
"10006454","117090","2135","3","529",17,Digital Wallet,2025-03-30
"10006455","58236","2048","19","369",19,Points,2025-07-22
"10006456","62253","1626","18","325",2,Points,2025-03-21
"10006457","118135","1051","14","398",4,Cash,2025-08-06
"10006458","137033","2843","16","441",8,Digital Wallet,2025-11-15
"10006459","91963","1832","9","489",16,Points,2025-04-04
"10006460","59242","1057","1","683",19,Cash,2025-10-15
"10006461","148742","2804","17","306",3,Credit Card,2025-12-01
"10006462","63675","2656","15","357",4,Cash,2025-06-12
"10006463","64670","2329","11","542",12,Points,2025-06-28
"10006464","94677","1249","9","248",8,Digital Wallet,2025-04-14
"10006465","70205","2568","19","387",5,Points,2025-06-28
"10006466","93447","1127","7","420",14,Digital Wallet,2025-05-27
"10006467","146791","1475","8","499",12,Points,2025-07-22
"10006468","136456","2012","18","644",4,Points,2025-12-29
"10006469","126897","1236","20","315",6,Credit Card,2025-04-27
"10006470","72730","1006","11","540",8,Cash,2025-02-05
"10006471","74491","2619","5","569",8,Credit Card,2025-09-25
"10006472","123567","2226","13","615",9,Points,2025-03-02
"10006473","110174","2751","9","392",5,Cash,2025-09-28
"10006474","79506","1455","9","692",5,Digital Wallet,2025-02-22
"10006475","67707","1147","4","470",18,Credit Card,2025-06-06
"10006476","112488","2867","12","515",17,Credit Card,2025-07-30
"10006477","110838","2764","9","432",2,Cash,2025-07-08
"10006478","85057","2308","1","612",6,Points,2025-08-13
"10006479","84023","2018","2","534",14,Credit Card,2025-08-02
"10006480","95313","2312","13","688",6,Credit Card,2025-04-28
"10006481","141578","1215","6","535",2,Credit Card,2025-12-26
"10006482","131638","2397","12","613",4,Cash,2025-04-10
"10006483","96327","1428","11","254",15,Digital Wallet,2025-02-25
"10006484","135723","1585","20","322",1,Cash,2025-09-07
"10006485","57403","1558","5","235",5,Digital Wallet,2025-02-21
"10006486","82741","2661","10","360",4,Cash,2025-12-30
"10006487","97223","2522","12","406",2,Digital Wallet,2025-01-09
"10006488","122859","2490","13","696",15,Cash,2025-08-12
"10006489","107192","1881","18","630",4,Digital Wallet,2025-03-29
"10006490","137676","1106","8","487",10,Digital Wallet,2025-09-13
"10006491","126947","1778","7","277",6,Cash,2025-10-24
"10006492","70421","2225","19","282",2,Digital Wallet,2025-09-05
"10006493","56264","2450","1","330",18,Credit Card,2025-10-19
"10006494","65702","2643","12","399",11,Cash,2025-05-25
"10006495","80806","1825","15","307",20,Cash,2025-06-10
"10006496","98372","1191","4","611",10,Points,2025-07-25
"10006497","81737","2913","19","666",4,Digital Wallet,2025-06-25
"10006498","124852","1746","7","420",15,Cash,2025-02-12
"10006499","74467","1109","8","241",10,Cash,2025-07-02
"10006500","108797","1287","7","300",8,Points,2025-11-15
"10006501","60880","2701","20","395",14,Credit Card,2025-11-06
"10006502","62879","2571","13","504",20,Credit Card,2025-09-30
"10006503","122766","2831","7","324",4,Digital Wallet,2025-05-19
"10006504","52772","2683","7","584",11,Credit Card,2025-04-25
"10006505","68567","2038","4","387",9,Points,2025-09-22
"10006506","137888","2815","16","222",2,Points,2025-11-25
"10006507","68712","1034","19","382",10,Credit Card,2025-01-03
"10006508","92174","2724","6","303",11,Credit Card,2025-06-20
"10006509","60459","2987","14","518",10,Points,2025-01-11
"10006510","144664","1863","4","424",19,Cash,2025-02-01
"10006511","139642","1885","18","315",3,Credit Card,2025-02-19
"10006512","84134","1556","5","679",19,Credit Card,2025-07-17
"10006513","94360","1046","4","258",16,Digital Wallet,2025-09-04
"10006514","148939","1843","6","281",13,Digital Wallet,2025-07-21
"10006515","135880","2770","7","207",3,Cash,2025-02-28
"10006516","101030","2889","19","264",14,Cash,2025-02-28
"10006517","130092","1038","5","481",20,Digital Wallet,2025-04-16
"10006518","82308","2042","3","636",16,Points,2025-07-25
"10006519","71944","2818","8","339",5,Digital Wallet,2025-12-12
"10006520","111628","1300","17","628",4,Cash,2025-08-14
"10006521","70592","2442","6","397",14,Digital Wallet,2025-10-23
"10006522","102045","1329","18","300",9,Points,2025-08-08
"10006523","67850","1348","5","394",5,Cash,2025-07-26
"10006524","85469","2099","15","317",14,Digital Wallet,2025-12-11
"10006525","99123","2784","19","415",16,Points,2025-10-05
"10006526","72699","2519","20","280",16,Points,2025-01-26
"10006527","137108","1582","6","223",9,Points,2025-03-15
"10006528","147750","1323","16","516",5,Digital Wallet,2025-04-15
"10006529","125238","1676","5","342",16,Digital Wallet,2025-10-25
"10006530","86623","2856","15","643",6,Points,2025-08-14
"10006531","99208","1423","17","670",13,Credit Card,2025-06-27
"10006532","122894","2783","12","280",11,Points,2025-02-22
"10006533","124211","2129","8","614",17,Digital Wallet,2025-07-25
"10006534","82074","1197","18","676",20,Points,2025-01-22
"10006535","125125","1964","5","522",7,Cash,2025-12-30
"10006536","133955","1109","1","692",16,Credit Card,2025-02-25
"10006537","121579","2866","3","474",7,Cash,2025-10-21
"10006538","126751","2971","10","295",19,Credit Card,2025-05-06
"10006539","114230","2879","14","396",15,Points,2025-06-12
"10006540","125918","2993","9","203",18,Cash,2025-12-24
"10006541","148681","2011","16","563",15,Credit Card,2025-08-11
"10006542","122641","2014","16","357",10,Digital Wallet,2025-11-04
"10006543","93285","2320","17","576",2,Credit Card,2025-03-16
"10006544","131085","2505","6","460",2,Digital Wallet,2025-11-04
"10006545","57967","1210","20","305",9,Cash,2025-05-09
"10006546","148801","2780","11","226",16,Digital Wallet,2025-12-09
"10006547","67526","1309","5","361",17,Points,2025-05-04
"10006548","101080","1525","18","484",20,Credit Card,2025-08-14
"10006549","124164","1970","15","529",11,Points,2025-04-03
"10006550","122342","1699","20","603",7,Cash,2025-04-17
"10006551","67304","2978","6","530",7,Cash,2025-08-02
"10006552","109268","1640","5","597",11,Digital Wallet,2025-03-05
"10006553","122781","1191","17","253",11,Points,2025-08-06
"10006554","73329","1030","4","686",1,Credit Card,2025-10-05
"10006555","56634","2724","6","621",1,Digital Wallet,2025-05-12
"10006556","135930","1632","1","352",1,Points,2025-08-02
"10006557","111524","1171","9","449",5,Digital Wallet,2025-02-19
"10006558","127928","2746","1","238",11,Credit Card,2025-09-01
"10006559","144283","1584","12","335",14,Digital Wallet,2025-08-23
"10006560","71350","2232","19","369",4,Points,2025-01-30
"10006561","85017","2152","5","302",4,Credit Card,2025-04-14
"10006562","72926","2170","12","407",14,Points,2025-06-30
"10006563","99561","2137","20","488",3,Points,2025-01-23
"10006564","137600","2020","7","449",7,Points,2025-12-05
"10006565","142919","1717","2","380",4,Credit Card,2025-12-14
"10006566","84866","1630","9","640",12,Cash,2025-05-19
"10006567","132194","1441","18","445",7,Cash,2025-08-01
"10006568","96287","1220","15","520",8,Digital Wallet,2025-09-10
"10006569","63590","1743","14","306",5,Credit Card,2025-10-15
"10006570","121296","1303","11","406",13,Points,2025-04-11
"10006571","87663","2948","1","594",10,Credit Card,2025-09-04
"10006572","69051","1466","3","400",11,Points,2025-09-15
"10006573","136628","1779","11","561",4,Points,2025-09-27
"10006574","78700","1665","8","521",13,Points,2025-12-28
"10006575","103644","1477","16","519",2,Digital Wallet,2025-03-22
"10006576","135906","2266","18","265",19,Credit Card,2025-07-09
"10006577","55375","1912","14","473",3,Points,2025-06-05
"10006578","124255","1502","14","670",10,Credit Card,2025-10-22
"10006579","137345","2110","3","670",18,Points,2025-12-19
"10006580","54047","1950","12","213",11,Credit Card,2025-12-29
"10006581","81701","1378","16","564",4,Cash,2025-01-30
"10006582","120249","1561","20","447",13,Credit Card,2025-01-23
"10006583","80957","2336","6","359",3,Digital Wallet,2025-08-21
"10006584","148546","1904","15","244",6,Digital Wallet,2025-08-13
"10006585","110766","1046","18","666",9,Points,2025-06-01
"10006586","57460","1949","11","209",7,Cash,2025-06-02
"10006587","134452","1189","10","251",4,Points,2025-09-17
"10006588","124984","1631","19","270",10,Points,2025-02-21
"10006589","76153","1169","3","650",3,Cash,2025-03-07
"10006590","90327","1374","16","503",6,Digital Wallet,2025-01-09
"10006591","132631","2694","18","651",8,Cash,2025-01-15
"10006592","127101","2366","2","513",13,Credit Card,2025-05-03
"10006593","139242","1208","6","690",11,Credit Card,2025-04-26
"10006594","86017","2927","11","221",5,Digital Wallet,2025-04-02
"10006595","139004","1843","3","542",20,Digital Wallet,2025-11-02
"10006596","143136","1337","14","633",12,Points,2025-07-01
"10006597","60120","2483","6","358",8,Points,2025-11-02
"10006598","51069","1222","18","665",15,Credit Card,2025-05-18
"10006599","71921","1626","3","304",8,Credit Card,2025-05-17
"10006600","111072","2329","11","549",10,Cash,2025-03-03
"10006601","55971","1231","20","433",16,Digital Wallet,2025-12-01
"10006602","95835","1196","7","614",4,Credit Card,2025-11-17
"10006603","91604","1581","6","474",12,Points,2025-12-27
"10006604","107346","1371","5","453",18,Credit Card,2025-10-11
"10006605","72079","2876","15","675",3,Points,2025-06-21
"10006606","56214","1221","14","317",14,Points,2025-04-06
"10006607","132116","1388","7","527",17,Cash,2025-05-12
"10006608","70426","1789","7","410",10,Points,2025-02-14
"10006609","87452","1771","15","598",9,Credit Card,2025-04-08
"10006610","82099","1853","2","524",15,Credit Card,2025-02-17
"10006611","145609","1255","16","305",1,Cash,2025-04-06
"10006612","70046","2837","19","424",13,Cash,2025-05-25
"10006613","100124","2158","7","610",20,Cash,2025-01-29
"10006614","125999","1251","3","684",11,Credit Card,2025-02-05
"10006615","113883","1845","17","482",3,Digital Wallet,2025-04-10
"10006616","110807","2866","7","549",7,Points,2025-12-03
"10006617","95344","1169","13","224",12,Points,2025-09-08
"10006618","82186","1612","9","691",2,Cash,2025-12-25
"10006619","85919","2704","17","227",9,Credit Card,2025-01-10
"10006620","145070","1510","13","406",14,Credit Card,2025-07-05
"10006621","69519","2316","12","652",3,Credit Card,2025-03-10
"10006622","78683","2543","10","466",16,Credit Card,2025-10-22
"10006623","140217","2063","17","610",10,Cash,2025-06-17
"10006624","88642","1054","9","488",15,Digital Wallet,2025-05-31
"10006625","90144","1374","18","495",7,Digital Wallet,2025-07-03
"10006626","93321","2510","2","645",15,Credit Card,2025-12-19
"10006627","120382","2169","16","522",2,Cash,2025-01-27
"10006628","133333","1318","2","329",3,Cash,2025-06-11
"10006629","102955","2431","16","653",16,Points,2025-06-24
"10006630","61451","2506","17","376",19,Points,2025-11-16
"10006631","91076","1620","9","560",17,Digital Wallet,2025-05-26
"10006632","116303","1867","4","301",6,Credit Card,2025-12-04
"10006633","83739","1138","9","549",9,Points,2025-11-21
"10006634","97128","2028","4","417",3,Digital Wallet,2025-02-02
"10006635","141302","2340","13","422",8,Points,2025-03-01
"10006636","89396","1552","12","334",13,Digital Wallet,2025-05-06
"10006637","80410","2262","2","648",20,Credit Card,2025-03-23
"10006638","147875","1537","7","528",7,Credit Card,2025-07-11
"10006639","65926","1385","19","459",16,Cash,2025-06-19
"10006640","149390","2979","2","371",18,Credit Card,2025-08-07
"10006641","141872","2732","17","606",8,Cash,2025-08-26
"10006642","128425","1379","1","535",18,Points,2025-04-07
"10006643","74463","2456","12","571",9,Cash,2025-06-05
"10006644","83831","2250","4","299",20,Points,2025-12-05
"10006645","98992","2275","1","395",9,Digital Wallet,2025-03-19
"10006646","98157","1694","16","491",3,Cash,2025-05-17
"10006647","116284","2011","19","400",13,Credit Card,2025-02-07
"10006648","74799","1839","2","466",19,Credit Card,2025-01-29
"10006649","78883","1232","15","220",6,Digital Wallet,2025-05-13
"10006650","63351","2187","6","507",7,Credit Card,2025-06-07
"10006651","76879","2580","10","626",19,Points,2025-06-16
"10006652","134740","2848","19","549",14,Cash,2025-06-21
"10006653","90360","1490","2","404",16,Credit Card,2025-11-25
"10006654","104421","2241","5","543",18,Digital Wallet,2025-05-13
"10006655","101964","1769","11","641",6,Cash,2025-12-03
"10006656","75263","2050","6","568",6,Digital Wallet,2025-09-21
"10006657","135002","2534","18","575",1,Digital Wallet,2025-10-13
"10006658","111622","1668","19","479",8,Cash,2025-05-01
"10006659","137518","2008","1","683",16,Digital Wallet,2025-01-10
"10006660","55283","2962","13","219",12,Points,2025-06-21
"10006661","142028","2861","11","376",7,Credit Card,2025-09-02
"10006662","142528","2286","9","373",8,Points,2025-05-31
"10006663","117085","2471","5","436",2,Digital Wallet,2025-05-23
"10006664","110994","2204","6","428",12,Digital Wallet,2025-11-20
"10006665","130521","2552","5","243",4,Credit Card,2025-07-07
"10006666","87249","2664","7","556",10,Points,2025-01-20
"10006667","112661","2060","4","243",13,Credit Card,2025-05-07
"10006668","55094","2607","18","292",2,Points,2025-11-16
"10006669","69980","2679","12","410",6,Digital Wallet,2025-08-09
"10006670","90722","1617","5","305",1,Cash,2025-10-19
"10006671","148851","1443","4","447",9,Digital Wallet,2025-12-23
"10006672","134639","2044","17","237",18,Credit Card,2025-10-15
"10006673","114366","1210","18","662",9,Digital Wallet,2025-01-13
"10006674","145368","1396","9","253",20,Credit Card,2025-08-26
"10006675","136188","2473","6","544",19,Cash,2025-10-21
"10006676","132851","2091","12","507",3,Cash,2025-08-18
"10006677","143825","2385","16","220",8,Cash,2025-04-25
"10006678","66340","1808","9","507",7,Cash,2025-12-15
"10006679","133816","2382","15","645",19,Points,2025-01-27
"10006680","53554","1030","3","571",1,Digital Wallet,2025-08-25
"10006681","92559","1032","4","657",3,Digital Wallet,2025-02-14
"10006682","134647","1476","12","664",4,Points,2025-08-25
"10006683","61595","1001","4","315",11,Points,2025-03-24
"10006684","62072","1718","20","276",5,Digital Wallet,2025-04-15
"10006685","50982","1684","13","228",16,Credit Card,2025-05-11
"10006686","76275","2713","17","597",18,Cash,2025-10-14
"10006687","77257","1896","18","393",16,Credit Card,2025-03-05
"10006688","68275","1841","10","237",10,Cash,2025-02-22
"10006689","134718","1101","17","350",7,Points,2025-06-09
"10006690","73457","2737","8","205",14,Cash,2025-08-05
"10006691","62139","1787","8","450",7,Cash,2025-09-05
"10006692","79044","1958","4","646",9,Digital Wallet,2025-02-09
"10006693","149708","2955","10","459",2,Points,2025-05-21
"10006694","91868","1726","12","459",2,Credit Card,2025-05-09
"10006695","67381","1947","15","597",5,Credit Card,2025-01-27
"10006696","67094","2635","7","660",12,Credit Card,2025-03-03
"10006697","67890","1203","13","505",17,Cash,2025-09-20
"10006698","69226","2241","20","600",19,Points,2025-04-29
"10006699","104793","2827","4","487",12,Digital Wallet,2025-08-02
"10006700","70475","2212","8","226",8,Digital Wallet,2025-02-23
"10006701","136024","1663","8","518",15,Points,2025-12-06
"10006702","102228","2504","2","481",18,Cash,2025-01-02
"10006703","75285","1414","19","414",11,Points,2025-03-11
"10006704","123181","2433","4","427",12,Credit Card,2025-03-31
"10006705","112980","2552","6","452",1,Digital Wallet,2025-09-04
"10006706","101403","1578","18","374",12,Digital Wallet,2025-06-20
"10006707","66391","2151","9","465",1,Credit Card,2025-06-05
"10006708","88873","1197","18","330",6,Points,2025-04-20
"10006709","121570","1999","6","382",9,Digital Wallet,2025-11-29
"10006710","118504","1575","2","539",1,Credit Card,2025-12-10
"10006711","62431","1522","11","291",1,Credit Card,2025-12-08
"10006712","147143","2766","3","226",20,Credit Card,2025-01-16
"10006713","54508","1808","13","258",6,Credit Card,2025-09-22
"10006714","119866","2251","4","237",3,Points,2025-11-14
"10006715","122238","2252","6","494",2,Digital Wallet,2025-06-04
"10006716","111964","2981","16","277",2,Digital Wallet,2025-09-11
"10006717","78858","1537","16","522",19,Points,2025-11-18
"10006718","59444","2821","17","586",7,Credit Card,2025-04-16
"10006719","89912","2572","2","627",18,Points,2025-02-17
"10006720","148606","2774","9","572",1,Cash,2025-03-07
"10006721","78402","1062","9","277",6,Credit Card,2025-10-25
"10006722","92160","2502","6","583",17,Cash,2025-04-16
"10006723","95777","1815","5","457",10,Points,2025-08-26
"10006724","81805","2823","8","310",9,Credit Card,2025-09-04
"10006725","100704","1773","17","575",18,Points,2025-05-14
"10006726","136556","2943","17","279",10,Credit Card,2025-06-28
"10006727","125547","1427","10","272",20,Credit Card,2025-03-19
"10006728","148486","2713","9","632",13,Digital Wallet,2025-01-28
"10006729","72299","2329","18","638",16,Points,2025-04-17
"10006730","106239","1699","11","552",4,Credit Card,2025-10-05
"10006731","87949","1913","10","459",17,Points,2025-08-27
"10006732","100301","1135","11","489",3,Digital Wallet,2025-05-16
"10006733","50023","2304","18","241",7,Credit Card,2025-05-15
"10006734","112138","1689","18","260",18,Credit Card,2025-11-02
"10006735","59872","2368","18","425",12,Credit Card,2025-06-03
"10006736","57648","1700","4","440",6,Credit Card,2025-12-20
"10006737","110980","1425","14","329",5,Cash,2025-08-14
"10006738","100961","2470","16","588",4,Credit Card,2025-12-05
"10006739","100831","1480","12","217",20,Cash,2025-08-09
"10006740","73693","1426","18","535",1,Cash,2025-05-31
"10006741","125028","2951","19","700",3,Credit Card,2025-01-13
"10006742","82586","2010","9","394",19,Points,2025-01-13
"10006743","73595","2021","4","393",16,Credit Card,2025-11-09
"10006744","85962","2796","13","238",1,Credit Card,2025-06-05
"10006745","105015","2540","5","687",10,Cash,2025-03-21
"10006746","89894","1865","2","464",5,Cash,2025-05-19
"10006747","113534","1484","1","533",6,Credit Card,2025-09-26
"10006748","113349","1203","20","479",11,Credit Card,2025-04-27
"10006749","111569","2026","14","261",3,Credit Card,2025-12-30
"10006750","85319","2954","14","434",16,Credit Card,2025-07-21
"10006751","115703","1049","3","346",4,Cash,2025-07-10
"10006752","66793","2135","2","467",7,Cash,2025-08-07
"10006753","76220","2255","17","293",2,Digital Wallet,2025-06-03
"10006754","142010","1967","15","261",1,Digital Wallet,2025-11-15
"10006755","112202","2383","13","499",16,Credit Card,2025-02-05
"10006756","120555","2759","5","426",18,Points,2025-01-29
"10006757","92015","2601","12","575",2,Cash,2025-01-23
"10006758","92210","2945","8","670",20,Points,2025-01-28
"10006759","138092","2259","9","412",8,Digital Wallet,2025-07-21
"10006760","53896","2218","3","613",6,Credit Card,2025-12-18
"10006761","66684","2373","9","403",20,Points,2025-04-06
"10006762","120595","2522","7","632",8,Digital Wallet,2025-01-28
"10006763","113013","2112","20","369",14,Cash,2025-10-06
"10006764","112565","2772","2","366",4,Credit Card,2025-09-08
"10006765","90702","1292","3","414",10,Points,2025-02-23
"10006766","105140","2214","5","689",11,Points,2025-11-15
"10006767","80617","1007","9","395",10,Credit Card,2025-05-13
"10006768","112040","1453","15","615",13,Digital Wallet,2025-01-12
"10006769","69700","2524","3","295",14,Cash,2025-08-02
"10006770","64424","2499","15","218",13,Points,2025-08-08
"10006771","140588","2812","15","553",20,Credit Card,2025-06-28
"10006772","115220","2911","15","339",14,Digital Wallet,2025-02-07
"10006773","64144","1890","20","203",13,Cash,2025-11-29
"10006774","130120","2986","11","654",4,Credit Card,2025-01-19
"10006775","123240","2103","10","203",18,Digital Wallet,2025-02-13
"10006776","118584","1653","7","589",2,Digital Wallet,2025-07-31
"10006777","104657","1598","14","650",17,Points,2025-08-13
"10006778","119086","1103","18","301",10,Points,2025-08-25
"10006779","58320","1235","19","450",7,Cash,2025-09-16
"10006780","110516","1201","7","616",9,Points,2025-11-23
"10006781","98138","1039","3","384",15,Credit Card,2025-09-25
"10006782","103816","2409","13","601",6,Cash,2025-08-24
"10006783","58801","1980","18","481",11,Cash,2025-08-07
"10006784","74323","1733","16","532",1,Digital Wallet,2025-01-23
"10006785","92747","1344","5","342",8,Digital Wallet,2025-11-11
"10006786","64317","1695","3","536",20,Cash,2025-03-01
"10006787","91145","1048","3","483",11,Cash,2025-07-27
"10006788","66720","1890","14","395",6,Digital Wallet,2025-04-18
"10006789","116278","1129","1","460",11,Cash,2025-12-21
"10006790","111616","1101","14","363",10,Credit Card,2025-12-16
"10006791","82397","2844","19","301",17,Credit Card,2025-06-19
"10006792","144748","1424","7","323",11,Digital Wallet,2025-06-19
"10006793","141400","2150","5","677",13,Credit Card,2025-11-28
"10006794","104506","2538","14","552",2,Cash,2025-12-22
"10006795","110631","1280","10","214",12,Credit Card,2025-07-18
"10006796","98104","1538","7","661",12,Credit Card,2025-09-05
"10006797","81404","2156","18","307",12,Points,2025-03-12
"10006798","125432","2063","16","603",19,Points,2025-06-29
"10006799","91367","1912","2","598",11,Points,2025-02-15
"10006800","75561","2101","20","694",14,Points,2025-08-06
"10006801","135100","2485","17","497",16,Credit Card,2025-08-24
"10006802","52305","1936","9","363",5,Cash,2025-06-27
"10006803","69138","2732","5","270",18,Points,2025-08-28
"10006804","105946","1721","11","684",15,Digital Wallet,2025-11-22
"10006805","123279","1596","6","356",16,Points,2025-04-02
"10006806","125827","1341","13","228",5,Credit Card,2025-08-26
"10006807","146929","2182","2","447",18,Digital Wallet,2025-05-14
"10006808","101386","1957","7","445",6,Credit Card,2025-03-23
"10006809","128053","1259","10","392",7,Points,2025-03-24
"10006810","133236","1398","16","653",6,Points,2025-02-22
"10006811","83212","1159","7","500",16,Credit Card,2025-05-15
"10006812","135620","2348","6","489",7,Credit Card,2025-07-11
"10006813","83423","1016","16","630",17,Digital Wallet,2025-02-13
"10006814","56808","2898","8","574",18,Points,2025-02-03
"10006815","101338","2843","6","479",4,Points,2025-03-06
"10006816","102392","1480","16","584",19,Cash,2025-06-15
"10006817","137968","2387","19","481",2,Cash,2025-01-13
"10006818","86639","2949","3","290",12,Digital Wallet,2025-07-02
"10006819","143664","1631","11","295",7,Digital Wallet,2025-01-08
"10006820","119612","2103","13","492",6,Credit Card,2025-01-07
"10006821","107846","2720","11","290",1,Credit Card,2025-09-15
"10006822","90601","1122","14","386",19,Credit Card,2025-04-17
"10006823","60619","2073","17","495",20,Credit Card,2025-09-18
"10006824","58896","1254","17","421",11,Digital Wallet,2025-01-30
"10006825","56279","1054","16","458",11,Cash,2025-04-14
"10006826","52703","1242","16","616",9,Cash,2025-05-18
"10006827","118900","2286","2","619",20,Credit Card,2025-02-08
"10006828","122012","1126","6","676",17,Digital Wallet,2025-12-27
"10006829","67342","1205","14","532",18,Cash,2025-04-05
"10006830","68057","1053","3","641",19,Credit Card,2025-12-18
"10006831","56572","1503","11","622",12,Points,2025-02-15
"10006832","125100","1728","19","604",17,Cash,2025-04-29
"10006833","86764","1790","19","335",7,Points,2025-02-07
"10006834","84809","2819","6","549",14,Cash,2025-01-31
"10006835","71283","2001","3","466",14,Points,2025-04-17
"10006836","129340","2437","10","676",20,Digital Wallet,2025-04-16
"10006837","70168","2983","12","537",13,Points,2025-04-18
"10006838","117034","2733","10","332",8,Digital Wallet,2025-08-11
"10006839","133476","2197","18","280",20,Points,2025-10-23
"10006840","73194","1007","13","459",4,Digital Wallet,2025-02-11
"10006841","123301","2346","1","396",9,Digital Wallet,2025-10-19
"10006842","56494","2641","6","481",17,Cash,2025-10-09
"10006843","76427","2808","2","470",7,Digital Wallet,2025-04-24
"10006844","69498","1569","10","394",7,Credit Card,2025-08-13
"10006845","97845","1999","9","506",12,Credit Card,2025-01-14
"10006846","70490","2780","18","269",14,Points,2025-04-29
"10006847","137653","2704","14","339",8,Digital Wallet,2025-12-08
"10006848","71499","2184","17","265",18,Points,2025-06-17
"10006849","147944","1214","12","207",14,Cash,2025-02-18
"10006850","111786","2324","12","334",5,Cash,2025-12-03
"10006851","72740","1191","7","340",13,Credit Card,2025-04-19
"10006852","60893","1498","7","463",1,Cash,2025-06-08
"10006853","127324","1364","20","612",18,Digital Wallet,2025-10-18
"10006854","58991","2964","13","612",1,Credit Card,2025-07-10
"10006855","84359","1304","9","359",9,Cash,2025-09-08
"10006856","52397","1416","8","572",15,Cash,2025-10-30
"10006857","52149","1020","2","425",20,Digital Wallet,2025-05-14
"10006858","125264","1203","13","613",17,Credit Card,2025-04-14
"10006859","139474","1548","16","604",16,Points,2025-01-13
"10006860","119016","2783","3","684",19,Points,2025-06-04
"10006861","82932","2272","3","442",2,Points,2025-07-17
"10006862","93457","1410","8","343",1,Credit Card,2025-01-30
"10006863","143114","1158","2","655",11,Credit Card,2025-03-06
"10006864","120985","1268","15","680",11,Cash,2025-06-13
"10006865","93046","1934","19","331",11,Points,2025-02-10
"10006866","145218","1302","17","326",20,Points,2025-05-23
"10006867","94650","2583","10","313",19,Cash,2025-12-14
"10006868","76557","1274","7","684",7,Points,2025-05-15
"10006869","55557","1889","5","201",3,Cash,2025-05-07
"10006870","125758","1272","6","488",14,Digital Wallet,2025-03-15
"10006871","67075","2557","17","320",19,Digital Wallet,2025-06-17
"10006872","132804","2449","9","633",10,Credit Card,2025-01-25
"10006873","77694","2012","6","475",12,Credit Card,2025-07-08
"10006874","148028","1674","10","696",20,Credit Card,2025-03-18
"10006875","76757","1960","7","376",2,Points,2025-03-18
"10006876","111202","2880","10","440",11,Credit Card,2025-05-04
"10006877","98881","1055","17","317",9,Digital Wallet,2025-08-08
"10006878","82622","2773","18","336",2,Points,2025-02-20
"10006879","136803","2885","6","335",7,Cash,2025-05-09
"10006880","123182","2532","10","285",17,Points,2025-09-12
"10006881","71250","2873","5","370",7,Points,2025-11-27
"10006882","119078","2937","8","465",10,Digital Wallet,2025-03-30
"10006883","141266","2062","12","365",9,Digital Wallet,2025-08-08
"10006884","63937","1255","11","351",12,Credit Card,2025-09-11
"10006885","115606","1744","17","401",3,Digital Wallet,2025-03-08
"10006886","76278","1780","11","690",14,Points,2025-06-07
"10006887","55267","1135","14","226",7,Cash,2025-01-10
"10006888","58835","1950","20","358",12,Digital Wallet,2025-01-26
"10006889","132242","1213","4","557",12,Cash,2025-02-17
"10006890","58112","1262","15","344",4,Digital Wallet,2025-01-27
"10006891","142192","2422","17","373",4,Points,2025-09-25
"10006892","96746","1680","4","675",2,Points,2025-10-27
"10006893","111356","1441","14","626",5,Points,2025-06-23
"10006894","127762","1514","14","546",7,Points,2025-08-02
"10006895","90356","1716","5","537",17,Points,2025-07-09
"10006896","74159","2755","8","573",3,Points,2025-06-19
"10006897","70950","2473","4","592",19,Cash,2025-12-21
"10006898","54473","2427","8","624",15,Cash,2025-06-17
"10006899","139277","1916","12","672",11,Credit Card,2025-10-26
"10006900","133513","1092","16","331",8,Points,2025-12-24
"10006901","107349","2161","10","310",3,Digital Wallet,2025-09-12
"10006902","51074","2046","15","409",14,Credit Card,2025-11-07
"10006903","95899","2361","4","410",11,Digital Wallet,2025-02-02
"10006904","51679","2011","10","401",15,Credit Card,2025-06-07
"10006905","56131","2821","19","664",18,Points,2025-11-03
"10006906","102322","1544","9","474",13,Digital Wallet,2025-07-03
"10006907","67486","1806","7","447",17,Digital Wallet,2025-12-13
"10006908","126914","2745","11","505",11,Credit Card,2025-09-05
"10006909","52169","1398","12","551",8,Credit Card,2025-10-14
"10006910","61885","2109","6","277",17,Credit Card,2025-11-07
"10006911","88540","2732","11","524",16,Cash,2025-04-05
"10006912","119233","2632","19","505",2,Cash,2025-10-22
"10006913","85184","2393","4","234",12,Cash,2025-09-05
"10006914","60242","2998","19","539",16,Digital Wallet,2025-07-10
"10006915","104413","1221","6","530",13,Digital Wallet,2025-05-24
"10006916","130234","1888","1","541",9,Points,2025-11-26
"10006917","130835","1586","4","656",6,Cash,2025-10-17
"10006918","101586","1366","15","417",16,Credit Card,2025-03-27
"10006919","99919","1609","9","506",19,Cash,2025-07-13
"10006920","97326","2807","19","525",17,Cash,2025-03-26
"10006921","78497","2979","10","255",20,Points,2025-12-11
"10006922","94134","2065","10","652",3,Digital Wallet,2025-11-18
"10006923","88090","1630","10","239",11,Points,2025-11-01
"10006924","142644","1258","1","591",16,Points,2025-07-05
"10006925","78329","2148","7","531",1,Points,2025-04-30
"10006926","81253","1666","6","627",14,Cash,2025-01-13
"10006927","73663","1484","20","291",8,Digital Wallet,2025-01-16
"10006928","111668","1310","15","463",17,Credit Card,2025-01-19
"10006929","109581","2535","15","227",13,Credit Card,2025-07-06
"10006930","138749","1855","12","492",4,Cash,2025-01-25
"10006931","71674","2639","6","620",15,Cash,2025-05-20
"10006932","148747","2523","20","550",9,Cash,2025-10-31
"10006933","98020","2870","2","410",20,Digital Wallet,2025-05-29
"10006934","128097","1337","14","231",2,Digital Wallet,2025-08-25
"10006935","103400","2912","1","505",17,Credit Card,2025-07-03
"10006936","110325","1106","20","460",18,Cash,2025-01-15
"10006937","75999","1245","16","452",20,Points,2025-09-12
"10006938","121698","1370","19","543",4,Points,2025-07-01
"10006939","113538","2181","10","508",14,Digital Wallet,2025-04-01
"10006940","87322","1206","16","209",16,Credit Card,2025-02-24
"10006941","65843","2514","13","593",19,Digital Wallet,2025-04-23
"10006942","75682","2899","13","573",5,Points,2025-10-02
"10006943","73736","1164","19","231",13,Points,2025-01-08
"10006944","85097","1811","20","252",11,Cash,2025-06-27
"10006945","139371","2809","8","521",1,Credit Card,2025-04-19
"10006946","53591","1016","5","665",11,Points,2025-04-17
"10006947","132656","1006","1","609",10,Points,2025-01-11
"10006948","147445","1639","3","251",2,Cash,2025-01-02
"10006949","63783","2299","19","445",2,Credit Card,2025-05-07
"10006950","117920","1880","11","363",10,Cash,2025-07-10
"10006951","112753","2586","16","513",17,Credit Card,2025-07-26
"10006952","143862","2347","9","319",10,Digital Wallet,2025-10-21
"10006953","71698","1078","9","672",1,Credit Card,2025-12-22
"10006954","122616","1076","20","478",19,Cash,2025-07-05
"10006955","61840","1099","10","414",4,Digital Wallet,2025-09-04
"10006956","131143","2115","11","559",1,Credit Card,2025-04-18
"10006957","71081","1309","9","491",4,Digital Wallet,2025-11-08
"10006958","72929","2861","10","477",19,Credit Card,2025-06-23
"10006959","139283","2243","4","510",13,Digital Wallet,2025-08-14
"10006960","132779","2195","11","436",8,Cash,2025-05-29
"10006961","103875","2651","10","222",15,Cash,2025-11-26
"10006962","134529","2752","7","370",16,Credit Card,2025-04-05
"10006963","106181","1297","6","594",15,Points,2025-11-15
"10006964","61102","1416","5","259",14,Digital Wallet,2025-05-11
"10006965","78114","1402","3","497",7,Cash,2025-10-06
"10006966","128237","2786","6","318",12,Digital Wallet,2025-12-11
"10006967","135574","1859","9","548",11,Credit Card,2025-07-31
"10006968","139609","1404","19","361",9,Digital Wallet,2025-07-04
"10006969","148997","2826","12","359",1,Cash,2025-03-18
"10006970","136247","2583","11","317",6,Points,2025-09-30
"10006971","140864","1579","4","378",10,Points,2025-06-12
"10006972","122337","1361","2","421",8,Digital Wallet,2025-12-30
"10006973","67995","1921","6","303",3,Digital Wallet,2025-10-29
"10006974","61518","1829","12","697",3,Points,2025-11-08
"10006975","135609","2009","4","294",17,Cash,2025-03-02
"10006976","108525","2560","1","371",19,Cash,2025-04-02
"10006977","90691","2264","20","474",1,Points,2025-12-27
"10006978","81289","1578","10","227",10,Cash,2025-12-12
"10006979","96826","1090","9","242",15,Digital Wallet,2025-05-13
"10006980","136868","1569","14","390",5,Cash,2025-02-26
"10006981","96136","2544","10","230",4,Points,2025-05-07
"10006982","122422","1952","6","370",17,Cash,2025-06-01
"10006983","125913","2343","3","350",20,Credit Card,2025-06-13
"10006984","80564","2562","16","574",9,Digital Wallet,2025-02-16
"10006985","111090","2311","11","650",20,Credit Card,2025-10-08
"10006986","133312","2936","11","420",12,Credit Card,2025-05-16
"10006987","80307","2140","3","651",2,Credit Card,2025-11-08
"10006988","81466","2697","12","525",2,Points,2025-04-21
"10006989","100410","1636","14","206",10,Points,2025-10-05
"10006990","85947","2931","4","656",15,Points,2025-04-17
"10006991","141849","2022","14","495",10,Cash,2025-02-05
"10006992","88508","1923","18","473",14,Cash,2025-11-17
"10006993","100245","1047","13","333",17,Digital Wallet,2025-02-09
"10006994","72571","2507","11","431",5,Digital Wallet,2025-02-02
"10006995","139596","1201","17","224",18,Credit Card,2025-01-12
"10006996","105043","2895","5","326",15,Cash,2025-08-08
"10006997","135015","2291","16","616",14,Credit Card,2025-12-06
"10006998","87193","1990","11","288",2,Digital Wallet,2025-11-03
"10006999","107810","2489","16","310",18,Cash,2025-06-08
"10007000","77795","2903","12","499",15,Digital Wallet,2025-02-26
"10007001","146347","2733","3","205",19,Cash,2025-08-14
"10007002","139550","2323","17","319",13,Digital Wallet,2025-03-04
"10007003","87389","1307","16","500",7,Cash,2025-09-24
"10007004","89963","2221","11","229",17,Digital Wallet,2025-10-07
"10007005","83663","2403","1","644",15,Credit Card,2025-08-30
"10007006","80096","1219","1","524",8,Credit Card,2025-08-22
"10007007","109809","1066","15","671",10,Cash,2025-03-16
"10007008","148472","1885","1","292",20,Credit Card,2025-04-08
"10007009","104604","1291","5","403",9,Credit Card,2025-03-24
"10007010","113326","1245","14","548",6,Cash,2025-06-07
"10007011","129787","2628","7","236",16,Cash,2025-10-13
"10007012","136392","1144","5","251",13,Cash,2025-06-09
"10007013","73832","1102","13","309",19,Cash,2025-08-31
"10007014","63651","1193","8","671",3,Credit Card,2025-08-14
"10007015","110467","2560","9","434",3,Credit Card,2025-10-18
"10007016","110900","2855","5","356",17,Cash,2025-11-29
"10007017","97094","2802","3","429",9,Points,2025-10-30
"10007018","67889","2719","6","608",19,Credit Card,2025-07-25
"10007019","144030","1520","16","241",18,Credit Card,2025-02-13
"10007020","93167","1067","14","227",4,Credit Card,2025-03-25
"10007021","127900","2055","3","373",8,Points,2025-05-13
"10007022","133677","1739","13","410",8,Cash,2025-08-29
"10007023","50597","1591","12","681",2,Points,2025-01-15
"10007024","90184","2502","16","384",7,Digital Wallet,2025-11-30
"10007025","72631","1779","7","305",4,Points,2025-08-03
"10007026","149456","2413","20","350",14,Digital Wallet,2025-05-16
"10007027","131318","1975","8","206",8,Points,2025-04-30
"10007028","118395","1939","9","447",8,Credit Card,2025-08-10
"10007029","88445","1462","13","700",12,Credit Card,2025-09-17
"10007030","95875","2823","15","573",11,Points,2025-06-17
"10007031","129556","2147","2","508",16,Digital Wallet,2025-11-07
"10007032","109611","1626","6","518",17,Points,2025-05-25
"10007033","80040","2748","11","324",19,Cash,2025-12-07
"10007034","121979","2422","14","627",14,Digital Wallet,2025-09-19
"10007035","98829","2264","12","568",11,Cash,2025-08-23
"10007036","143856","1319","12","405",17,Cash,2025-05-09
"10007037","137893","2987","11","618",3,Cash,2025-11-23
"10007038","130798","2670","18","288",10,Cash,2025-04-04
"10007039","58315","1639","10","694",5,Digital Wallet,2025-10-18
"10007040","73580","2556","7","548",6,Digital Wallet,2025-11-27
"10007041","134263","1931","18","624",4,Digital Wallet,2025-08-14
"10007042","65671","2114","19","665",5,Cash,2025-12-29
"10007043","111482","2204","15","437",16,Cash,2025-05-06
"10007044","88786","1494","7","428",17,Points,2025-06-01
"10007045","69343","2564","3","637",17,Points,2025-04-14
"10007046","78981","1872","2","594",14,Points,2025-08-23
"10007047","137276","2309","20","263",1,Credit Card,2025-11-02
"10007048","82011","1241","18","591",11,Cash,2025-07-29
"10007049","119067","1748","6","361",16,Points,2025-08-27
"10007050","116281","2452","20","344",14,Points,2025-05-16
"10007051","111566","2831","5","493",10,Points,2025-10-07
"10007052","67180","1027","8","207",13,Credit Card,2025-05-14
"10007053","81178","1214","9","391",1,Digital Wallet,2025-09-23
"10007054","121975","1234","12","381",4,Credit Card,2025-02-03
"10007055","57224","1423","16","630",5,Credit Card,2025-12-04
"10007056","91198","1562","14","366",11,Cash,2025-06-15
"10007057","69510","1608","16","280",7,Credit Card,2025-09-11
"10007058","95783","2303","11","261",11,Digital Wallet,2025-07-28
"10007059","129505","2198","1","530",16,Points,2025-06-26
"10007060","120793","1105","8","388",9,Digital Wallet,2025-12-03
"10007061","105551","1967","15","522",11,Digital Wallet,2025-08-17
"10007062","122247","2975","5","519",8,Points,2025-03-16
"10007063","97361","1347","19","331",15,Cash,2025-07-09
"10007064","77431","1496","11","693",20,Cash,2025-07-04
"10007065","136939","2199","13","304",7,Cash,2025-04-15
"10007066","56645","1638","4","390",20,Digital Wallet,2025-04-30
"10007067","51934","2626","15","584",17,Credit Card,2025-10-16
"10007068","133172","1809","6","406",8,Cash,2025-03-13
"10007069","68771","1335","16","261",8,Digital Wallet,2025-12-04
"10007070","67825","1159","19","465",17,Digital Wallet,2025-12-27
"10007071","117780","1074","2","497",1,Digital Wallet,2025-09-17
"10007072","114258","2078","5","667",19,Points,2025-03-24
"10007073","130087","1738","20","390",9,Digital Wallet,2025-09-03
"10007074","106141","2025","5","593",2,Credit Card,2025-09-29
"10007075","107010","2177","13","476",2,Points,2025-03-29
"10007076","54412","1256","15","297",14,Digital Wallet,2025-03-24
"10007077","123799","1681","11","252",15,Points,2025-01-07
"10007078","149520","1657","20","430",5,Points,2025-06-23
"10007079","127582","1231","1","413",19,Points,2025-02-21
"10007080","145526","1022","19","662",4,Digital Wallet,2025-06-15
"10007081","85027","2998","16","356",18,Cash,2025-10-23
"10007082","125312","1594","13","274",19,Points,2025-12-04
"10007083","52179","1821","10","459",20,Cash,2025-01-23
"10007084","71919","2591","19","633",16,Credit Card,2025-12-01
"10007085","112719","2929","12","297",5,Cash,2025-07-01
"10007086","121166","1126","11","305",1,Credit Card,2025-09-16
"10007087","148922","1996","11","444",3,Points,2025-11-17
"10007088","92726","1085","8","480",12,Digital Wallet,2025-03-27
"10007089","132416","2682","15","368",20,Points,2025-01-09
"10007090","115731","2694","6","234",9,Cash,2025-02-09
"10007091","91240","1569","4","672",11,Points,2025-05-17
"10007092","106323","2592","20","690",15,Digital Wallet,2025-03-07
"10007093","121656","2458","4","429",5,Cash,2025-11-04
"10007094","84950","2455","15","395",7,Points,2025-10-04
"10007095","125622","1484","8","532",9,Points,2025-01-16
"10007096","77419","2796","15","600",2,Digital Wallet,2025-05-05
"10007097","68261","2040","15","354",7,Cash,2025-09-12
"10007098","141396","1345","17","512",17,Credit Card,2025-12-01
"10007099","149603","1168","15","425",16,Credit Card,2025-03-05
"10007100","137513","2753","5","204",20,Credit Card,2025-02-14
"10007101","60467","2662","2","416",3,Digital Wallet,2025-09-22
"10007102","134399","1678","13","570",9,Points,2025-02-26
"10007103","88506","1278","7","307",18,Points,2025-04-03
"10007104","106373","2405","17","429",11,Digital Wallet,2025-02-15
"10007105","78708","2656","11","562",19,Cash,2025-01-25
"10007106","53994","1453","10","567",7,Credit Card,2025-09-14
"10007107","144648","1223","8","227",20,Points,2025-05-15
"10007108","85271","2771","20","550",7,Credit Card,2025-03-21
"10007109","125984","2623","5","324",15,Points,2025-11-28
"10007110","88601","1650","8","322",14,Points,2025-01-04
"10007111","123300","1300","18","385",4,Cash,2025-01-28
"10007112","102988","2653","14","279",1,Points,2025-03-06
"10007113","69330","1137","8","257",7,Digital Wallet,2025-06-16
"10007114","99002","1096","20","367",12,Digital Wallet,2025-04-01
"10007115","127431","2626","9","454",4,Cash,2025-10-12
"10007116","140534","1893","18","326",16,Credit Card,2025-05-27
"10007117","54231","1995","18","283",15,Digital Wallet,2025-04-24
"10007118","100427","1997","11","364",14,Credit Card,2025-02-15
"10007119","67657","1377","6","270",19,Credit Card,2025-08-07
"10007120","53847","1292","7","561",12,Cash,2025-08-26
"10007121","72527","2886","7","684",3,Digital Wallet,2025-06-23
"10007122","93780","2652","17","205",5,Digital Wallet,2025-08-19
"10007123","120108","1725","17","340",9,Digital Wallet,2025-10-04
"10007124","141111","1344","19","426",4,Credit Card,2025-08-18
"10007125","142361","1863","2","488",7,Credit Card,2025-12-03
"10007126","52326","2560","14","374",13,Cash,2025-09-22
"10007127","110302","1643","7","605",18,Digital Wallet,2025-01-08
"10007128","91069","1844","13","378",6,Points,2025-01-05
"10007129","137085","1741","10","299",4,Cash,2025-06-30
"10007130","79791","1233","1","375",12,Digital Wallet,2025-06-03
"10007131","103979","2806","2","679",13,Cash,2025-07-22
"10007132","59952","2194","15","399",3,Cash,2025-04-11
"10007133","81253","1915","9","212",9,Points,2025-11-22
"10007134","59565","2968","19","343",3,Points,2025-12-14
"10007135","126266","2351","4","501",11,Cash,2025-04-21
"10007136","72809","1386","14","345",2,Credit Card,2025-02-15
"10007137","121569","1852","10","659",5,Digital Wallet,2025-06-15
"10007138","73089","1405","4","643",10,Credit Card,2025-03-12
"10007139","88585","1440","14","300",2,Credit Card,2025-03-16
"10007140","117400","2304","15","495",12,Credit Card,2025-05-22
"10007141","95872","2371","10","629",18,Points,2025-08-11
"10007142","105405","1960","13","281",7,Cash,2025-02-28
"10007143","81713","2200","10","382",8,Cash,2025-05-29
"10007144","76893","1411","5","596",17,Credit Card,2025-08-24
"10007145","98206","2144","1","336",12,Cash,2025-07-18
"10007146","72396","1261","3","533",13,Credit Card,2025-11-14
"10007147","66646","1304","11","207",1,Cash,2025-09-18
"10007148","53282","2784","4","623",9,Points,2025-01-24
"10007149","77578","1377","18","564",3,Digital Wallet,2025-08-08
"10007150","118516","2018","10","252",14,Cash,2025-02-21
"10007151","72625","1786","3","544",14,Credit Card,2025-09-26
"10007152","142079","2443","13","388",18,Digital Wallet,2025-10-14
"10007153","87442","2546","20","273",16,Digital Wallet,2025-09-11
"10007154","70169","1174","7","263",6,Digital Wallet,2025-02-06
"10007155","122210","1954","19","636",11,Credit Card,2025-10-25
"10007156","132667","2937","1","445",6,Points,2025-09-02
"10007157","59869","2548","17","528",9,Digital Wallet,2025-03-05
"10007158","76754","1279","4","561",2,Points,2025-11-28
"10007159","65117","2034","7","238",4,Points,2025-04-18
"10007160","70341","1213","8","260",6,Points,2025-08-19
"10007161","119838","1005","6","584",17,Points,2025-08-22
"10007162","64165","2790","1","376",12,Cash,2025-03-10
"10007163","70942","1558","3","298",6,Credit Card,2025-08-04
"10007164","66606","2304","11","454",5,Cash,2025-12-12
"10007165","80681","2778","14","454",15,Credit Card,2025-01-09
"10007166","98292","1354","14","334",6,Cash,2025-04-01
"10007167","109830","1744","2","387",7,Digital Wallet,2025-10-28
"10007168","115854","2307","1","531",5,Cash,2025-01-22
"10007169","66320","1614","17","610",16,Digital Wallet,2025-04-10
"10007170","98338","2734","3","422",14,Points,2025-07-30
"10007171","87895","2051","16","265",18,Digital Wallet,2025-04-07
"10007172","76438","2553","8","435",11,Cash,2025-07-07
"10007173","142702","1347","17","302",11,Points,2025-04-13
"10007174","126584","2071","10","421",9,Credit Card,2025-08-30
"10007175","135758","2255","8","572",16,Digital Wallet,2025-05-15
"10007176","140008","1526","4","320",11,Points,2025-07-25
"10007177","104112","1305","15","469",14,Digital Wallet,2025-01-14
"10007178","72687","1030","9","239",9,Cash,2025-09-23
"10007179","113095","1201","4","317",7,Points,2025-08-29
"10007180","136019","1363","9","459",15,Points,2025-08-07
"10007181","70237","2164","1","559",20,Points,2025-01-20
"10007182","59697","2774","5","311",11,Digital Wallet,2025-07-09
"10007183","80662","2094","2","530",8,Credit Card,2025-12-25
"10007184","109974","1786","5","267",12,Credit Card,2025-10-16
"10007185","54727","2470","11","452",14,Digital Wallet,2025-07-19
"10007186","77826","1733","6","361",15,Cash,2025-07-31
"10007187","96313","2805","12","211",5,Cash,2025-12-05
"10007188","93697","2909","16","662",7,Points,2025-09-22
"10007189","57456","2555","13","286",14,Digital Wallet,2025-05-04
"10007190","60770","1146","13","339",7,Credit Card,2025-02-23
"10007191","110113","2201","3","416",13,Digital Wallet,2025-06-29
"10007192","68174","1770","9","564",11,Credit Card,2025-12-20
"10007193","131360","2440","1","479",1,Digital Wallet,2025-07-24
"10007194","71055","1111","6","630",10,Credit Card,2025-10-04
"10007195","146401","2557","4","578",20,Credit Card,2025-10-29
"10007196","116187","2502","16","571",11,Points,2025-09-17
"10007197","148133","1896","7","273",10,Cash,2025-02-27
"10007198","127944","2958","7","392",20,Credit Card,2025-02-07
"10007199","52020","1773","9","568",5,Digital Wallet,2025-02-12
"10007200","96093","1572","6","686",13,Digital Wallet,2025-04-09
"10007201","80633","1862","15","442",13,Points,2025-09-13
"10007202","140239","1021","6","248",5,Digital Wallet,2025-05-21
"10007203","123006","2737","8","358",10,Digital Wallet,2025-07-27
"10007204","69312","2414","13","274",16,Points,2025-06-07
"10007205","57954","1178","11","531",10,Points,2025-06-16
"10007206","109011","2229","1","464",2,Credit Card,2025-07-26
"10007207","144706","1089","15","534",3,Points,2025-07-19
"10007208","79012","2528","8","659",2,Credit Card,2025-11-11
"10007209","68575","2074","18","394",19,Cash,2025-01-26
"10007210","115202","1048","4","507",7,Credit Card,2025-08-23
"10007211","92806","2406","10","689",13,Credit Card,2025-03-08
"10007212","70100","1594","17","662",10,Points,2025-08-24
"10007213","141205","1442","3","398",5,Digital Wallet,2025-06-12
"10007214","68124","1572","12","266",15,Digital Wallet,2025-07-30
"10007215","108255","2011","1","574",15,Credit Card,2025-01-23
"10007216","100520","1196","4","366",9,Cash,2025-04-03
"10007217","101250","2608","2","523",9,Digital Wallet,2025-04-16
"10007218","64530","2668","10","392",15,Digital Wallet,2025-03-09
"10007219","84858","2847","2","691",4,Digital Wallet,2025-03-17
"10007220","100172","1762","1","385",19,Cash,2025-03-10
"10007221","109933","2749","3","422",7,Cash,2025-01-03
"10007222","77421","2878","19","204",15,Digital Wallet,2025-12-14
"10007223","126196","2556","20","624",7,Cash,2025-01-02
"10007224","93363","1349","16","616",4,Digital Wallet,2025-04-27
"10007225","103500","2978","4","357",19,Points,2025-02-20
"10007226","121549","1973","19","674",19,Cash,2025-11-21
"10007227","120146","2996","2","323",14,Points,2025-06-01
"10007228","95838","1802","4","376",2,Digital Wallet,2025-10-21
"10007229","74871","2930","14","599",3,Digital Wallet,2025-06-12
"10007230","92245","2799","12","399",4,Credit Card,2025-10-12
"10007231","90698","1830","5","604",18,Digital Wallet,2025-05-08
"10007232","132020","1325","18","337",16,Points,2025-12-02
"10007233","71733","1814","20","577",11,Cash,2025-05-19
"10007234","86304","2545","7","492",9,Points,2025-12-15
"10007235","64973","1971","7","347",14,Credit Card,2025-05-22
"10007236","103593","2076","10","458",16,Cash,2025-01-04
"10007237","108163","2008","11","617",8,Digital Wallet,2025-03-19
"10007238","132390","1386","8","358",12,Credit Card,2025-12-01
"10007239","78001","2899","8","579",9,Credit Card,2025-02-02
"10007240","148140","2799","19","663",3,Digital Wallet,2025-04-13
"10007241","107694","1251","9","309",18,Points,2025-01-28
"10007242","109860","1548","3","655",2,Credit Card,2025-05-13
"10007243","61236","1967","8","283",20,Digital Wallet,2025-10-31
"10007244","149728","1406","10","577",6,Points,2025-11-24
"10007245","68860","2801","14","460",7,Points,2025-02-13
"10007246","99367","1826","20","531",15,Credit Card,2025-09-06
"10007247","90833","2003","9","559",15,Digital Wallet,2025-08-04
"10007248","94716","2089","10","397",6,Credit Card,2025-04-16
"10007249","92974","1630","2","696",2,Credit Card,2025-07-07
"10007250","133616","2182","15","681",13,Credit Card,2025-09-04
"10007251","70858","1397","15","476",11,Digital Wallet,2025-08-24
"10007252","56506","2697","9","201",4,Cash,2025-04-27
"10007253","77421","1820","10","447",3,Credit Card,2025-07-16
"10007254","85238","2765","4","384",2,Points,2025-12-02
"10007255","122592","1358","4","579",7,Cash,2025-01-18
"10007256","117334","1341","7","289",9,Cash,2025-05-11
"10007257","129183","1725","3","448",12,Credit Card,2025-02-11
"10007258","128515","2525","1","509",15,Credit Card,2025-03-17
"10007259","99792","1562","17","505",1,Cash,2025-03-02
"10007260","145936","2100","18","413",20,Points,2025-03-01
"10007261","122892","1320","15","486",5,Cash,2025-04-29
"10007262","84902","2495","7","289",10,Digital Wallet,2025-12-09
"10007263","86972","1896","12","665",1,Credit Card,2025-05-07
"10007264","91762","2821","12","443",3,Points,2025-03-14
"10007265","98468","2245","10","571",4,Credit Card,2025-04-07
"10007266","53827","1333","18","375",14,Credit Card,2025-03-02
"10007267","91961","2832","10","201",14,Credit Card,2025-11-22
"10007268","143075","2302","17","499",20,Cash,2025-09-05
"10007269","103705","2306","15","491",4,Digital Wallet,2025-08-26
"10007270","57719","2739","8","649",6,Digital Wallet,2025-11-30
"10007271","129934","2674","14","666",8,Cash,2025-01-31
"10007272","130619","1693","11","207",1,Cash,2025-09-04
"10007273","133880","2983","13","569",8,Digital Wallet,2025-06-08
"10007274","139641","2793","7","472",8,Points,2025-04-30
"10007275","115496","2387","7","578",8,Points,2025-08-25
"10007276","100388","1712","15","399",14,Credit Card,2025-08-07
"10007277","60312","1562","16","678",14,Digital Wallet,2025-01-07
"10007278","107438","1554","8","282",16,Cash,2025-06-24
"10007279","106967","2279","3","322",6,Credit Card,2025-07-10
"10007280","135725","1483","12","601",4,Points,2025-06-11
"10007281","137908","1029","20","393",8,Digital Wallet,2025-03-04
"10007282","113152","2389","15","589",10,Credit Card,2025-07-06
"10007283","66788","1940","8","695",17,Credit Card,2025-04-28
"10007284","119525","1345","13","350",5,Credit Card,2025-09-17
"10007285","61142","2906","8","333",14,Digital Wallet,2025-09-04
"10007286","97135","2964","3","257",16,Cash,2025-05-10
"10007287","145224","1120","5","595",11,Points,2025-09-27
"10007288","110842","2323","13","527",14,Points,2025-12-02
"10007289","58982","1327","17","229",13,Points,2025-08-13
"10007290","80989","2656","5","264",1,Points,2025-07-03
"10007291","91774","2725","11","298",9,Cash,2025-08-05
"10007292","80712","1518","18","257",20,Digital Wallet,2025-11-08
"10007293","79750","2447","2","468",19,Points,2025-12-03
"10007294","97740","2745","9","648",20,Cash,2025-11-03
"10007295","98104","1349","19","370",17,Cash,2025-09-14
"10007296","81714","1086","16","513",3,Credit Card,2025-11-25
"10007297","95042","2494","10","272",19,Digital Wallet,2025-02-25
"10007298","66478","1478","8","677",13,Credit Card,2025-12-17
"10007299","90036","2739","5","232",19,Credit Card,2025-01-06
"10007300","65838","2674","20","683",5,Digital Wallet,2025-05-03
"10007301","68503","1490","13","388",13,Points,2025-09-20
"10007302","122535","1899","11","700",18,Digital Wallet,2025-12-20
"10007303","82229","1122","9","374",7,Digital Wallet,2025-12-16
"10007304","125510","2922","7","385",6,Digital Wallet,2025-05-23
"10007305","57008","1374","9","574",17,Points,2025-08-09
"10007306","85479","2959","9","229",18,Credit Card,2025-11-28
"10007307","63950","2400","16","421",20,Digital Wallet,2025-03-22
"10007308","94063","2911","17","548",16,Points,2025-08-30
"10007309","102170","1028","15","537",18,Credit Card,2025-11-08
"10007310","133273","1322","19","288",3,Cash,2025-11-24
"10007311","102146","2237","7","384",9,Points,2025-12-06
"10007312","133883","1480","2","673",9,Points,2025-04-09
"10007313","68156","2814","16","536",19,Cash,2025-09-09
"10007314","60241","1914","15","536",14,Points,2025-08-10
"10007315","71572","2583","8","320",12,Digital Wallet,2025-10-09
"10007316","86254","1637","3","545",7,Cash,2025-07-28
"10007317","140552","1329","13","274",17,Points,2025-01-25
"10007318","72483","1833","13","394",18,Points,2025-12-08
"10007319","120165","1271","4","321",4,Points,2025-11-09
"10007320","120922","1550","3","383",4,Digital Wallet,2025-02-27
"10007321","77646","2949","12","541",1,Points,2025-05-19
"10007322","54170","1861","7","305",8,Cash,2025-04-20
"10007323","106570","2347","3","325",15,Cash,2025-12-15
"10007324","108408","1185","7","372",8,Credit Card,2025-06-12
"10007325","66505","1825","7","662",19,Points,2025-05-05
"10007326","83205","2670","9","304",7,Credit Card,2025-09-08
"10007327","69307","2573","8","589",9,Points,2025-07-14
"10007328","67371","1121","14","494",11,Digital Wallet,2025-07-25
"10007329","141413","1430","13","278",11,Digital Wallet,2025-12-18
"10007330","73680","1046","6","461",8,Credit Card,2025-02-11
"10007331","62562","2544","3","207",11,Credit Card,2025-02-17
"10007332","67009","2743","5","457",13,Points,2025-05-17
"10007333","90644","1287","17","366",5,Digital Wallet,2025-08-02
"10007334","69376","1978","1","416",1,Digital Wallet,2025-02-03
"10007335","61101","1072","13","532",6,Points,2025-12-30
"10007336","103836","2253","3","468",3,Cash,2025-11-12
"10007337","61073","1326","18","561",4,Cash,2025-02-26
"10007338","57171","1812","11","527",19,Cash,2025-11-25
"10007339","115722","1939","5","608",17,Cash,2025-09-20
"10007340","63371","2292","20","576",10,Credit Card,2025-10-16
"10007341","62683","1586","9","236",9,Cash,2025-08-22
"10007342","64997","2967","11","465",18,Digital Wallet,2025-01-23
"10007343","111461","2854","5","535",6,Cash,2025-10-29
"10007344","148984","2216","4","223",1,Points,2025-01-03
"10007345","71160","1421","20","603",16,Digital Wallet,2025-03-22
"10007346","75143","1683","9","700",16,Digital Wallet,2025-01-23
"10007347","89437","2514","8","633",1,Credit Card,2025-05-21
"10007348","95529","2895","18","373",11,Digital Wallet,2025-11-27
"10007349","122669","1882","8","514",18,Cash,2025-02-23
"10007350","99065","1780","7","340",2,Cash,2025-06-15
"10007351","54552","2376","13","642",5,Credit Card,2025-09-11
"10007352","75515","1904","1","612",5,Digital Wallet,2025-06-05
"10007353","121200","2179","5","584",7,Cash,2025-10-21
"10007354","133565","2441","9","454",6,Cash,2025-01-10
"10007355","108869","1745","1","213",20,Digital Wallet,2025-04-27
"10007356","129094","1809","11","284",4,Cash,2025-10-14
"10007357","118171","2371","1","556",19,Digital Wallet,2025-09-30
"10007358","75120","2962","1","332",3,Cash,2025-06-12
"10007359","53150","1456","10","639",2,Credit Card,2025-03-26
"10007360","78267","1005","11","249",2,Credit Card,2025-08-05
"10007361","142368","2529","11","380",11,Cash,2025-01-23
"10007362","125229","2313","4","381",9,Digital Wallet,2025-08-05
"10007363","97611","1581","14","316",7,Points,2025-07-11
"10007364","106744","2332","5","348",13,Digital Wallet,2025-11-04
"10007365","82118","2759","12","217",4,Cash,2025-10-04
"10007366","83524","2540","3","561",3,Points,2025-02-24
"10007367","136969","2296","8","611",12,Points,2025-12-19
"10007368","67846","1459","6","667",12,Points,2025-06-20
"10007369","69920","1558","6","463",17,Cash,2025-03-29
"10007370","65732","1286","17","254",9,Digital Wallet,2025-07-10
"10007371","57604","1724","7","573",9,Credit Card,2025-11-30
"10007372","57847","2003","20","378",1,Points,2025-11-26
"10007373","69929","1398","8","230",5,Credit Card,2025-12-18
"10007374","81431","1382","20","262",20,Credit Card,2025-10-21
"10007375","107870","1420","6","553",14,Points,2025-03-06
"10007376","53167","2769","8","482",13,Points,2025-07-20
"10007377","120758","1550","14","548",10,Credit Card,2025-05-31
"10007378","130881","1864","3","682",2,Digital Wallet,2025-02-14
"10007379","135192","2187","5","242",14,Credit Card,2025-09-24
"10007380","140336","2472","19","239",13,Credit Card,2025-02-06
"10007381","92763","1358","19","341",15,Digital Wallet,2025-05-25
"10007382","114681","2874","12","570",5,Credit Card,2025-06-08
"10007383","115746","2332","3","674",1,Credit Card,2025-06-04
"10007384","136451","1019","10","666",4,Cash,2025-09-15
"10007385","62228","1367","16","349",8,Cash,2025-04-06
"10007386","106097","2853","10","505",14,Credit Card,2025-06-28
"10007387","94594","1446","16","238",1,Points,2025-01-28
"10007388","67074","2069","2","429",10,Credit Card,2025-02-25
"10007389","79993","2044","4","532",7,Points,2025-02-01
"10007390","132398","1868","13","550",15,Credit Card,2025-01-21
"10007391","115728","2166","16","451",14,Digital Wallet,2025-04-13
"10007392","83344","2584","15","253",7,Digital Wallet,2025-12-08
"10007393","67907","1139","15","520",1,Points,2025-11-13
"10007394","84997","2142","14","408",14,Digital Wallet,2025-01-14
"10007395","94009","1744","12","408",16,Credit Card,2025-08-17
"10007396","82097","1737","17","464",1,Credit Card,2025-02-01
"10007397","83900","2560","10","385",8,Points,2025-10-13
"10007398","96335","2763","12","569",4,Cash,2025-03-29
"10007399","135143","2543","2","585",13,Digital Wallet,2025-01-20
"10007400","127492","1170","18","260",8,Cash,2025-11-29
"10007401","147280","2081","19","518",4,Cash,2025-10-17
"10007402","96602","2012","1","610",14,Points,2025-10-28
"10007403","144887","1837","20","483",17,Points,2025-07-22
"10007404","146049","2906","2","469",13,Credit Card,2025-02-07
"10007405","54560","2341","13","312",5,Points,2025-12-24
"10007406","67921","2183","15","681",11,Points,2025-01-27
"10007407","85806","2486","9","273",17,Cash,2025-10-12
"10007408","71464","1241","7","551",9,Cash,2025-06-29
"10007409","50492","2786","17","242",4,Cash,2025-04-24
"10007410","50886","2098","11","515",12,Cash,2025-01-30
"10007411","70575","1724","3","566",5,Credit Card,2025-08-29
"10007412","130800","1796","16","667",8,Cash,2025-09-25
"10007413","54753","2273","9","492",1,Digital Wallet,2025-12-08
"10007414","62715","2990","18","461",1,Points,2025-02-11
"10007415","77922","2000","15","418",12,Digital Wallet,2025-05-04
"10007416","50776","2800","11","666",18,Credit Card,2025-05-30
"10007417","102326","2794","16","649",13,Cash,2025-09-01
"10007418","59843","1125","15","234",14,Credit Card,2025-12-29
"10007419","97737","2191","1","372",7,Digital Wallet,2025-02-20
"10007420","148963","1081","4","292",7,Digital Wallet,2025-03-03
"10007421","108476","1563","12","253",1,Cash,2025-12-10
"10007422","98636","2606","9","205",6,Digital Wallet,2025-04-14
"10007423","66562","2891","9","482",3,Points,2025-09-03
"10007424","61441","2784","13","298",2,Credit Card,2025-06-19
"10007425","132953","1132","15","366",7,Digital Wallet,2025-06-09
"10007426","87370","1459","20","350",8,Points,2025-06-24
"10007427","141484","1445","18","553",9,Cash,2025-06-26
"10007428","107159","2022","17","672",20,Cash,2025-12-13
"10007429","117368","2280","8","456",4,Cash,2025-01-08
"10007430","145205","2625","18","228",17,Points,2025-12-14
"10007431","93198","1033","20","694",12,Points,2025-09-23
"10007432","144054","2725","15","535",20,Digital Wallet,2025-10-10
"10007433","52145","2410","13","391",5,Digital Wallet,2025-11-10
"10007434","99355","1200","11","446",13,Cash,2025-05-17
"10007435","62622","2773","16","454",10,Points,2025-05-22
"10007436","64993","2604","3","698",7,Digital Wallet,2025-06-23
"10007437","77702","2809","3","269",3,Cash,2025-08-16
"10007438","143456","2711","4","384",3,Credit Card,2025-01-27
"10007439","54265","1030","15","308",1,Cash,2025-07-18
"10007440","138265","2891","18","591",7,Digital Wallet,2025-08-18
"10007441","101919","2484","10","626",3,Digital Wallet,2025-10-15
"10007442","137781","2733","5","639",6,Cash,2025-10-23
"10007443","128979","2443","4","207",8,Digital Wallet,2025-03-17
"10007444","116163","1731","2","461",9,Cash,2025-01-08
"10007445","129463","1223","3","348",17,Digital Wallet,2025-06-28
"10007446","81442","2034","16","401",5,Digital Wallet,2025-09-30
"10007447","122714","1835","8","347",3,Credit Card,2025-07-23
"10007448","124851","2746","17","313",14,Points,2025-07-18
"10007449","107919","1468","20","252",5,Points,2025-12-27
"10007450","68237","1758","2","469",20,Digital Wallet,2025-02-27
"10007451","81021","2428","13","468",5,Points,2025-08-23
"10007452","97661","2177","10","268",1,Credit Card,2025-11-04
"10007453","83411","2376","15","687",7,Digital Wallet,2025-09-11
"10007454","93355","1449","15","355",15,Points,2025-11-28
"10007455","87567","2076","12","535",19,Points,2025-05-07
"10007456","81796","1505","3","551",7,Points,2025-07-18
"10007457","105020","1067","4","659",14,Credit Card,2025-08-17
"10007458","118558","1429","11","233",13,Credit Card,2025-04-07
"10007459","145253","1015","11","509",18,Digital Wallet,2025-04-10
"10007460","88089","1223","1","508",8,Credit Card,2025-11-23
"10007461","51541","2117","3","650",10,Cash,2025-04-21
"10007462","54667","1956","16","676",4,Digital Wallet,2025-11-29
"10007463","51645","2470","5","686",9,Credit Card,2025-03-05
"10007464","89715","2430","3","245",11,Points,2025-03-30
"10007465","121616","2314","7","419",20,Cash,2025-03-18
"10007466","137224","2589","15","648",11,Points,2025-07-10
"10007467","81019","2975","2","352",6,Digital Wallet,2025-10-13
"10007468","115795","1799","5","394",19,Credit Card,2025-01-09
"10007469","88089","2833","3","605",17,Points,2025-09-27
"10007470","118116","1683","17","428",2,Cash,2025-06-11
"10007471","128931","1062","20","585",17,Points,2025-08-15
"10007472","127314","1861","18","402",4,Digital Wallet,2025-10-26
"10007473","117773","1743","12","512",8,Credit Card,2025-03-24
"10007474","131780","1488","6","342",6,Points,2025-03-15
"10007475","67502","1411","7","203",6,Cash,2025-10-22
"10007476","116964","2252","12","238",5,Digital Wallet,2025-12-07
"10007477","89871","2391","17","605",3,Digital Wallet,2025-04-23
"10007478","123490","1277","17","415",12,Points,2025-01-07
"10007479","100356","1054","6","384",16,Digital Wallet,2025-03-05
"10007480","144752","1233","13","383",1,Credit Card,2025-02-23
"10007481","61609","2258","2","401",15,Cash,2025-08-15
"10007482","92653","1178","18","631",20,Points,2025-05-22
"10007483","120160","2356","11","513",8,Digital Wallet,2025-03-22
"10007484","123853","2080","12","455",13,Cash,2025-04-23
"10007485","86463","2847","1","604",15,Cash,2025-08-11
"10007486","96584","1058","5","672",10,Points,2025-02-17
"10007487","143728","1620","3","565",12,Cash,2025-08-30
"10007488","131707","2470","10","507",9,Digital Wallet,2025-06-07
"10007489","106325","1427","13","630",2,Cash,2025-11-26
"10007490","59282","2485","8","617",3,Cash,2025-01-25
"10007491","141188","2632","19","256",7,Digital Wallet,2025-01-13
"10007492","64827","2592","14","378",12,Points,2025-05-19
"10007493","53124","2648","8","282",18,Points,2025-02-08
"10007494","64460","1469","10","456",5,Cash,2025-11-18
"10007495","109850","2418","2","607",10,Cash,2025-03-01
"10007496","53546","2327","4","401",12,Credit Card,2025-09-19
"10007497","118708","1547","13","347",3,Cash,2025-11-22
"10007498","88313","1293","16","281",16,Digital Wallet,2025-10-18
"10007499","74281","2001","14","421",11,Cash,2025-08-14
"10007500","102789","2569","1","436",4,Cash,2025-03-12
"10007501","72836","2331","6","451",8,Digital Wallet,2025-12-13
"10007502","105611","2538","13","296",19,Credit Card,2025-11-08
"10007503","69948","2767","15","607",5,Credit Card,2025-12-12
"10007504","64326","1828","17","258",7,Credit Card,2025-11-21
"10007505","66888","1947","1","549",1,Digital Wallet,2025-02-01
"10007506","66625","2618","2","345",5,Digital Wallet,2025-06-23
"10007507","77765","2460","10","350",12,Digital Wallet,2025-11-29
"10007508","93298","1237","10","642",10,Points,2025-04-07
"10007509","99074","1421","10","362",3,Credit Card,2025-05-03
"10007510","57524","2232","9","279",4,Credit Card,2025-12-17
"10007511","63463","2473","5","282",12,Credit Card,2025-08-30
"10007512","117028","2121","19","238",1,Digital Wallet,2025-06-27
"10007513","144897","2635","16","692",19,Credit Card,2025-03-11
"10007514","66906","1209","14","656",7,Points,2025-11-21
"10007515","92540","2053","17","382",14,Digital Wallet,2025-04-29
"10007516","147670","1449","2","579",3,Digital Wallet,2025-08-26
"10007517","131299","1324","9","506",17,Credit Card,2025-06-15
"10007518","81006","1220","8","216",18,Credit Card,2025-07-30
"10007519","78399","1545","2","325",17,Cash,2025-07-17
"10007520","73816","1168","10","686",3,Cash,2025-01-16
"10007521","97243","2549","1","600",5,Cash,2025-07-29
"10007522","52689","2077","13","507",8,Credit Card,2025-09-18
"10007523","68483","2445","13","346",19,Digital Wallet,2025-12-25
"10007524","148498","2769","12","365",15,Credit Card,2025-02-10
"10007525","113571","1976","6","536",9,Digital Wallet,2025-02-24
"10007526","83487","1095","6","602",10,Credit Card,2025-05-01
"10007527","148428","2096","3","663",17,Cash,2025-04-14
"10007528","125115","1530","1","222",8,Points,2025-11-04
"10007529","130712","2341","1","242",20,Credit Card,2025-01-22
"10007530","54079","2059","1","525",18,Cash,2025-02-05
"10007531","83045","1109","13","490",13,Cash,2025-12-09
"10007532","149693","2932","1","474",14,Points,2025-10-28
"10007533","144611","2247","3","645",16,Cash,2025-12-14
"10007534","83499","1802","17","216",1,Points,2025-05-15
"10007535","81429","1038","17","613",10,Credit Card,2025-11-17
"10007536","108462","1532","6","308",17,Digital Wallet,2025-12-18
"10007537","68288","1541","11","532",20,Cash,2025-04-06
"10007538","119461","2803","10","206",6,Points,2025-12-14
"10007539","101577","2501","19","303",8,Credit Card,2025-10-21
"10007540","74858","2058","3","409",15,Cash,2025-12-02
"10007541","118100","1554","6","488",3,Points,2025-03-28
"10007542","51001","1282","11","346",12,Cash,2025-10-31
"10007543","96705","2278","8","551",18,Cash,2025-04-06
"10007544","108577","2704","20","495",4,Points,2025-04-01
"10007545","134047","1202","16","280",2,Digital Wallet,2025-09-27
"10007546","148911","1857","6","664",6,Cash,2025-07-13
"10007547","101549","2346","16","635",11,Cash,2025-05-22
"10007548","125760","2247","18","533",7,Digital Wallet,2025-09-05
"10007549","130203","2055","6","363",20,Points,2025-08-19
"10007550","57452","2305","8","643",3,Credit Card,2025-04-03
"10007551","79611","1768","18","579",19,Digital Wallet,2025-12-29
"10007552","90972","1131","11","238",7,Points,2025-12-05
"10007553","141847","2205","18","311",6,Cash,2025-02-27
"10007554","140911","2245","10","238",15,Digital Wallet,2025-06-01
"10007555","103625","2538","2","309",14,Points,2025-07-18
"10007556","107631","2015","15","300",15,Cash,2025-07-27
"10007557","134724","2794","7","408",2,Points,2025-11-05
"10007558","74328","1404","7","455",14,Digital Wallet,2025-07-14
"10007559","81703","2577","17","683",20,Credit Card,2025-11-10
"10007560","122981","2290","15","260",2,Cash,2025-07-23
"10007561","145926","2786","6","539",5,Cash,2025-11-12
"10007562","136619","2890","4","287",17,Cash,2025-07-13
"10007563","107235","1694","15","562",12,Credit Card,2025-09-14
"10007564","128269","1176","7","456",20,Cash,2025-07-16
"10007565","65203","1069","19","643",19,Points,2025-03-20
"10007566","81172","1663","10","486",18,Points,2025-08-20
"10007567","144099","1448","9","221",14,Credit Card,2025-10-16
"10007568","91734","1538","18","685",17,Cash,2025-10-20
"10007569","84522","2657","18","354",16,Cash,2025-08-05
"10007570","68275","1723","13","659",8,Points,2025-10-03
"10007571","127781","1959","9","206",9,Points,2025-04-13
"10007572","123551","1254","5","361",19,Digital Wallet,2025-11-29
"10007573","110599","2247","12","525",18,Points,2025-12-09
"10007574","84168","1641","16","695",15,Credit Card,2025-07-11
"10007575","79547","2387","10","315",18,Credit Card,2025-05-05
"10007576","148507","1577","6","289",2,Points,2025-04-28
"10007577","123585","2695","9","444",7,Digital Wallet,2025-08-28
"10007578","78441","1308","10","583",11,Cash,2025-05-08
"10007579","99836","2587","12","271",7,Digital Wallet,2025-01-01
"10007580","132112","1505","17","372",14,Points,2025-05-08
"10007581","143657","1911","19","259",6,Credit Card,2025-12-28
"10007582","122492","2707","13","416",6,Digital Wallet,2025-11-25
"10007583","120542","2823","6","576",16,Points,2025-04-07
"10007584","149620","2954","5","276",4,Credit Card,2025-09-17
"10007585","87295","2228","10","264",9,Points,2025-03-26
"10007586","91588","1072","6","648",3,Points,2025-12-06
"10007587","145036","1042","11","309",8,Points,2025-01-04
"10007588","79163","1500","1","350",5,Cash,2025-08-23
"10007589","50850","1955","8","377",9,Credit Card,2025-12-01
"10007590","85278","2866","6","650",17,Credit Card,2025-10-31
"10007591","117905","2457","20","462",15,Points,2025-12-02
"10007592","58152","1862","17","389",9,Digital Wallet,2025-04-29
"10007593","118854","1735","2","518",2,Points,2025-02-10
"10007594","88119","2964","6","423",4,Points,2025-10-18
"10007595","147800","1995","1","332",3,Credit Card,2025-02-23
"10007596","89368","2193","1","472",7,Credit Card,2025-01-13
"10007597","138782","1263","4","289",18,Credit Card,2025-02-10
"10007598","119323","2878","16","692",14,Points,2025-03-25
"10007599","97717","1665","15","228",14,Digital Wallet,2025-01-24
"10007600","98221","1184","9","372",15,Points,2025-10-11
"10007601","128474","1990","20","398",6,Points,2025-04-12
"10007602","71881","2433","20","296",3,Digital Wallet,2025-07-26
"10007603","113198","2303","13","350",7,Digital Wallet,2025-10-05
"10007604","129485","2460","20","224",19,Credit Card,2025-09-04
"10007605","140543","1911","10","379",2,Digital Wallet,2025-11-26
"10007606","88631","2724","3","229",2,Cash,2025-12-21
"10007607","146012","1436","14","583",19,Digital Wallet,2025-10-01
"10007608","54815","2301","15","581",5,Credit Card,2025-03-17
"10007609","119200","1658","3","304",8,Credit Card,2025-08-22
"10007610","104442","1504","14","431",4,Cash,2025-04-24
"10007611","131841","2888","3","684",13,Points,2025-09-08
"10007612","80140","2612","17","616",19,Points,2025-01-02
"10007613","63761","1853","14","362",18,Digital Wallet,2025-01-24
"10007614","60929","1909","16","246",3,Credit Card,2025-12-04
"10007615","140007","1604","16","233",11,Cash,2025-10-02
"10007616","133888","2186","12","654",6,Digital Wallet,2025-12-19
"10007617","108525","2546","14","698",13,Credit Card,2025-02-22
"10007618","138113","1182","19","269",2,Points,2025-11-18
"10007619","64137","2897","20","225",18,Credit Card,2025-04-25
"10007620","59601","1311","9","553",19,Digital Wallet,2025-09-22
"10007621","126097","1490","3","497",13,Points,2025-04-04
"10007622","85493","2104","7","665",4,Points,2025-07-30
"10007623","135269","2689","5","428",5,Digital Wallet,2025-03-15
"10007624","116444","2612","9","585",9,Cash,2025-12-05
"10007625","89210","1457","4","681",19,Cash,2025-03-27
"10007626","137442","2852","12","343",13,Credit Card,2025-01-01
"10007627","130087","1449","10","351",16,Cash,2025-12-10
"10007628","136037","2676","3","525",10,Cash,2025-08-02
"10007629","61537","2413","1","348",14,Points,2025-03-05
"10007630","110343","2042","9","231",8,Digital Wallet,2025-01-31
"10007631","57390","1258","11","312",1,Credit Card,2025-10-10
"10007632","137684","1410","18","466",9,Credit Card,2025-06-29
"10007633","95180","1350","7","414",7,Digital Wallet,2025-03-04
"10007634","91147","1365","14","452",19,Digital Wallet,2025-10-15
"10007635","118681","1407","4","536",20,Digital Wallet,2025-08-06
"10007636","67074","2198","4","230",9,Digital Wallet,2025-05-12
"10007637","65503","2850","19","413",10,Credit Card,2025-06-27
"10007638","121258","2672","14","282",17,Credit Card,2025-06-20
"10007639","113868","1866","8","500",1,Digital Wallet,2025-01-29
"10007640","92486","2719","12","258",3,Credit Card,2025-02-07
"10007641","123354","1289","20","679",19,Digital Wallet,2025-04-30
"10007642","70184","2022","17","694",14,Credit Card,2025-10-15
"10007643","98119","2821","7","529",18,Digital Wallet,2025-05-20
"10007644","86798","1046","18","666",17,Digital Wallet,2025-10-03
"10007645","90542","2083","7","391",4,Points,2025-10-09
"10007646","51153","2521","7","357",15,Points,2025-04-14
"10007647","112758","1587","2","545",8,Cash,2025-05-03
"10007648","111529","2589","16","561",10,Cash,2025-11-21
"10007649","70524","1350","19","484",15,Cash,2025-08-26
"10007650","119483","2163","3","321",18,Digital Wallet,2025-01-01
"10007651","115015","2566","9","449",6,Points,2025-05-23
"10007652","145080","2172","11","504",15,Credit Card,2025-10-15
"10007653","108103","1470","3","544",14,Credit Card,2025-01-12
"10007654","127366","1526","20","342",5,Points,2025-01-02
"10007655","72263","2876","3","486",7,Digital Wallet,2025-03-30
"10007656","58013","1075","8","530",19,Points,2025-07-03
"10007657","123794","2008","13","202",18,Points,2025-11-28
"10007658","93531","2010","19","508",18,Points,2025-04-10
"10007659","147046","2681","8","578",14,Points,2025-02-16
"10007660","116416","1079","2","224",18,Credit Card,2025-02-17
"10007661","73032","1620","6","513",9,Points,2025-06-28
"10007662","121487","1525","19","222",3,Credit Card,2025-07-13
"10007663","87686","1425","17","281",9,Points,2025-04-04
"10007664","68147","2348","20","319",14,Cash,2025-09-01
"10007665","54884","2458","10","562",4,Cash,2025-06-06
"10007666","124953","1529","18","597",16,Points,2025-09-03
"10007667","138621","1366","19","307",3,Points,2025-04-01
"10007668","119637","1869","20","413",8,Digital Wallet,2025-09-21
"10007669","60832","2838","6","295",17,Cash,2025-02-13
"10007670","72243","2132","6","436",9,Cash,2025-03-02
"10007671","84249","1665","13","688",13,Digital Wallet,2025-05-18
"10007672","96326","1778","12","553",17,Points,2025-08-01
"10007673","127549","2517","5","452",2,Points,2025-11-06
"10007674","91506","2062","4","669",13,Cash,2025-05-09
"10007675","85706","2427","10","516",7,Points,2025-10-02
"10007676","71007","1662","3","320",16,Points,2025-12-16
"10007677","145315","1187","6","699",12,Credit Card,2025-09-02
"10007678","133985","1195","15","471",8,Digital Wallet,2025-06-02
"10007679","87696","1133","14","429",2,Cash,2025-12-14
"10007680","129259","2323","18","433",3,Cash,2025-05-19
"10007681","120510","1353","16","271",5,Cash,2025-06-25
"10007682","94013","2993","13","525",16,Cash,2025-08-13
"10007683","143130","2772","15","643",8,Credit Card,2025-01-03
"10007684","67035","2726","2","453",12,Digital Wallet,2025-02-03
"10007685","122371","1594","2","650",10,Credit Card,2025-09-29
"10007686","103865","2272","16","412",2,Points,2025-06-15
"10007687","66949","1519","15","522",17,Points,2025-11-02
"10007688","145814","1709","13","392",3,Cash,2025-01-25
"10007689","134165","1551","6","550",11,Cash,2025-07-19
"10007690","141894","2990","4","348",19,Credit Card,2025-01-08
"10007691","120524","2449","11","528",4,Points,2025-07-19
"10007692","81833","2371","8","239",14,Credit Card,2025-03-26
"10007693","130954","2777","3","564",9,Digital Wallet,2025-07-07
"10007694","92211","1503","1","626",1,Credit Card,2025-06-23
"10007695","129613","2072","6","381",19,Cash,2025-10-06
"10007696","125965","1135","15","698",8,Cash,2025-04-08
"10007697","80288","1445","18","347",14,Digital Wallet,2025-02-08
"10007698","59177","1156","19","249",4,Digital Wallet,2025-01-02
"10007699","111994","1405","16","670",10,Credit Card,2025-03-21
"10007700","98866","1727","13","642",16,Points,2025-01-18
"10007701","57557","1321","14","581",17,Points,2025-02-23
"10007702","91691","1982","5","619",18,Cash,2025-12-26
"10007703","112905","2877","7","466",2,Credit Card,2025-07-08
"10007704","112123","1974","19","350",8,Cash,2025-10-26
"10007705","70535","1090","14","543",2,Points,2025-09-10
"10007706","52770","1011","9","304",10,Cash,2025-06-19
"10007707","97663","1347","14","493",6,Cash,2025-08-30
"10007708","140188","1176","5","214",16,Cash,2025-11-11
"10007709","82651","1469","10","517",2,Cash,2025-11-12
"10007710","93697","2209","9","473",11,Credit Card,2025-08-04
"10007711","71855","2281","14","441",2,Credit Card,2025-09-29
"10007712","97203","2601","3","212",11,Digital Wallet,2025-08-26
"10007713","55666","2689","17","529",2,Credit Card,2025-04-14
"10007714","74001","2168","20","221",20,Cash,2025-09-17
"10007715","135573","1214","7","585",10,Credit Card,2025-06-22
"10007716","75840","2071","2","301",15,Points,2025-05-27
"10007717","145188","1370","15","209",18,Credit Card,2025-12-14
"10007718","95906","2066","6","208",18,Points,2025-02-12
"10007719","125574","2611","19","242",17,Credit Card,2025-10-28
"10007720","83325","1761","2","593",18,Points,2025-05-28
"10007721","126383","1754","6","236",18,Digital Wallet,2025-12-16
"10007722","74279","1856","11","579",20,Credit Card,2025-08-12
"10007723","147535","2782","15","352",9,Digital Wallet,2025-05-24
"10007724","128271","1957","7","588",20,Cash,2025-08-16
"10007725","53974","1460","13","234",1,Digital Wallet,2025-10-31
"10007726","120569","2333","18","695",7,Cash,2025-11-22
"10007727","83667","2539","12","608",2,Credit Card,2025-07-14
"10007728","148049","2807","16","486",16,Cash,2025-11-28
"10007729","88744","1181","3","418",2,Cash,2025-04-26
"10007730","76031","2710","4","372",14,Digital Wallet,2025-01-02
"10007731","92978","2868","5","400",15,Digital Wallet,2025-12-12
"10007732","112557","2830","12","381",3,Points,2025-12-29
"10007733","76350","1243","6","631",3,Cash,2025-08-31
"10007734","116307","1079","7","429",15,Credit Card,2025-03-31
"10007735","146608","2937","8","654",1,Credit Card,2025-05-01
"10007736","78902","2722","2","270",3,Credit Card,2025-08-29
"10007737","89461","2090","6","510",13,Points,2025-12-28
"10007738","149656","1814","5","468",15,Credit Card,2025-06-07
"10007739","104910","1633","20","439",2,Credit Card,2025-09-24
"10007740","116891","1750","20","501",18,Digital Wallet,2025-05-24
"10007741","61594","2374","3","499",9,Points,2025-04-12
"10007742","62513","2532","5","439",8,Digital Wallet,2025-02-01
"10007743","65762","1465","8","655",19,Credit Card,2025-08-04
"10007744","136729","2247","10","274",19,Cash,2025-01-30
"10007745","91731","2559","5","529",5,Points,2025-03-26
"10007746","67274","1918","13","238",13,Cash,2025-08-12
"10007747","144020","2432","12","566",6,Digital Wallet,2025-09-26
"10007748","72196","1096","12","537",4,Cash,2025-04-14
"10007749","128486","2746","11","420",2,Cash,2025-12-26
"10007750","104898","2187","5","433",11,Points,2025-04-10
"10007751","83662","1808","19","662",5,Points,2025-08-13
"10007752","79406","2848","14","641",14,Credit Card,2025-02-05
"10007753","70872","2053","18","407",11,Credit Card,2025-02-22
"10007754","52876","1262","11","668",9,Credit Card,2025-12-25
"10007755","56343","2946","13","642",17,Points,2025-05-24
"10007756","69819","2953","1","285",16,Points,2025-01-10
"10007757","55981","2534","12","554",4,Credit Card,2025-01-15
"10007758","64496","2596","6","519",10,Credit Card,2025-12-06
"10007759","115456","2354","8","231",16,Digital Wallet,2025-12-19
"10007760","101321","1014","7","612",19,Cash,2025-03-23
"10007761","114602","2504","1","534",5,Digital Wallet,2025-02-10
"10007762","90324","2491","8","481",3,Points,2025-11-26
"10007763","85190","1469","9","422",13,Credit Card,2025-05-25
"10007764","122788","1110","2","352",3,Points,2025-08-30
"10007765","147162","1116","11","446",10,Digital Wallet,2025-09-20
"10007766","110570","1939","13","515",19,Cash,2025-06-03
"10007767","94190","1855","3","574",3,Cash,2025-03-31
"10007768","97568","1610","9","635",14,Digital Wallet,2025-07-24
"10007769","134959","2360","16","385",5,Digital Wallet,2025-04-15
"10007770","79465","1613","10","218",13,Credit Card,2025-08-13
"10007771","98573","2242","20","577",17,Credit Card,2025-10-08
"10007772","139380","1973","7","555",18,Digital Wallet,2025-06-22
"10007773","98322","2425","13","595",9,Digital Wallet,2025-09-14
"10007774","113682","2954","12","686",20,Cash,2025-12-25
"10007775","100661","2223","1","587",4,Cash,2025-01-08
"10007776","97502","1228","6","453",3,Points,2025-02-07
"10007777","67892","2642","11","546",6,Cash,2025-05-02
"10007778","138049","1510","3","684",12,Digital Wallet,2025-01-13
"10007779","63335","1241","17","410",11,Points,2025-02-04
"10007780","145808","1008","11","381",16,Credit Card,2025-03-19
"10007781","93586","1935","10","326",17,Points,2025-10-01
"10007782","69590","1360","9","521",14,Credit Card,2025-04-23
"10007783","100548","1048","5","561",4,Points,2025-11-17
"10007784","145866","2788","3","239",11,Digital Wallet,2025-02-21
"10007785","142474","1205","1","270",15,Cash,2025-11-25
"10007786","135685","1094","5","227",14,Credit Card,2025-12-17
"10007787","53518","1541","12","289",4,Cash,2025-09-09
"10007788","113079","2748","15","498",5,Credit Card,2025-05-09
"10007789","131379","1772","12","425",11,Points,2025-06-19
"10007790","93676","2670","20","337",14,Points,2025-12-19
"10007791","80467","2026","10","385",14,Digital Wallet,2025-10-30
"10007792","135361","1066","10","282",14,Points,2025-07-20
"10007793","79383","1175","15","460",8,Points,2025-06-09
"10007794","54233","2242","14","571",16,Credit Card,2025-02-06
"10007795","80115","2306","15","263",7,Points,2025-10-02
"10007796","111952","2459","15","584",6,Cash,2025-08-23
"10007797","75912","1358","1","519",10,Digital Wallet,2025-12-07
"10007798","112448","1662","3","583",2,Cash,2025-10-22
"10007799","134811","2293","6","562",15,Cash,2025-02-03
"10007800","134699","2147","20","252",3,Cash,2025-01-05
"10007801","105559","1917","20","667",17,Digital Wallet,2025-12-04
"10007802","91957","1776","12","427",1,Cash,2025-07-27
"10007803","86219","1620","20","686",18,Credit Card,2025-10-30
"10007804","88161","2113","13","507",11,Points,2025-03-24
"10007805","119836","1996","17","335",1,Points,2025-08-10
"10007806","141956","1393","11","671",6,Digital Wallet,2025-08-28
"10007807","77064","1266","17","483",6,Digital Wallet,2025-05-29
"10007808","91647","2817","7","447",17,Cash,2025-10-16
"10007809","112518","1342","18","595",17,Digital Wallet,2025-06-10
"10007810","99442","1433","8","351",16,Digital Wallet,2025-10-07
"10007811","66091","2757","17","222",3,Digital Wallet,2025-06-28
"10007812","122485","1663","5","554",3,Cash,2025-07-29
"10007813","62109","1488","16","462",17,Points,2025-08-30
"10007814","131513","1180","17","330",6,Cash,2025-03-13
"10007815","92019","1317","15","626",4,Digital Wallet,2025-10-22
"10007816","81409","1009","19","665",16,Cash,2025-06-26
"10007817","111477","2529","4","599",2,Points,2025-12-25
"10007818","128841","2046","5","348",19,Digital Wallet,2025-04-03
"10007819","132964","2107","4","496",3,Points,2025-07-30
"10007820","82789","1718","1","684",3,Points,2025-11-13
"10007821","91007","2994","1","225",9,Points,2025-12-24
"10007822","100318","2189","17","567",17,Points,2025-11-12
"10007823","111959","2915","1","202",12,Points,2025-06-05
"10007824","52277","2440","7","439",9,Cash,2025-07-03
"10007825","101283","1094","12","238",13,Points,2025-10-13
"10007826","62256","1162","15","205",15,Points,2025-01-26
"10007827","146326","2694","17","550",10,Points,2025-02-04
"10007828","149359","2558","16","690",7,Digital Wallet,2025-04-17
"10007829","117097","1247","2","669",5,Cash,2025-10-10
"10007830","149503","2030","2","458",4,Credit Card,2025-05-08
"10007831","138265","2095","10","557",16,Cash,2025-12-23
"10007832","133677","2141","16","351",12,Points,2025-02-20
"10007833","61143","1569","18","245",7,Points,2025-11-22
"10007834","90659","1232","2","219",8,Credit Card,2025-12-29
"10007835","96519","1563","1","566",8,Cash,2025-05-12
"10007836","148807","1815","10","585",3,Credit Card,2025-12-28
"10007837","83724","2811","13","416",14,Points,2025-07-23
"10007838","89260","1884","12","363",2,Credit Card,2025-05-22
"10007839","57880","2978","11","490",17,Cash,2025-09-14
"10007840","85592","2423","9","211",14,Digital Wallet,2025-01-17
"10007841","83159","2357","7","293",16,Digital Wallet,2025-03-06
"10007842","137594","1647","15","467",5,Credit Card,2025-04-10
"10007843","62771","2641","7","466",2,Cash,2025-11-04
"10007844","78415","2146","19","209",13,Digital Wallet,2025-07-18
"10007845","83107","1394","11","315",7,Points,2025-04-29
"10007846","62206","2474","14","297",20,Digital Wallet,2025-09-16
"10007847","120880","1093","10","404",7,Credit Card,2025-12-18
"10007848","104458","2247","11","287",19,Points,2025-04-17
"10007849","63544","1318","13","544",12,Points,2025-10-29
"10007850","147772","1499","20","498",20,Cash,2025-09-29
"10007851","107290","2998","14","404",1,Credit Card,2025-06-17
"10007852","134817","1321","13","635",16,Credit Card,2025-01-12
"10007853","110369","1134","5","442",11,Points,2025-06-05
"10007854","94202","2816","1","266",11,Credit Card,2025-08-27
"10007855","133604","1082","1","435",14,Cash,2025-09-19
"10007856","146001","2070","15","278",2,Points,2025-10-15
"10007857","87328","1052","17","507",12,Points,2025-12-03
"10007858","133670","1907","9","387",1,Credit Card,2025-05-11
"10007859","74253","2764","7","471",20,Points,2025-10-05
"10007860","77252","2031","19","662",15,Digital Wallet,2025-01-24
"10007861","90756","2774","12","600",6,Credit Card,2025-05-30
"10007862","134127","1070","13","675",5,Cash,2025-04-10
"10007863","75389","2779","5","294",16,Digital Wallet,2025-03-10
"10007864","126558","1531","8","213",1,Credit Card,2025-06-17
"10007865","77999","2740","19","424",16,Credit Card,2025-09-23
"10007866","107724","1795","2","677",11,Cash,2025-05-15
"10007867","126787","2091","11","418",17,Cash,2025-11-03
"10007868","83428","1301","6","692",1,Cash,2025-10-27
"10007869","78751","1539","1","228",3,Digital Wallet,2025-08-27
"10007870","54526","1384","5","559",17,Points,2025-08-15
"10007871","141701","1904","18","549",8,Credit Card,2025-08-05
"10007872","94101","2970","3","350",10,Points,2025-02-19
"10007873","137708","1853","2","591",18,Digital Wallet,2025-02-26
"10007874","97105","1804","2","624",18,Digital Wallet,2025-12-24
"10007875","130906","1385","10","400",12,Points,2025-07-12
"10007876","128852","2443","17","426",20,Credit Card,2025-12-27
"10007877","57001","1044","10","596",7,Digital Wallet,2025-07-10
"10007878","58187","2651","5","492",19,Digital Wallet,2025-09-03
"10007879","127516","1483","4","514",20,Points,2025-11-21
"10007880","131626","1739","13","610",4,Points,2025-01-01
"10007881","64798","2004","17","654",7,Cash,2025-01-10
"10007882","68377","1175","5","635",19,Credit Card,2025-03-16
"10007883","133898","1916","5","659",16,Digital Wallet,2025-07-09
"10007884","58474","1951","4","359",18,Cash,2025-01-29
"10007885","107778","2731","7","512",8,Digital Wallet,2025-04-28
"10007886","62153","1448","14","343",3,Credit Card,2025-04-07
"10007887","68596","1512","20","429",10,Points,2025-09-19
"10007888","103493","1648","20","661",11,Digital Wallet,2025-03-06
"10007889","116102","2494","17","383",8,Points,2025-04-10
"10007890","89948","2069","1","294",9,Credit Card,2025-06-08
"10007891","143084","2244","10","695",19,Cash,2025-01-23
"10007892","88896","2632","14","572",9,Cash,2025-03-16
"10007893","88004","1460","14","467",15,Points,2025-04-13
"10007894","86404","2116","19","682",10,Cash,2025-06-03
"10007895","111131","2036","10","656",19,Digital Wallet,2025-02-28
"10007896","58410","1838","14","499",2,Credit Card,2025-02-15
"10007897","145834","1954","1","560",11,Cash,2025-01-23
"10007898","93765","1878","9","521",9,Credit Card,2025-04-26
"10007899","135339","2297","16","251",13,Credit Card,2025-10-13
"10007900","60999","2141","13","322",4,Digital Wallet,2025-05-20
"10007901","82616","2117","10","454",7,Digital Wallet,2025-03-15
"10007902","131111","1392","20","647",1,Points,2025-04-28
"10007903","71907","1679","7","451",16,Points,2025-02-09
"10007904","105440","1690","6","612",8,Cash,2025-04-25
"10007905","121172","2753","1","316",4,Digital Wallet,2025-08-16
"10007906","98866","2020","4","535",3,Credit Card,2025-01-06
"10007907","104513","2338","1","355",16,Credit Card,2025-12-29
"10007908","139538","2837","6","511",11,Digital Wallet,2025-03-07
"10007909","91729","2797","13","547",15,Cash,2025-02-14
"10007910","80394","1896","17","410",20,Cash,2025-02-15
"10007911","77450","1495","2","680",12,Credit Card,2025-02-01
"10007912","109173","1034","4","384",12,Digital Wallet,2025-12-03
"10007913","58234","2191","17","591",9,Cash,2025-01-22
"10007914","70668","2685","6","350",9,Points,2025-11-12
"10007915","87554","2901","10","606",4,Points,2025-11-08
"10007916","104005","1474","17","609",14,Points,2025-11-26
"10007917","112767","2605","3","307",14,Digital Wallet,2025-05-19
"10007918","86059","2963","17","649",4,Digital Wallet,2025-11-14
"10007919","58228","2997","15","327",10,Points,2025-06-03
"10007920","99398","2278","18","650",6,Points,2025-09-09
"10007921","108338","2603","18","682",16,Credit Card,2025-12-22
"10007922","149643","2699","16","661",2,Digital Wallet,2025-07-13
"10007923","87051","2972","11","374",17,Digital Wallet,2025-04-13
"10007924","55340","1884","5","487",9,Digital Wallet,2025-07-21
"10007925","68504","1935","8","356",12,Points,2025-06-18
"10007926","84273","2777","10","524",18,Digital Wallet,2025-12-09
"10007927","121034","2391","11","633",2,Points,2025-01-22
"10007928","91619","2296","8","217",13,Cash,2025-09-03
"10007929","146170","2581","16","609",6,Points,2025-01-25
"10007930","140639","2312","3","644",1,Cash,2025-05-06
"10007931","122455","2685","20","294",10,Points,2025-03-13
"10007932","107656","2455","7","481",20,Credit Card,2025-10-18
"10007933","69986","1352","1","616",9,Cash,2025-11-09
"10007934","107988","1190","8","372",10,Cash,2025-02-02
"10007935","109275","2649","8","481",5,Cash,2025-04-02
"10007936","126832","1127","6","614",17,Points,2025-09-16
"10007937","128682","1049","4","620",14,Digital Wallet,2025-10-19
"10007938","84426","2716","9","368",15,Points,2025-07-22
"10007939","78361","1717","4","201",15,Points,2025-05-24
"10007940","67117","2135","5","298",13,Credit Card,2025-08-01
"10007941","91901","2785","3","607",17,Cash,2025-12-30
"10007942","108636","2506","14","241",3,Credit Card,2025-10-02
"10007943","52457","2837","5","501",20,Credit Card,2025-11-08
"10007944","78966","1724","10","658",18,Digital Wallet,2025-02-08
"10007945","101663","2766","8","259",18,Credit Card,2025-03-29
"10007946","102458","2722","8","242",9,Cash,2025-09-09
"10007947","145738","2527","10","303",13,Cash,2025-09-11
"10007948","108829","1128","13","261",12,Cash,2025-04-04
"10007949","146491","2298","15","576",19,Digital Wallet,2025-03-08
"10007950","147312","2939","2","244",3,Points,2025-03-26
"10007951","110592","2024","5","582",8,Credit Card,2025-06-14
"10007952","120066","2455","3","437",16,Cash,2025-12-03
"10007953","69471","1689","10","562",15,Points,2025-01-28
"10007954","83066","2857","18","435",1,Digital Wallet,2025-07-18
"10007955","81371","2490","17","606",18,Cash,2025-03-11
"10007956","65831","2895","16","358",5,Points,2025-03-06
"10007957","72728","2176","11","454",17,Points,2025-03-07
"10007958","95932","1558","17","628",13,Credit Card,2025-07-15
"10007959","120440","2790","15","257",12,Credit Card,2025-05-14
"10007960","130380","1782","17","686",9,Points,2025-09-07
"10007961","137427","1333","19","210",19,Digital Wallet,2025-10-13
"10007962","126360","1593","20","686",11,Credit Card,2025-05-05
"10007963","94150","1300","19","402",2,Points,2025-09-12
"10007964","53923","1870","20","628",13,Digital Wallet,2025-08-14
"10007965","77915","1839","17","414",2,Cash,2025-12-30
"10007966","53643","1185","16","408",2,Digital Wallet,2025-12-26
"10007967","126173","1415","10","421",13,Credit Card,2025-03-19
"10007968","59705","1586","8","691",8,Digital Wallet,2025-11-03
"10007969","102861","1180","6","620",17,Points,2025-07-29
"10007970","94950","1043","12","552",20,Digital Wallet,2025-07-04
"10007971","128006","2977","3","289",10,Credit Card,2025-01-07
"10007972","101897","2734","5","432",17,Credit Card,2025-01-20
"10007973","54440","2984","18","335",2,Credit Card,2025-09-23
"10007974","94677","1846","6","427",13,Points,2025-06-28
"10007975","133108","1291","15","349",14,Credit Card,2025-07-03
"10007976","145422","1589","3","669",11,Digital Wallet,2025-06-16
"10007977","89629","1042","16","359",1,Credit Card,2025-01-15
"10007978","133720","1580","2","454",8,Credit Card,2025-02-01
"10007979","92255","2059","13","390",14,Digital Wallet,2025-12-29
"10007980","148844","2363","13","615",19,Credit Card,2025-02-23
"10007981","62343","2166","14","475",13,Cash,2025-12-13
"10007982","92516","1875","9","291",6,Credit Card,2025-02-06
"10007983","122472","1733","9","251",18,Credit Card,2025-05-11
"10007984","107589","1148","7","374",10,Credit Card,2025-02-14
"10007985","75811","2178","2","317",8,Credit Card,2025-02-22
"10007986","97292","1893","8","511",6,Digital Wallet,2025-03-13
"10007987","86560","2526","10","553",13,Credit Card,2025-12-23
"10007988","138271","2728","10","267",15,Cash,2025-05-09
"10007989","144563","2354","13","462",9,Points,2025-12-23
"10007990","76485","2784","17","273",12,Cash,2025-09-11
"10007991","141760","2740","5","427",17,Cash,2025-01-08
"10007992","149552","2346","19","465",15,Credit Card,2025-01-11
"10007993","118025","1962","1","610",8,Credit Card,2025-05-15
"10007994","98656","1760","17","327",2,Digital Wallet,2025-05-02
"10007995","108920","2666","3","591",13,Credit Card,2025-05-08
"10007996","121297","2143","13","282",15,Cash,2025-03-03
"10007997","106118","2343","10","697",14,Cash,2025-04-15
"10007998","91861","1799","8","363",9,Digital Wallet,2025-06-16
"10007999","123376","2093","18","599",19,Digital Wallet,2025-03-02
"10008000","132720","1714","19","286",15,Digital Wallet,2025-01-06
"10008001","69765","1685","6","582",3,Points,2025-12-14
"10008002","52099","2522","20","363",12,Digital Wallet,2025-08-24
"10008003","122464","1264","6","357",2,Cash,2025-07-27
"10008004","60117","2781","11","698",6,Cash,2025-10-11
"10008005","80539","2238","15","435",12,Digital Wallet,2025-09-21
"10008006","116261","1623","13","573",20,Digital Wallet,2025-09-16
"10008007","61838","1289","9","214",15,Digital Wallet,2025-08-14
"10008008","67520","2629","11","290",13,Credit Card,2025-02-20
"10008009","103160","1202","5","230",19,Credit Card,2025-09-18
"10008010","145628","2138","2","423",16,Credit Card,2025-03-09
"10008011","149967","2151","9","396",6,Points,2025-11-21
"10008012","82266","1299","20","462",1,Credit Card,2025-06-13
"10008013","91202","1634","17","504",17,Credit Card,2025-02-14
"10008014","98873","1530","18","359",2,Cash,2025-09-28
"10008015","69642","2525","1","535",3,Digital Wallet,2025-09-22
"10008016","137563","1942","15","691",16,Digital Wallet,2025-02-19
"10008017","64261","2684","4","696",8,Cash,2025-03-17
"10008018","103075","2699","19","620",5,Credit Card,2025-11-20
"10008019","77885","2312","3","562",3,Points,2025-03-20
"10008020","82734","2260","16","302",5,Credit Card,2025-11-15
"10008021","94755","2340","12","501",17,Points,2025-10-20
"10008022","124917","2588","8","557",17,Credit Card,2025-07-21
"10008023","142457","1479","3","553",18,Digital Wallet,2025-11-12
"10008024","117369","1570","10","570",19,Cash,2025-05-27
"10008025","70296","1245","11","610",7,Cash,2025-02-04
"10008026","127823","1459","11","521",6,Cash,2025-05-20
"10008027","59039","2719","3","675",20,Digital Wallet,2025-02-01
"10008028","137591","2953","7","526",19,Cash,2025-04-02
"10008029","116520","1738","2","698",10,Credit Card,2025-07-27
"10008030","107353","1731","19","400",5,Cash,2025-11-18
"10008031","103457","1368","13","274",1,Points,2025-10-08
"10008032","118878","2935","7","513",4,Digital Wallet,2025-08-28
"10008033","106211","2312","20","321",16,Cash,2025-04-09
"10008034","106705","1432","10","585",4,Digital Wallet,2025-12-20
"10008035","138775","2161","15","665",11,Credit Card,2025-02-21
"10008036","95572","1695","10","430",9,Points,2025-10-04
"10008037","96174","2998","19","553",4,Digital Wallet,2025-01-12
"10008038","139936","2262","18","360",11,Digital Wallet,2025-11-26
"10008039","52923","2164","10","322",18,Cash,2025-05-01
"10008040","101149","2291","8","233",17,Credit Card,2025-04-11
"10008041","129623","1866","8","246",17,Digital Wallet,2025-08-09
"10008042","128220","2298","5","216",8,Credit Card,2025-04-02
"10008043","145678","1905","18","531",4,Points,2025-09-14
"10008044","86556","2932","14","248",1,Digital Wallet,2025-01-13
"10008045","67527","1670","14","452",8,Credit Card,2025-11-26
"10008046","78306","1496","15","510",8,Cash,2025-11-17
"10008047","86323","1375","1","678",2,Digital Wallet,2025-09-08
"10008048","68745","1192","20","678",12,Cash,2025-02-23
"10008049","109621","2303","13","379",9,Cash,2025-06-22
"10008050","79338","1190","9","207",7,Digital Wallet,2025-09-19
"10008051","109330","1213","6","599",3,Credit Card,2025-05-12
"10008052","96691","2246","2","368",20,Cash,2025-09-08
"10008053","128404","2020","2","247",14,Points,2025-03-07
"10008054","134262","2168","10","292",15,Digital Wallet,2025-05-26
"10008055","74320","1347","5","468",18,Credit Card,2025-12-23
"10008056","62716","2898","7","407",2,Points,2025-10-12
"10008057","53997","2179","6","658",7,Credit Card,2025-03-19
"10008058","120391","2100","18","320",8,Digital Wallet,2025-08-17
"10008059","141495","2165","2","273",15,Points,2025-04-30
"10008060","97559","1755","12","634",4,Digital Wallet,2025-10-14
"10008061","50125","1093","7","383",15,Credit Card,2025-06-16
"10008062","149075","1153","13","655",20,Digital Wallet,2025-07-21
"10008063","54922","2662","14","333",1,Credit Card,2025-02-08
"10008064","119084","2760","4","209",15,Digital Wallet,2025-05-17
"10008065","116500","2091","15","691",16,Credit Card,2025-12-16
"10008066","100065","2648","12","306",18,Points,2025-05-05
"10008067","126933","1700","17","517",19,Points,2025-12-20
"10008068","53587","1101","4","296",3,Digital Wallet,2025-05-06
"10008069","140737","1197","6","461",7,Credit Card,2025-11-24
"10008070","133431","2370","18","448",5,Points,2025-12-24
"10008071","53678","1085","14","434",18,Digital Wallet,2025-02-16
"10008072","141300","2327","13","660",3,Cash,2025-08-26
"10008073","134909","2920","10","672",19,Cash,2025-10-19
"10008074","141587","1770","12","663",19,Digital Wallet,2025-01-29
"10008075","145279","1781","15","677",19,Points,2025-01-03
"10008076","74268","1574","3","454",8,Cash,2025-11-08
"10008077","99183","2620","19","392",1,Credit Card,2025-12-06
"10008078","99950","1433","13","673",7,Points,2025-01-15
"10008079","134886","2623","12","478",3,Digital Wallet,2025-02-02
"10008080","148407","1125","6","348",15,Credit Card,2025-10-20
"10008081","125019","1901","8","542",18,Points,2025-11-29
"10008082","80789","2762","12","272",4,Cash,2025-06-27
"10008083","115960","2869","12","367",8,Credit Card,2025-05-20
"10008084","100261","2980","9","262",7,Points,2025-09-21
"10008085","135146","1329","18","456",7,Credit Card,2025-05-27
"10008086","82714","1242","17","583",8,Cash,2025-12-16
"10008087","90294","2477","10","225",1,Cash,2025-10-06
"10008088","133568","2077","12","321",17,Cash,2025-08-23
"10008089","70015","1065","11","415",20,Points,2025-12-10
"10008090","112486","1508","2","450",19,Digital Wallet,2025-01-04
"10008091","66434","1714","14","447",1,Points,2025-09-08
"10008092","99059","2072","19","664",16,Points,2025-11-05
"10008093","54953","1986","9","404",11,Points,2025-11-02
"10008094","86156","1670","19","346",19,Credit Card,2025-07-29
"10008095","107062","1595","7","619",5,Credit Card,2025-11-10
"10008096","68261","1981","4","296",1,Digital Wallet,2025-11-14
"10008097","84698","1673","18","343",20,Points,2025-01-30
"10008098","89737","1114","6","279",9,Cash,2025-08-09
"10008099","142454","1334","6","466",6,Digital Wallet,2025-09-11
"10008100","128219","2149","5","350",15,Cash,2025-02-24
"10008101","135214","1796","14","571",8,Credit Card,2025-09-29
"10008102","123203","1683","20","361",13,Credit Card,2025-09-26
"10008103","80879","1440","19","256",5,Digital Wallet,2025-12-17
"10008104","53426","1347","12","419",6,Points,2025-09-04
"10008105","66324","1666","3","629",13,Digital Wallet,2025-01-29
"10008106","106098","2330","20","516",18,Credit Card,2025-06-05
"10008107","145330","2256","2","424",12,Cash,2025-10-21
"10008108","100758","2733","5","324",5,Points,2025-03-31
"10008109","98399","2555","11","364",18,Points,2025-04-08
"10008110","113170","2098","11","668",11,Cash,2025-08-17
"10008111","56706","1363","8","627",18,Credit Card,2025-02-02
"10008112","149880","2717","9","620",3,Digital Wallet,2025-10-24
"10008113","76524","2678","18","255",19,Credit Card,2025-05-10
"10008114","63866","1976","3","292",16,Cash,2025-08-27
"10008115","142584","1825","17","556",16,Digital Wallet,2025-12-23
"10008116","107967","2974","16","282",17,Digital Wallet,2025-08-19
"10008117","82764","2538","2","261",6,Points,2025-10-23
"10008118","69761","2711","11","542",16,Cash,2025-11-04
"10008119","149822","2315","11","446",20,Digital Wallet,2025-03-25
"10008120","110570","2751","17","564",17,Points,2025-06-30
"10008121","120328","2327","16","444",5,Cash,2025-11-20
"10008122","94512","1565","13","622",16,Credit Card,2025-04-03
"10008123","134966","2312","1","313",15,Cash,2025-01-24
"10008124","61445","1594","13","376",5,Digital Wallet,2025-12-07
"10008125","101337","1475","20","221",15,Points,2025-09-12
"10008126","100659","1973","16","457",3,Credit Card,2025-10-26
"10008127","105011","1310","11","347",20,Credit Card,2025-10-24
"10008128","114527","2815","14","510",9,Digital Wallet,2025-08-24
"10008129","141847","1724","15","398",19,Credit Card,2025-04-05
"10008130","122149","1504","2","415",18,Cash,2025-02-22
"10008131","89739","1800","16","409",6,Credit Card,2025-11-25
"10008132","109327","2512","1","239",6,Cash,2025-07-04
"10008133","144627","2850","19","272",9,Points,2025-10-22
"10008134","99339","2017","4","533",4,Digital Wallet,2025-02-02
"10008135","145559","1140","13","467",13,Cash,2025-04-03
"10008136","117708","2987","11","382",9,Cash,2025-07-11
"10008137","79522","1702","3","370",2,Credit Card,2025-08-28
"10008138","84769","1920","4","535",1,Points,2025-12-08
"10008139","113834","1544","3","508",7,Credit Card,2025-09-14
"10008140","104381","2851","14","273",5,Cash,2025-07-28
"10008141","140674","2709","12","355",1,Credit Card,2025-03-01
"10008142","60047","1075","11","575",4,Cash,2025-07-03
"10008143","88417","1857","4","698",18,Credit Card,2025-07-09
"10008144","149651","1712","11","497",15,Cash,2025-08-29
"10008145","144138","2094","19","619",20,Points,2025-07-19
"10008146","53493","1773","1","460",12,Points,2025-11-09
"10008147","104293","2585","4","526",9,Points,2025-11-22
"10008148","135865","1890","14","281",15,Credit Card,2025-06-13
"10008149","52888","2971","3","520",13,Digital Wallet,2025-12-28
"10008150","76144","2610","1","645",2,Points,2025-03-06
"10008151","131680","1350","15","463",11,Points,2025-10-08
"10008152","57153","2478","13","435",20,Credit Card,2025-09-07
"10008153","102536","1101","3","519",7,Digital Wallet,2025-01-19
"10008154","138831","1895","3","390",15,Credit Card,2025-09-10
"10008155","140503","2414","3","507",3,Digital Wallet,2025-12-03
"10008156","132815","2895","8","525",3,Credit Card,2025-09-22
"10008157","105131","2623","18","233",13,Points,2025-10-07
"10008158","63076","1227","9","413",12,Points,2025-12-08
"10008159","93358","1032","5","220",18,Digital Wallet,2025-01-31
"10008160","117667","1065","3","699",3,Points,2025-05-17
"10008161","76085","1455","2","433",3,Credit Card,2025-03-29
"10008162","93717","2635","14","370",19,Digital Wallet,2025-05-06
"10008163","73413","2003","12","369",10,Digital Wallet,2025-03-27
"10008164","51273","1112","16","368",16,Digital Wallet,2025-07-25
"10008165","89759","2476","3","241",19,Credit Card,2025-12-06
"10008166","146303","1861","7","574",13,Digital Wallet,2025-04-22
"10008167","85070","1183","13","570",9,Digital Wallet,2025-09-10
"10008168","63827","1908","17","518",15,Digital Wallet,2025-01-29
"10008169","59570","2749","5","375",5,Cash,2025-05-16
"10008170","68505","2714","5","301",6,Points,2025-08-27
"10008171","76750","1573","12","433",12,Cash,2025-06-18
"10008172","132981","2286","14","249",8,Points,2025-04-18
"10008173","77556","2425","7","303",15,Digital Wallet,2025-03-29
"10008174","129299","1786","2","582",10,Credit Card,2025-12-21
"10008175","85618","1441","12","422",5,Points,2025-09-09
"10008176","101486","2264","7","255",6,Credit Card,2025-01-19
"10008177","146045","1731","12","496",14,Credit Card,2025-11-23
"10008178","62932","2419","7","462",15,Points,2025-05-03
"10008179","126920","2093","11","335",14,Credit Card,2025-01-30
"10008180","60730","1318","16","430",18,Credit Card,2025-12-25
"10008181","58627","1292","16","294",8,Digital Wallet,2025-02-03
"10008182","136830","2868","3","556",12,Credit Card,2025-02-24
"10008183","118736","1899","20","381",7,Credit Card,2025-09-27
"10008184","61748","1350","5","426",18,Digital Wallet,2025-09-11
"10008185","111471","1722","11","578",17,Cash,2025-01-20
"10008186","83375","1547","10","483",17,Points,2025-03-02
"10008187","77663","2492","1","531",19,Credit Card,2025-06-03
"10008188","123831","1587","13","569",3,Digital Wallet,2025-10-21
"10008189","121997","1670","20","380",20,Points,2025-06-19
"10008190","81327","1479","12","275",11,Points,2025-01-25
"10008191","96156","2579","17","390",18,Points,2025-04-21
"10008192","133721","1407","17","591",19,Cash,2025-10-02
"10008193","143555","2166","11","505",10,Cash,2025-07-31
"10008194","115579","1606","19","601",5,Credit Card,2025-02-08
"10008195","122629","2719","18","493",4,Cash,2025-10-19
"10008196","148831","2791","12","687",19,Credit Card,2025-09-08
"10008197","67018","2429","5","451",15,Cash,2025-08-27
"10008198","76620","1792","1","485",17,Points,2025-08-25
"10008199","68136","1664","18","249",5,Credit Card,2025-01-12
"10008200","124801","1388","20","280",19,Credit Card,2025-12-28
"10008201","111349","2201","20","644",3,Digital Wallet,2025-09-21
"10008202","58189","1252","10","530",20,Points,2025-04-23
"10008203","71257","2820","5","399",2,Credit Card,2025-08-06
"10008204","112928","1742","19","267",13,Cash,2025-04-07
"10008205","144013","2007","11","517",2,Credit Card,2025-08-01
"10008206","73783","2854","4","698",2,Digital Wallet,2025-08-31
"10008207","104512","1474","3","246",8,Digital Wallet,2025-10-15
"10008208","104675","2192","14","283",3,Cash,2025-07-21
"10008209","56719","1751","11","326",6,Digital Wallet,2025-05-19
"10008210","144366","2255","10","356",19,Credit Card,2025-02-19
"10008211","94822","2834","15","261",18,Digital Wallet,2025-08-30
"10008212","67249","1925","16","445",18,Cash,2025-08-27
"10008213","63614","1043","9","444",6,Credit Card,2025-01-10
"10008214","128440","1320","13","241",6,Credit Card,2025-11-27
"10008215","88460","2044","7","291",17,Cash,2025-06-26
"10008216","63720","1290","19","349",8,Digital Wallet,2025-09-09
"10008217","68786","1406","8","444",12,Digital Wallet,2025-12-29
"10008218","102569","1620","4","204",17,Cash,2025-01-20
"10008219","50792","1161","12","395",12,Points,2025-03-02
"10008220","73274","2951","4","662",11,Points,2025-09-04
"10008221","119997","2478","16","278",5,Points,2025-02-22
"10008222","72878","1250","7","261",17,Cash,2025-06-11
"10008223","135888","1478","4","373",4,Digital Wallet,2025-01-12
"10008224","68491","2193","12","616",1,Cash,2025-12-20
"10008225","113743","1513","15","272",17,Credit Card,2025-03-11
"10008226","72486","2500","1","220",16,Cash,2025-07-05
"10008227","101917","1934","9","658",12,Digital Wallet,2025-01-18
"10008228","107587","1033","19","409",2,Cash,2025-11-13
"10008229","107992","1301","11","549",17,Digital Wallet,2025-04-06
"10008230","77616","2684","3","692",13,Digital Wallet,2025-01-26
"10008231","122875","1577","5","532",3,Digital Wallet,2025-07-11
"10008232","59428","1962","12","438",19,Digital Wallet,2025-07-06
"10008233","134001","1562","12","598",6,Credit Card,2025-01-09
"10008234","133615","2734","16","578",12,Cash,2025-09-26
"10008235","123376","1828","14","286",14,Credit Card,2025-08-16
"10008236","121610","1055","4","269",20,Cash,2025-11-17
"10008237","134763","1377","9","619",1,Points,2025-05-10
"10008238","94673","2775","3","247",10,Points,2025-02-04
"10008239","65738","1251","16","566",4,Credit Card,2025-03-06
"10008240","146250","1532","7","324",12,Credit Card,2025-05-19
"10008241","87395","1435","5","381",20,Points,2025-12-07
"10008242","130486","2826","4","583",17,Credit Card,2025-08-19
"10008243","71379","1341","14","449",1,Digital Wallet,2025-01-06
"10008244","83480","2557","20","268",8,Credit Card,2025-03-03
"10008245","104157","2853","2","324",19,Points,2025-01-19
"10008246","80825","1242","15","377",6,Digital Wallet,2025-02-01
"10008247","74254","1385","1","646",1,Credit Card,2025-07-08
"10008248","100401","2507","11","662",3,Credit Card,2025-06-02
"10008249","65901","1583","6","367",9,Credit Card,2025-12-01
"10008250","69402","1577","16","520",5,Digital Wallet,2025-06-03
"10008251","139517","1365","2","498",10,Points,2025-02-01
"10008252","104980","2310","1","328",8,Credit Card,2025-12-14
"10008253","100101","2412","4","327",17,Credit Card,2025-07-06
"10008254","95862","2668","3","394",4,Digital Wallet,2025-12-28
"10008255","122313","2526","8","487",14,Cash,2025-04-05
"10008256","111405","1070","17","251",7,Cash,2025-07-11
"10008257","141267","2224","20","298",17,Credit Card,2025-10-22
"10008258","80570","2672","11","508",4,Points,2025-10-31
"10008259","51578","2730","10","672",7,Credit Card,2025-01-20
"10008260","58511","1764","8","600",19,Points,2025-05-26
"10008261","84992","1837","2","282",13,Points,2025-07-11
"10008262","50478","1031","2","546",4,Digital Wallet,2025-08-01
"10008263","89122","2306","11","225",11,Credit Card,2025-07-28
"10008264","110520","2550","20","268",16,Digital Wallet,2025-03-31
"10008265","134119","2149","5","201",5,Cash,2025-12-19
"10008266","88373","1056","14","581",7,Cash,2025-05-13
"10008267","88443","1183","20","277",4,Credit Card,2025-05-24
"10008268","134055","1102","10","321",11,Credit Card,2025-09-19
"10008269","61099","2713","8","339",9,Digital Wallet,2025-09-08
"10008270","115576","2691","16","352",19,Points,2025-03-22
"10008271","120314","2344","13","407",3,Points,2025-12-28
"10008272","77579","2428","12","560",13,Points,2025-04-01
"10008273","124771","1702","4","580",9,Points,2025-03-12
"10008274","112819","1982","11","439",12,Points,2025-10-13
"10008275","57931","1732","20","251",8,Points,2025-09-30
"10008276","148245","2658","14","408",17,Credit Card,2025-08-22
"10008277","107491","2482","14","652",20,Credit Card,2025-08-02
"10008278","114645","1822","6","622",19,Cash,2025-02-17
"10008279","112596","2089","16","474",15,Credit Card,2025-03-28
"10008280","142158","1254","3","568",8,Points,2025-03-21
"10008281","96422","1565","8","466",9,Digital Wallet,2025-03-26
"10008282","92430","1413","10","243",13,Points,2025-06-27
"10008283","76937","1742","18","611",11,Cash,2025-05-05
"10008284","74499","1625","2","285",17,Points,2025-08-08
"10008285","118270","1182","2","463",19,Digital Wallet,2025-06-12
"10008286","78684","2102","19","393",9,Cash,2025-06-29
"10008287","76079","1952","14","278",12,Digital Wallet,2025-12-30
"10008288","88584","2151","15","554",9,Digital Wallet,2025-12-22
"10008289","104665","2449","2","244",2,Digital Wallet,2025-05-30
"10008290","83091","2959","3","303",13,Cash,2025-04-17
"10008291","118047","1611","8","301",12,Points,2025-11-11
"10008292","64153","1307","1","369",20,Points,2025-11-18
"10008293","117760","1303","1","612",9,Points,2025-09-24
"10008294","137556","2462","11","528",8,Digital Wallet,2025-05-18
"10008295","64796","2581","13","244",19,Points,2025-07-03
"10008296","94163","2879","5","696",11,Credit Card,2025-10-06
"10008297","114153","1251","13","438",10,Cash,2025-09-18
"10008298","135450","1120","14","623",17,Points,2025-09-05
"10008299","87606","1168","11","558",19,Digital Wallet,2025-09-28
"10008300","76489","1839","16","334",14,Digital Wallet,2025-08-26
"10008301","149026","1059","1","215",17,Points,2025-03-11
"10008302","126327","2192","4","273",2,Cash,2025-07-02
"10008303","91922","2944","11","218",17,Credit Card,2025-07-09
"10008304","98947","1570","8","348",6,Points,2025-12-14
"10008305","128586","2595","5","580",15,Digital Wallet,2025-04-14
"10008306","104124","2714","13","379",10,Cash,2025-02-11
"10008307","126200","1915","12","465",5,Cash,2025-04-08
"10008308","149138","2473","7","481",2,Cash,2025-01-09
"10008309","102352","2544","18","253",16,Digital Wallet,2025-09-14
"10008310","62982","2658","4","264",19,Points,2025-11-02
"10008311","85173","1698","18","483",11,Cash,2025-02-27
"10008312","65144","1634","17","213",6,Cash,2025-02-20
"10008313","100126","1817","3","638",11,Points,2025-10-19
"10008314","87338","1820","13","361",16,Credit Card,2025-12-04
"10008315","69734","2841","13","504",14,Credit Card,2025-06-22
"10008316","59247","1920","7","449",3,Points,2025-12-19
"10008317","133172","2033","3","283",2,Digital Wallet,2025-01-06
"10008318","108711","2526","4","334",1,Credit Card,2025-10-14
"10008319","119174","2623","13","240",6,Cash,2025-10-21
"10008320","89972","2004","20","315",11,Credit Card,2025-04-01
"10008321","101991","1437","19","585",17,Points,2025-03-10
"10008322","73623","1169","14","259",20,Points,2025-09-14
"10008323","85969","1470","15","552",11,Credit Card,2025-09-04
"10008324","117796","2635","2","480",8,Cash,2025-08-19
"10008325","125034","1201","5","221",15,Points,2025-02-06
"10008326","88993","1060","18","640",3,Points,2025-03-06
"10008327","77798","2642","19","542",17,Digital Wallet,2025-05-28
"10008328","106970","2444","6","261",2,Cash,2025-08-11
"10008329","120819","1692","13","624",17,Cash,2025-10-23
"10008330","144969","2051","17","344",17,Points,2025-09-20
"10008331","143671","1619","1","393",5,Cash,2025-02-02
"10008332","91203","2070","4","449",2,Cash,2025-12-18
"10008333","92044","1281","11","609",5,Digital Wallet,2025-02-20
"10008334","72521","2402","6","357",16,Points,2025-10-23
"10008335","103410","2947","8","671",17,Digital Wallet,2025-11-06
"10008336","50489","2682","14","399",12,Credit Card,2025-02-28
"10008337","147818","2896","18","631",3,Cash,2025-06-14
"10008338","51986","2514","11","500",18,Points,2025-03-28
"10008339","50900","2560","1","253",8,Points,2025-08-27
"10008340","127137","2497","19","255",17,Credit Card,2025-06-19
"10008341","117513","2498","7","526",1,Digital Wallet,2025-12-04
"10008342","112507","1704","18","665",12,Digital Wallet,2025-01-14
"10008343","51197","2962","17","501",17,Digital Wallet,2025-04-30
"10008344","138503","2044","13","681",14,Digital Wallet,2025-08-16
"10008345","55266","1740","2","426",13,Cash,2025-08-10
"10008346","74631","2726","17","653",18,Points,2025-12-08
"10008347","97448","2423","10","475",7,Points,2025-03-27
"10008348","53808","2478","12","298",20,Digital Wallet,2025-05-02
"10008349","131303","1210","18","452",13,Points,2025-03-17
"10008350","70085","2920","7","502",3,Cash,2025-07-12
"10008351","68129","2114","5","559",6,Credit Card,2025-09-10
"10008352","102574","2937","14","340",10,Points,2025-11-04
"10008353","134261","2867","17","424",17,Cash,2025-05-03
"10008354","109244","2754","3","456",16,Cash,2025-05-09
"10008355","103659","2719","20","446",14,Credit Card,2025-08-09
"10008356","127533","1201","8","403",2,Digital Wallet,2025-04-27
"10008357","114347","1160","16","693",17,Credit Card,2025-02-04
"10008358","141548","2012","15","207",18,Digital Wallet,2025-11-24
"10008359","105351","1039","6","245",9,Credit Card,2025-05-22
"10008360","110182","1866","8","426",12,Credit Card,2025-12-11
"10008361","68936","2007","17","586",6,Cash,2025-01-28
"10008362","69246","2355","1","360",6,Digital Wallet,2025-09-15
"10008363","129888","1458","14","407",7,Digital Wallet,2025-06-22
"10008364","132787","1689","14","539",12,Digital Wallet,2025-12-11
"10008365","83179","2348","14","315",11,Credit Card,2025-04-03
"10008366","143198","2392","1","620",15,Digital Wallet,2025-08-16
"10008367","136317","1476","5","639",4,Digital Wallet,2025-10-10
"10008368","76646","2693","20","235",19,Credit Card,2025-03-26
"10008369","127491","2210","6","603",12,Digital Wallet,2025-04-28
"10008370","81053","2911","6","557",19,Cash,2025-11-28
"10008371","61769","2627","12","319",3,Points,2025-11-10
"10008372","95913","1796","6","671",14,Digital Wallet,2025-03-29
"10008373","140506","1554","13","573",15,Credit Card,2025-11-21
"10008374","100121","1764","17","442",4,Points,2025-04-03
"10008375","73058","1553","17","513",9,Credit Card,2025-03-16
"10008376","119082","1552","6","699",20,Credit Card,2025-03-15
"10008377","82370","2783","16","429",16,Points,2025-08-21
"10008378","75883","1276","4","543",5,Cash,2025-05-03
"10008379","93147","2955","13","241",10,Cash,2025-02-06
"10008380","57810","2126","20","644",2,Points,2025-10-01
"10008381","100501","2691","5","573",13,Credit Card,2025-12-03
"10008382","93417","1414","6","467",13,Points,2025-11-01
"10008383","90570","1202","9","687",2,Cash,2025-07-09
"10008384","145275","2558","7","300",14,Points,2025-06-06
"10008385","52064","2392","10","534",20,Cash,2025-12-22
"10008386","52229","1605","18","253",19,Credit Card,2025-08-19
"10008387","60209","2031","14","550",14,Cash,2025-03-28
"10008388","117762","2911","1","430",15,Points,2025-10-16
"10008389","85508","2989","17","245",18,Credit Card,2025-01-21
"10008390","99476","1985","1","620",11,Digital Wallet,2025-03-04
"10008391","140855","1796","8","588",6,Points,2025-01-12
"10008392","122271","1818","20","290",2,Digital Wallet,2025-04-04
"10008393","99899","2938","4","335",20,Points,2025-10-14
"10008394","104580","2931","2","237",1,Cash,2025-08-03
"10008395","74924","1634","16","402",12,Credit Card,2025-05-21
"10008396","55008","1906","14","275",18,Digital Wallet,2025-10-17
"10008397","117288","1578","5","617",4,Cash,2025-08-20
"10008398","148362","2007","10","693",13,Cash,2025-03-19
"10008399","65718","1602","2","325",13,Points,2025-03-04
"10008400","102509","2477","16","457",19,Points,2025-08-15
"10008401","136264","2653","2","233",2,Digital Wallet,2025-11-23
"10008402","90107","1834","10","454",6,Cash,2025-03-22
"10008403","140258","2183","1","290",5,Points,2025-12-28
"10008404","95654","2051","13","354",16,Digital Wallet,2025-06-10
"10008405","125203","2717","14","666",1,Credit Card,2025-01-23
"10008406","88388","1220","13","261",7,Cash,2025-03-19
"10008407","136184","2914","4","369",11,Cash,2025-05-10
"10008408","133968","2958","19","451",19,Points,2025-12-29
"10008409","67659","1128","17","601",1,Credit Card,2025-12-07
"10008410","62022","2044","8","401",4,Digital Wallet,2025-11-22
"10008411","124850","1912","16","482",18,Cash,2025-12-11
"10008412","118622","1491","1","212",11,Credit Card,2025-03-27
"10008413","116078","2682","13","569",5,Cash,2025-11-12
"10008414","50501","1673","16","225",14,Digital Wallet,2025-12-14
"10008415","65872","1328","18","597",20,Credit Card,2025-07-10
"10008416","65436","2104","16","490",9,Points,2025-01-30
"10008417","131092","1258","9","367",7,Digital Wallet,2025-04-02
"10008418","143820","2511","8","666",8,Cash,2025-04-18
"10008419","86169","1413","16","417",2,Credit Card,2025-08-20
"10008420","99140","2572","10","474",9,Digital Wallet,2025-03-03
"10008421","121292","1372","11","505",9,Points,2025-12-05
"10008422","53011","1141","9","410",9,Credit Card,2025-10-12
"10008423","86662","1772","5","418",14,Digital Wallet,2025-11-15
"10008424","83717","2853","2","216",9,Digital Wallet,2025-06-02
"10008425","87503","1426","5","276",16,Digital Wallet,2025-03-01
"10008426","112692","1938","12","422",20,Digital Wallet,2025-05-06
"10008427","119873","1527","19","302",14,Digital Wallet,2025-07-18
"10008428","114425","2507","18","451",14,Points,2025-06-19
"10008429","74703","1070","18","363",9,Points,2025-05-03
"10008430","58811","1755","4","577",18,Points,2025-09-16
"10008431","116198","2987","20","281",11,Digital Wallet,2025-04-11
"10008432","59122","1244","12","269",18,Credit Card,2025-01-03
"10008433","56531","1434","20","357",20,Cash,2025-06-16
"10008434","128270","2688","8","515",13,Points,2025-04-04
"10008435","101495","2867","17","455",5,Credit Card,2025-07-25
"10008436","99073","2099","10","635",2,Digital Wallet,2025-02-28
"10008437","127517","1172","20","676",8,Cash,2025-05-28
"10008438","72297","1131","2","538",14,Cash,2025-07-30
"10008439","102446","2847","20","492",1,Points,2025-08-22
"10008440","111227","1910","5","423",7,Cash,2025-05-03
"10008441","80751","2115","6","647",20,Credit Card,2025-02-02
"10008442","64659","2044","20","361",16,Cash,2025-09-03
"10008443","71134","2747","5","497",6,Cash,2025-02-07
"10008444","144716","2249","10","256",4,Points,2025-05-03
"10008445","128645","1122","12","346",4,Cash,2025-02-07
"10008446","130422","1594","1","582",3,Credit Card,2025-05-23
"10008447","140246","2277","16","548",4,Credit Card,2025-07-16
"10008448","135579","1400","2","312",11,Digital Wallet,2025-04-15
"10008449","67112","2551","4","394",9,Cash,2025-11-13
"10008450","88099","1673","1","523",17,Cash,2025-08-18
"10008451","95860","1276","2","411",9,Cash,2025-08-23
"10008452","139865","1640","9","594",2,Cash,2025-11-02
"10008453","104767","2882","14","325",20,Cash,2025-07-15
"10008454","139199","1788","12","308",2,Credit Card,2025-01-30
"10008455","99968","2658","14","524",15,Credit Card,2025-10-07
"10008456","56108","2841","14","347",20,Points,2025-04-27
"10008457","83978","1659","11","658",18,Credit Card,2025-02-19
"10008458","72973","1591","15","649",13,Digital Wallet,2025-06-16
"10008459","52209","1710","6","209",18,Points,2025-04-27
"10008460","64974","1706","12","288",18,Digital Wallet,2025-03-21
"10008461","57627","2506","5","291",12,Credit Card,2025-01-18
"10008462","137407","1213","17","224",18,Digital Wallet,2025-06-12
"10008463","141243","2779","2","677",15,Digital Wallet,2025-08-23
"10008464","50742","2587","13","632",6,Cash,2025-02-21
"10008465","55675","2967","15","310",20,Credit Card,2025-12-24
"10008466","101954","1175","1","359",18,Credit Card,2025-05-12
"10008467","62519","2338","3","506",16,Cash,2025-12-16
"10008468","136826","1151","20","286",20,Digital Wallet,2025-02-07
"10008469","90122","1570","11","526",9,Digital Wallet,2025-12-08
"10008470","50955","1634","19","434",2,Cash,2025-03-22
"10008471","58333","2745","6","397",2,Digital Wallet,2025-07-31
"10008472","105907","1790","20","356",15,Digital Wallet,2025-05-10
"10008473","63040","2049","3","677",6,Digital Wallet,2025-07-09
"10008474","76262","1718","6","593",3,Points,2025-03-06
"10008475","52082","1012","14","208",19,Cash,2025-09-14
"10008476","143432","2671","1","340",8,Cash,2025-01-07
"10008477","55957","1514","6","492",12,Cash,2025-11-24
"10008478","113595","2205","15","385",11,Digital Wallet,2025-12-01
"10008479","139391","2939","7","284",13,Credit Card,2025-07-31
"10008480","66407","2346","6","462",9,Digital Wallet,2025-09-29
"10008481","76902","2410","20","696",18,Points,2025-10-15
"10008482","113631","1160","5","619",15,Digital Wallet,2025-08-04
"10008483","117278","2723","17","406",5,Cash,2025-10-15
"10008484","109373","2070","10","274",8,Cash,2025-03-29
"10008485","106878","1427","13","377",16,Digital Wallet,2025-06-24
"10008486","64500","2628","6","452",16,Cash,2025-01-21
"10008487","72641","2190","2","458",8,Credit Card,2025-05-16
"10008488","147527","1670","9","340",3,Cash,2025-09-16
"10008489","106354","2727","5","626",9,Credit Card,2025-12-08
"10008490","68487","1828","10","538",3,Credit Card,2025-07-08
"10008491","144303","2446","13","270",5,Cash,2025-06-27
"10008492","76768","1765","7","264",10,Cash,2025-04-21
"10008493","122087","2854","3","289",19,Credit Card,2025-10-11
"10008494","56644","1427","8","375",12,Credit Card,2025-04-13
"10008495","112123","1927","15","693",15,Points,2025-09-03
"10008496","132453","1903","4","359",7,Credit Card,2025-09-02
"10008497","132593","1009","19","667",8,Points,2025-03-25
"10008498","122531","2049","11","325",20,Cash,2025-09-20
"10008499","90902","2824","10","653",5,Digital Wallet,2025-09-13
"10008500","140879","1576","15","442",2,Cash,2025-01-09
"10008501","84604","1370","18","373",8,Digital Wallet,2025-08-03
"10008502","145058","2310","18","595",3,Cash,2025-04-24
"10008503","71241","1797","12","351",18,Credit Card,2025-10-22
"10008504","121300","1644","12","559",12,Cash,2025-08-22
"10008505","138607","1452","1","666",19,Digital Wallet,2025-05-13
"10008506","97737","1499","19","491",20,Cash,2025-08-10
"10008507","124094","2196","5","489",9,Points,2025-01-25
"10008508","81911","1290","10","631",4,Credit Card,2025-08-16
"10008509","94037","2940","19","345",10,Points,2025-04-28
"10008510","80946","1607","11","571",15,Credit Card,2025-08-16
"10008511","95977","2620","6","351",19,Cash,2025-03-30
"10008512","119854","2634","12","585",17,Credit Card,2025-04-13
"10008513","74587","2090","4","580",8,Points,2025-11-02
"10008514","116678","1332","18","586",9,Digital Wallet,2025-09-21
"10008515","93344","1559","11","529",9,Digital Wallet,2025-10-09
"10008516","67585","2442","11","493",7,Points,2025-01-27
"10008517","91719","2695","1","380",3,Credit Card,2025-02-23
"10008518","126394","1781","1","491",17,Credit Card,2025-09-24
"10008519","134866","2688","1","412",9,Digital Wallet,2025-07-12
"10008520","97087","2989","9","236",19,Points,2025-05-07
"10008521","62055","1520","19","585",8,Points,2025-11-04
"10008522","126554","2774","15","335",3,Digital Wallet,2025-11-14
"10008523","61168","1233","7","645",17,Points,2025-06-10
"10008524","149245","2130","16","653",17,Digital Wallet,2025-11-15
"10008525","97568","2170","4","292",20,Points,2025-03-16
"10008526","75272","2709","16","457",11,Digital Wallet,2025-02-26
"10008527","101552","2727","10","354",17,Credit Card,2025-12-17
"10008528","113568","2263","7","607",9,Credit Card,2025-10-06
"10008529","132759","1991","2","359",16,Digital Wallet,2025-04-07
"10008530","75530","2868","20","665",20,Digital Wallet,2025-06-11
"10008531","117484","2671","1","237",14,Credit Card,2025-04-29
"10008532","55308","2997","3","278",14,Digital Wallet,2025-10-09
"10008533","97487","1711","18","419",15,Digital Wallet,2025-05-01
"10008534","94340","1876","13","384",12,Points,2025-04-03
"10008535","125851","1220","11","218",20,Points,2025-08-14
"10008536","54922","1750","17","267",19,Credit Card,2025-06-14
"10008537","136670","1917","18","348",16,Credit Card,2025-08-19
"10008538","50104","1222","17","471",19,Digital Wallet,2025-10-05
"10008539","90027","1834","11","241",9,Points,2025-01-15
"10008540","113042","2538","1","612",8,Digital Wallet,2025-04-17
"10008541","130165","1356","2","215",9,Points,2025-09-02
"10008542","90517","1714","2","220",13,Digital Wallet,2025-09-29
"10008543","86205","1241","3","411",18,Points,2025-10-26
"10008544","99302","1863","4","604",18,Credit Card,2025-04-05
"10008545","100139","1509","19","580",14,Points,2025-09-22
"10008546","77592","2962","9","530",19,Digital Wallet,2025-12-28
"10008547","132039","1189","14","472",4,Cash,2025-08-04
"10008548","105338","2563","6","222",3,Points,2025-01-02
"10008549","60753","1609","14","366",12,Cash,2025-09-21
"10008550","64342","1798","19","634",7,Credit Card,2025-07-13
"10008551","108116","2358","13","518",4,Cash,2025-01-08
"10008552","141222","1674","17","369",16,Digital Wallet,2025-03-24
"10008553","57137","2345","13","532",20,Digital Wallet,2025-06-09
"10008554","56697","1438","9","343",11,Credit Card,2025-05-19
"10008555","143031","2160","3","373",12,Points,2025-06-26
"10008556","52285","2541","3","224",16,Points,2025-11-12
"10008557","121738","2032","7","358",3,Cash,2025-10-09
"10008558","92084","2904","3","408",8,Points,2025-09-20
"10008559","63497","2219","15","478",11,Points,2025-10-29
"10008560","138812","2821","18","229",5,Digital Wallet,2025-02-27
"10008561","120705","2964","1","419",11,Credit Card,2025-12-21
"10008562","68065","1379","15","491",17,Digital Wallet,2025-08-07
"10008563","83768","2769","7","549",16,Digital Wallet,2025-01-11
"10008564","63411","2021","11","213",16,Cash,2025-06-26
"10008565","118632","1695","19","611",5,Points,2025-08-12
"10008566","134754","2847","10","255",11,Cash,2025-07-29
"10008567","107869","1516","9","354",4,Points,2025-07-13
"10008568","111515","1154","19","385",9,Credit Card,2025-06-23
"10008569","100398","2935","19","556",12,Digital Wallet,2025-09-23
"10008570","69842","2196","14","448",2,Digital Wallet,2025-09-28
"10008571","52322","1296","16","657",6,Digital Wallet,2025-10-08
"10008572","68282","2622","18","356",8,Credit Card,2025-12-03
"10008573","107083","2379","20","619",11,Cash,2025-05-27
"10008574","120114","1703","14","343",8,Points,2025-11-28
"10008575","120668","2369","7","666",13,Credit Card,2025-07-04
"10008576","95192","2999","17","337",18,Credit Card,2025-01-15
"10008577","99446","1585","1","426",8,Digital Wallet,2025-11-07
"10008578","97099","1789","5","247",18,Credit Card,2025-06-30
"10008579","133985","1732","7","512",15,Credit Card,2025-02-07
"10008580","73429","2807","9","230",16,Digital Wallet,2025-11-16
"10008581","101672","2588","16","328",18,Digital Wallet,2025-10-01
"10008582","114055","1152","7","415",3,Points,2025-03-02
"10008583","145912","1483","9","354",8,Cash,2025-01-12
"10008584","55415","1570","10","450",5,Cash,2025-05-29
"10008585","80768","1794","1","483",8,Credit Card,2025-08-06
"10008586","107538","1536","12","230",4,Credit Card,2025-03-23
"10008587","77849","1216","10","545",8,Cash,2025-10-19
"10008588","77589","2488","2","557",12,Points,2025-09-17
"10008589","58859","1498","18","517",5,Cash,2025-08-22
"10008590","54462","1259","10","511",3,Cash,2025-04-25
"10008591","84498","1901","6","519",8,Points,2025-06-13
"10008592","73278","1725","9","507",16,Cash,2025-02-19
"10008593","101609","1010","2","546",14,Points,2025-08-10
"10008594","99532","2631","16","494",17,Digital Wallet,2025-09-02
"10008595","125667","2440","15","251",14,Digital Wallet,2025-10-06
"10008596","149176","1275","18","528",12,Cash,2025-08-08
"10008597","85076","2167","1","332",15,Digital Wallet,2025-12-19
"10008598","73875","2192","7","388",18,Credit Card,2025-12-21
"10008599","97748","1786","10","686",13,Digital Wallet,2025-01-26
"10008600","146837","1967","18","602",14,Points,2025-05-10
"10008601","122606","1361","3","472",3,Credit Card,2025-10-30
"10008602","74491","1691","15","669",7,Points,2025-07-05
"10008603","126644","1220","19","204",17,Cash,2025-10-18
"10008604","70938","2656","4","666",2,Credit Card,2025-03-11
"10008605","109336","2817","7","379",10,Digital Wallet,2025-12-21
"10008606","104393","2563","20","446",2,Digital Wallet,2025-07-01
"10008607","80494","1270","2","316",3,Points,2025-10-26
"10008608","80112","2474","13","626",6,Cash,2025-09-26
"10008609","117231","1592","3","525",3,Points,2025-07-10
"10008610","93625","1619","7","557",12,Cash,2025-09-06
"10008611","87707","1663","15","534",4,Points,2025-08-22
"10008612","131215","1860","12","267",11,Credit Card,2025-06-12
"10008613","125694","1138","18","532",8,Credit Card,2025-12-27
"10008614","89278","2957","7","646",13,Points,2025-07-11
"10008615","134804","2227","4","307",18,Credit Card,2025-04-10
"10008616","72348","2522","3","445",14,Digital Wallet,2025-01-23
"10008617","109565","2652","15","403",15,Credit Card,2025-06-14
"10008618","114699","1039","8","610",6,Points,2025-04-21
"10008619","138746","1016","17","544",15,Cash,2025-09-06
"10008620","70016","1583","7","500",10,Points,2025-02-12
"10008621","148405","1313","16","578",15,Credit Card,2025-11-07
"10008622","133853","2185","7","603",3,Cash,2025-12-18
"10008623","123365","2723","16","658",14,Digital Wallet,2025-11-28
"10008624","119346","1647","14","498",8,Digital Wallet,2025-06-11
"10008625","141820","1976","16","218",15,Digital Wallet,2025-03-25
"10008626","110582","1648","6","298",4,Credit Card,2025-12-25
"10008627","149732","2348","8","524",7,Cash,2025-05-01
"10008628","129947","1078","12","211",20,Credit Card,2025-10-16
"10008629","65187","1071","13","605",7,Digital Wallet,2025-02-23
"10008630","105490","1515","12","377",8,Digital Wallet,2025-03-17
"10008631","95570","1586","5","601",12,Points,2025-05-12
"10008632","77273","2075","19","258",19,Digital Wallet,2025-01-06
"10008633","50710","2744","3","436",12,Digital Wallet,2025-11-29
"10008634","52210","2029","17","304",4,Cash,2025-06-16
"10008635","88174","1375","20","279",5,Points,2025-05-30
"10008636","56547","1399","20","340",19,Credit Card,2025-12-20
"10008637","149724","2935","3","448",12,Credit Card,2025-01-23
"10008638","103383","2687","2","256",9,Points,2025-09-08
"10008639","73520","1712","5","594",13,Points,2025-06-08
"10008640","73051","2111","9","552",6,Cash,2025-09-03
"10008641","95759","1681","18","531",15,Digital Wallet,2025-09-19
"10008642","52331","1451","16","626",20,Digital Wallet,2025-06-11
"10008643","99532","1784","4","387",8,Credit Card,2025-09-06
"10008644","79545","2181","14","212",2,Cash,2025-04-28
"10008645","126458","1359","6","382",2,Credit Card,2025-08-16
"10008646","136866","1804","4","607",7,Credit Card,2025-08-11
"10008647","116257","1071","13","298",10,Credit Card,2025-10-22
"10008648","149468","1382","7","424",13,Cash,2025-08-26
"10008649","62435","1676","6","535",16,Points,2025-06-06
"10008650","59996","1493","2","605",20,Cash,2025-09-05
"10008651","86357","2799","2","653",4,Points,2025-01-11
"10008652","147525","1634","3","280",13,Credit Card,2025-10-19
"10008653","85592","2815","14","334",18,Digital Wallet,2025-03-18
"10008654","56717","2540","16","488",9,Points,2025-06-20
"10008655","69158","1514","5","217",16,Credit Card,2025-01-15
"10008656","73235","1686","14","608",6,Digital Wallet,2025-05-31
"10008657","102125","2977","1","502",12,Credit Card,2025-04-15
"10008658","108531","2980","5","355",16,Points,2025-12-27
"10008659","142753","2913","1","213",2,Points,2025-03-15
"10008660","137322","1210","3","447",13,Digital Wallet,2025-08-16
"10008661","80980","1367","2","324",13,Cash,2025-07-01
"10008662","101123","1922","16","470",19,Cash,2025-12-14
"10008663","146957","1064","9","535",19,Cash,2025-07-15
"10008664","94977","2709","15","462",13,Digital Wallet,2025-01-10
"10008665","126534","2999","9","372",4,Points,2025-02-18
"10008666","132824","1204","9","669",3,Digital Wallet,2025-10-13
"10008667","66529","2681","1","216",4,Digital Wallet,2025-12-17
"10008668","60727","1105","9","604",12,Digital Wallet,2025-04-29
"10008669","129363","1538","7","298",13,Points,2025-12-21
"10008670","53210","2477","19","230",4,Digital Wallet,2025-05-21
"10008671","60383","1795","13","519",11,Credit Card,2025-06-17
"10008672","108295","1678","2","458",12,Cash,2025-03-24
"10008673","89002","2913","1","528",1,Credit Card,2025-07-26
"10008674","120096","1223","5","426",5,Digital Wallet,2025-10-09
"10008675","72881","1803","16","254",5,Credit Card,2025-08-02
"10008676","93333","1931","20","310",15,Cash,2025-08-19
"10008677","110983","1607","8","351",13,Credit Card,2025-12-18
"10008678","116553","2654","1","318",6,Credit Card,2025-01-30
"10008679","52949","2790","5","589",15,Digital Wallet,2025-08-13
"10008680","131042","2925","16","489",2,Digital Wallet,2025-01-31
"10008681","72674","1013","17","535",13,Digital Wallet,2025-09-03
"10008682","116626","1473","15","607",11,Cash,2025-06-23
"10008683","90943","1063","14","627",17,Points,2025-01-09
"10008684","118751","1979","2","591",16,Digital Wallet,2025-05-16
"10008685","114677","1371","10","419",17,Digital Wallet,2025-10-30
"10008686","116098","1565","19","336",20,Points,2025-02-19
"10008687","112119","2803","5","484",19,Digital Wallet,2025-11-29
"10008688","142286","1677","18","449",2,Cash,2025-05-04
"10008689","139483","1924","14","581",7,Points,2025-12-22
"10008690","94044","1503","3","373",12,Credit Card,2025-01-24
"10008691","78540","1176","14","216",9,Digital Wallet,2025-01-29
"10008692","117694","2590","19","393",14,Credit Card,2025-08-05
"10008693","134338","2344","18","693",8,Digital Wallet,2025-01-19
"10008694","83559","1547","9","227",2,Digital Wallet,2025-05-03
"10008695","122479","1197","9","656",12,Points,2025-09-23
"10008696","94786","2414","2","289",1,Cash,2025-08-07
"10008697","76020","2700","20","543",18,Points,2025-04-22
"10008698","139401","2761","8","324",11,Cash,2025-01-02
"10008699","82709","1075","1","584",12,Digital Wallet,2025-11-23
"10008700","105975","2882","7","578",4,Credit Card,2025-12-25
"10008701","131833","1858","9","667",14,Credit Card,2025-01-24
"10008702","127053","2978","3","590",1,Points,2025-07-19
"10008703","122066","2236","13","322",13,Points,2025-05-24
"10008704","146032","1980","15","224",6,Points,2025-07-22
"10008705","75958","1578","20","679",14,Credit Card,2025-03-30
"10008706","71678","2859","3","694",19,Digital Wallet,2025-12-02
"10008707","87920","1790","1","438",12,Cash,2025-10-23
"10008708","97677","1262","2","650",20,Credit Card,2025-10-27
"10008709","50339","2517","7","636",3,Points,2025-10-16
"10008710","91809","1756","19","516",11,Digital Wallet,2025-10-30
"10008711","109254","2468","18","323",1,Cash,2025-01-06
"10008712","147264","2904","8","336",16,Cash,2025-10-30
"10008713","115118","2700","14","231",4,Credit Card,2025-08-17
"10008714","145610","2635","14","267",19,Credit Card,2025-12-15
"10008715","122222","2226","1","430",9,Cash,2025-03-10
"10008716","100012","2747","16","637",10,Credit Card,2025-05-28
"10008717","106412","1014","7","665",13,Points,2025-06-09
"10008718","129364","2475","14","204",20,Cash,2025-10-15
"10008719","69622","1566","1","326",1,Points,2025-06-20
"10008720","130579","2045","3","286",18,Cash,2025-07-06
"10008721","133546","2322","14","516",20,Credit Card,2025-04-30
"10008722","120090","1917","1","334",6,Digital Wallet,2025-10-17
"10008723","116020","1338","9","381",9,Credit Card,2025-01-25
"10008724","62908","2847","11","648",9,Points,2025-07-26
"10008725","118936","2412","12","629",13,Points,2025-07-01
"10008726","121437","1637","14","632",4,Points,2025-06-10
"10008727","67780","1505","11","420",12,Digital Wallet,2025-07-14
"10008728","128800","1416","4","573",14,Points,2025-03-02
"10008729","97914","1751","7","643",7,Points,2025-05-15
"10008730","143938","1973","16","493",17,Cash,2025-01-11
"10008731","58460","2710","15","219",12,Points,2025-08-20
"10008732","62700","2863","19","655",16,Points,2025-08-03
"10008733","124666","1937","13","437",2,Cash,2025-03-15
"10008734","136338","1374","10","441",8,Credit Card,2025-02-27
"10008735","110749","2650","6","598",19,Credit Card,2025-08-08
"10008736","120383","1591","7","675",11,Points,2025-12-14
"10008737","117396","2379","12","458",10,Credit Card,2025-03-15
"10008738","73188","1756","17","453",3,Cash,2025-07-24
"10008739","148039","1574","11","319",12,Cash,2025-10-26
"10008740","70949","1752","10","643",17,Digital Wallet,2025-08-03
"10008741","86442","1008","6","324",10,Points,2025-01-26
"10008742","96581","2199","10","304",8,Digital Wallet,2025-02-02
"10008743","141870","1253","19","505",6,Points,2025-07-13
"10008744","89537","2640","16","543",8,Digital Wallet,2025-06-12
"10008745","101131","2150","2","439",20,Points,2025-09-07
"10008746","119214","1187","7","252",1,Credit Card,2025-02-25
"10008747","50408","2305","20","348",4,Cash,2025-05-08
"10008748","60354","1712","19","380",6,Digital Wallet,2025-07-22
"10008749","87053","2964","6","519",11,Digital Wallet,2025-08-06
"10008750","117247","1703","18","600",11,Digital Wallet,2025-09-14
"10008751","61639","2612","20","240",16,Digital Wallet,2025-07-10
"10008752","55093","1452","20","589",10,Digital Wallet,2025-10-02
"10008753","78775","2442","5","484",11,Digital Wallet,2025-08-06
"10008754","87734","2862","3","371",16,Points,2025-04-01
"10008755","108900","2250","4","637",20,Cash,2025-12-01
"10008756","144796","2148","4","665",2,Points,2025-05-30
"10008757","58135","1801","8","449",6,Points,2025-10-06
"10008758","85522","1635","5","342",10,Points,2025-02-16
"10008759","68856","1231","20","316",8,Points,2025-10-21
"10008760","104798","1355","7","345",4,Cash,2025-11-08
"10008761","120572","2072","13","272",9,Digital Wallet,2025-10-09
"10008762","75860","2513","16","466",18,Points,2025-10-23
"10008763","134861","2824","11","687",2,Digital Wallet,2025-10-26
"10008764","68370","1396","13","426",9,Credit Card,2025-11-14
"10008765","146164","2321","1","513",6,Points,2025-04-03
"10008766","64875","1593","13","598",13,Cash,2025-06-04
"10008767","142614","1960","15","616",18,Credit Card,2025-01-24
"10008768","105287","2452","1","251",1,Points,2025-01-23
"10008769","57117","2733","7","227",9,Credit Card,2025-01-21
"10008770","101253","1375","12","506",6,Digital Wallet,2025-08-13
"10008771","65023","2225","15","400",2,Digital Wallet,2025-01-20
"10008772","124162","2457","9","204",2,Digital Wallet,2025-09-12
"10008773","149141","1077","9","662",6,Points,2025-01-06
"10008774","123573","1442","13","574",15,Credit Card,2025-05-05
"10008775","57854","1318","1","700",2,Digital Wallet,2025-01-07
"10008776","147951","1433","6","345",19,Points,2025-11-02
"10008777","93279","2320","15","204",13,Cash,2025-04-20
"10008778","90649","1626","6","438",1,Credit Card,2025-11-11
"10008779","85061","1402","2","338",5,Points,2025-08-14
"10008780","68855","2150","1","522",2,Points,2025-08-20
"10008781","66234","2950","4","559",6,Cash,2025-11-27
"10008782","135217","1691","8","690",18,Points,2025-07-13
"10008783","56254","1773","18","338",20,Digital Wallet,2025-10-30
"10008784","96427","2902","14","291",13,Digital Wallet,2025-03-26
"10008785","78771","1515","5","286",8,Credit Card,2025-02-09
"10008786","127292","2294","6","543",6,Digital Wallet,2025-12-09
"10008787","136927","2400","6","627",14,Points,2025-06-29
"10008788","144623","2748","8","404",10,Credit Card,2025-03-07
"10008789","95832","1456","16","506",12,Credit Card,2025-02-28
"10008790","116408","2907","7","495",3,Credit Card,2025-11-30
"10008791","95096","2561","19","256",12,Points,2025-12-28
"10008792","124352","2686","19","647",1,Cash,2025-05-05
"10008793","53772","1126","8","648",9,Digital Wallet,2025-06-13
"10008794","96921","1332","17","294",13,Points,2025-01-24
"10008795","73153","2799","4","263",18,Digital Wallet,2025-01-15
"10008796","132138","1027","12","232",8,Digital Wallet,2025-10-18
"10008797","126782","1797","6","219",19,Credit Card,2025-04-24
"10008798","132582","2448","20","486",17,Points,2025-11-29
"10008799","65942","2309","3","454",7,Digital Wallet,2025-05-30
"10008800","101419","1122","7","609",10,Digital Wallet,2025-01-03
"10008801","145558","2966","20","636",7,Credit Card,2025-07-13
"10008802","72026","2566","10","231",3,Credit Card,2025-08-27
"10008803","93812","2413","11","561",15,Credit Card,2025-02-12
"10008804","69360","2499","5","257",15,Digital Wallet,2025-09-17
"10008805","123384","1512","10","653",2,Cash,2025-10-25
"10008806","131944","1940","19","424",15,Credit Card,2025-05-05
"10008807","92000","2137","4","432",9,Digital Wallet,2025-05-09
"10008808","130964","2605","13","426",12,Credit Card,2025-07-11
"10008809","56690","2608","10","282",11,Points,2025-09-20
"10008810","51073","2531","12","569",8,Points,2025-05-28
"10008811","123576","2525","6","425",8,Cash,2025-01-11
"10008812","100433","2362","5","249",20,Digital Wallet,2025-04-02
"10008813","50189","1950","16","645",20,Points,2025-05-13
"10008814","62824","1516","9","360",13,Points,2025-06-07
"10008815","106503","1816","11","219",17,Credit Card,2025-05-06
"10008816","89071","2475","18","270",12,Digital Wallet,2025-02-04
"10008817","95550","2299","7","395",2,Points,2025-05-09
"10008818","123853","1871","20","214",13,Cash,2025-12-20
"10008819","81720","1118","11","323",14,Cash,2025-09-25
"10008820","100938","1965","11","543",14,Credit Card,2025-05-04
"10008821","110119","2516","2","410",7,Points,2025-04-04
"10008822","136984","2157","7","461",8,Credit Card,2025-12-09
"10008823","104424","1379","14","609",9,Digital Wallet,2025-04-13
"10008824","145889","2959","5","400",14,Digital Wallet,2025-02-24
"10008825","95318","2880","3","591",17,Digital Wallet,2025-05-20
"10008826","60908","2641","17","533",19,Cash,2025-02-19
"10008827","77009","2101","12","634",11,Digital Wallet,2025-04-24
"10008828","73157","2501","15","352",4,Cash,2025-01-22
"10008829","113066","1019","8","219",15,Digital Wallet,2025-06-10
"10008830","74325","2449","16","530",4,Points,2025-01-12
"10008831","115085","1745","20","615",2,Cash,2025-09-23
"10008832","72006","1584","10","524",1,Credit Card,2025-01-08
"10008833","69312","2477","5","617",7,Credit Card,2025-02-02
"10008834","71987","2518","1","266",12,Points,2025-10-15
"10008835","136004","1206","14","204",5,Cash,2025-11-06
"10008836","137049","1959","18","543",13,Digital Wallet,2025-03-19
"10008837","125231","1793","9","647",16,Credit Card,2025-07-06
"10008838","59636","2842","17","663",12,Credit Card,2025-01-10
"10008839","136477","1218","3","325",4,Cash,2025-07-01
"10008840","56956","1235","1","382",17,Credit Card,2025-04-16
"10008841","124558","2566","12","424",17,Cash,2025-03-10
"10008842","135163","1719","13","343",20,Credit Card,2025-07-12
"10008843","75235","2283","7","549",12,Cash,2025-12-19
"10008844","65805","1468","20","228",1,Credit Card,2025-08-12
"10008845","58285","2801","10","398",8,Points,2025-11-02
"10008846","51822","1290","18","223",10,Points,2025-01-04
"10008847","101612","1332","17","501",17,Points,2025-10-11
"10008848","142981","2859","13","649",8,Cash,2025-12-02
"10008849","82099","1330","5","278",18,Points,2025-08-09
"10008850","82015","1069","11","513",2,Digital Wallet,2025-04-15
"10008851","79667","2022","15","455",17,Cash,2025-10-14
"10008852","66096","2752","5","231",1,Digital Wallet,2025-09-06
"10008853","56163","2172","5","423",9,Digital Wallet,2025-05-28
"10008854","139068","1778","17","688",4,Points,2025-07-06
"10008855","130087","2912","1","456",3,Credit Card,2025-09-24
"10008856","145556","1708","4","489",18,Digital Wallet,2025-09-11
"10008857","110541","1252","4","209",16,Points,2025-05-28
"10008858","54798","1965","2","316",13,Credit Card,2025-04-04
"10008859","144274","1532","12","304",1,Digital Wallet,2025-12-12
"10008860","61421","2148","6","537",5,Points,2025-02-01
"10008861","93566","1742","10","428",10,Credit Card,2025-05-30
"10008862","86769","2298","4","249",4,Digital Wallet,2025-05-06
"10008863","101494","1617","13","482",17,Points,2025-03-01
"10008864","94874","2695","2","287",13,Digital Wallet,2025-12-07
"10008865","81268","2669","17","329",18,Cash,2025-11-28
"10008866","116161","2672","6","562",17,Digital Wallet,2025-04-22
"10008867","99112","1531","11","566",20,Cash,2025-04-20
"10008868","87656","1248","20","664",9,Points,2025-02-14
"10008869","88105","1818","9","380",10,Digital Wallet,2025-09-28
"10008870","144785","2723","5","459",11,Credit Card,2025-09-16
"10008871","68690","1856","5","424",17,Points,2025-01-06
"10008872","95548","1409","19","293",8,Credit Card,2025-04-29
"10008873","86409","1282","17","213",3,Points,2025-10-06
"10008874","100673","2860","15","684",3,Credit Card,2025-09-01
"10008875","91752","2239","15","666",3,Digital Wallet,2025-09-02
"10008876","109518","2992","17","337",2,Digital Wallet,2025-08-05
"10008877","111364","1686","20","222",4,Points,2025-06-02
"10008878","86470","2047","20","394",9,Digital Wallet,2025-08-15
"10008879","139636","2439","10","265",1,Credit Card,2025-07-10
"10008880","96925","1642","8","464",10,Digital Wallet,2025-11-23
"10008881","89119","2686","8","221",3,Credit Card,2025-01-22
"10008882","51487","2627","6","236",3,Credit Card,2025-04-25
"10008883","106572","2368","8","381",2,Points,2025-02-13
"10008884","106549","2911","14","568",9,Cash,2025-01-07
"10008885","84163","1370","16","615",13,Cash,2025-12-04
"10008886","117078","2582","13","469",17,Credit Card,2025-07-27
"10008887","72081","1936","8","680",6,Points,2025-02-25
"10008888","114785","2086","9","380",7,Cash,2025-11-30
"10008889","91256","1464","11","325",2,Digital Wallet,2025-06-11
"10008890","141942","2199","14","349",11,Digital Wallet,2025-05-31
"10008891","72892","1408","15","409",11,Cash,2025-10-15
"10008892","122781","1388","7","669",1,Points,2025-12-12
"10008893","61084","2402","1","571",16,Cash,2025-08-04
"10008894","115571","1981","9","549",1,Credit Card,2025-04-17
"10008895","52741","2829","14","225",1,Points,2025-04-15
"10008896","149446","2433","10","480",14,Digital Wallet,2025-04-12
"10008897","128677","1657","9","362",4,Points,2025-04-29
"10008898","76090","2195","20","380",4,Digital Wallet,2025-10-23
"10008899","116722","2989","13","494",2,Cash,2025-03-04
"10008900","99714","2035","20","261",3,Credit Card,2025-07-08
"10008901","120819","1358","19","426",2,Digital Wallet,2025-08-02
"10008902","146797","2914","14","330",6,Cash,2025-02-10
"10008903","141006","1997","16","686",12,Cash,2025-09-01
"10008904","112855","2442","11","638",18,Points,2025-10-15
"10008905","128499","1496","20","693",3,Cash,2025-11-11
"10008906","141465","2758","1","379",15,Cash,2025-07-03
"10008907","144926","1425","11","511",18,Credit Card,2025-05-15
"10008908","104381","1162","1","512",18,Digital Wallet,2025-08-17
"10008909","107818","2776","5","375",20,Cash,2025-09-21
"10008910","125405","2764","3","590",6,Points,2025-04-07
"10008911","88174","1537","11","619",16,Credit Card,2025-03-07
"10008912","105056","2001","15","631",1,Credit Card,2025-02-08
"10008913","79586","1222","3","520",11,Cash,2025-06-19
"10008914","101468","2544","11","225",3,Credit Card,2025-11-22
"10008915","86419","2455","6","391",10,Points,2025-08-11
"10008916","146805","2531","12","242",15,Credit Card,2025-05-04
"10008917","75150","1302","13","463",15,Points,2025-04-12
"10008918","101924","2192","12","216",12,Digital Wallet,2025-03-12
"10008919","82819","1065","7","222",7,Credit Card,2025-09-17
"10008920","94439","2960","16","444",14,Digital Wallet,2025-10-17
"10008921","63731","1222","17","401",7,Digital Wallet,2025-03-19
"10008922","64868","2040","6","695",17,Points,2025-11-10
"10008923","78137","2336","9","516",6,Credit Card,2025-07-17
"10008924","99810","2780","18","273",6,Cash,2025-08-09
"10008925","147006","2560","8","572",10,Points,2025-12-21
"10008926","149233","1576","10","345",19,Digital Wallet,2025-05-09
"10008927","67642","1719","19","351",13,Credit Card,2025-11-06
"10008928","115910","1780","11","421",17,Cash,2025-06-08
"10008929","87833","2426","20","670",15,Digital Wallet,2025-08-01
"10008930","58120","2616","6","416",5,Points,2025-08-01
"10008931","119077","1537","6","661",13,Credit Card,2025-03-19
"10008932","60892","2387","3","628",3,Cash,2025-02-02
"10008933","93232","2029","17","661",19,Credit Card,2025-11-23
"10008934","115959","2521","19","319",8,Credit Card,2025-12-13
"10008935","80724","2857","4","689",2,Cash,2025-09-29
"10008936","77346","2703","15","547",2,Credit Card,2025-11-08
"10008937","132475","2388","16","575",16,Cash,2025-02-05
"10008938","85088","1745","9","595",14,Cash,2025-08-01
"10008939","122544","2632","6","658",6,Digital Wallet,2025-02-09
"10008940","85449","1577","12","650",20,Credit Card,2025-12-14
"10008941","124396","2823","15","389",7,Cash,2025-10-29
"10008942","107416","1942","11","682",3,Credit Card,2025-04-24
"10008943","83345","1741","10","202",9,Credit Card,2025-03-09
"10008944","80852","2907","17","201",15,Digital Wallet,2025-01-24
"10008945","73572","1081","5","429",8,Credit Card,2025-01-19
"10008946","109371","1249","3","348",7,Points,2025-12-03
"10008947","89404","2720","3","404",15,Credit Card,2025-03-28
"10008948","102415","1663","13","433",10,Cash,2025-05-16
"10008949","148054","1613","14","572",17,Digital Wallet,2025-05-02
"10008950","140359","2564","11","429",12,Credit Card,2025-01-03
"10008951","54230","2790","15","688",8,Cash,2025-03-12
"10008952","85260","1749","14","366",6,Cash,2025-09-05
"10008953","90106","1337","1","233",10,Cash,2025-03-07
"10008954","83658","1555","10","514",3,Points,2025-09-07
"10008955","106226","2545","1","355",7,Digital Wallet,2025-11-01
"10008956","123069","2305","20","355",12,Credit Card,2025-12-05
"10008957","126414","1547","3","587",13,Cash,2025-05-24
"10008958","91360","1872","13","589",10,Points,2025-02-26
"10008959","110951","2629","8","278",7,Points,2025-11-23
"10008960","127063","1104","16","270",17,Credit Card,2025-09-04
"10008961","103238","2490","20","220",11,Points,2025-06-23
"10008962","119096","1867","2","316",2,Digital Wallet,2025-02-05
"10008963","52700","2811","12","601",17,Digital Wallet,2025-03-11
"10008964","141653","1629","4","498",13,Cash,2025-01-12
"10008965","58995","2318","14","537",15,Points,2025-08-01
"10008966","60198","2517","7","676",17,Credit Card,2025-07-13
"10008967","80466","2969","14","606",14,Points,2025-07-03
"10008968","79217","2921","15","234",15,Digital Wallet,2025-10-10
"10008969","51252","1976","17","309",6,Digital Wallet,2025-02-25
"10008970","132257","1629","16","666",19,Points,2025-05-20
"10008971","93658","1584","13","266",20,Digital Wallet,2025-10-27
"10008972","142030","1806","13","376",19,Cash,2025-09-29
"10008973","124769","2247","5","575",6,Digital Wallet,2025-11-28
"10008974","131936","1230","6","391",11,Points,2025-05-14
"10008975","62492","2549","9","648",7,Credit Card,2025-01-13
"10008976","86441","2701","1","648",14,Credit Card,2025-02-12
"10008977","145789","2196","2","679",2,Digital Wallet,2025-11-04
"10008978","78957","1812","9","257",4,Credit Card,2025-01-06
"10008979","63762","2923","14","295",14,Digital Wallet,2025-10-01
"10008980","134943","1108","8","503",9,Cash,2025-11-02
"10008981","68167","2397","19","565",17,Credit Card,2025-09-13
"10008982","114265","2670","2","237",2,Cash,2025-05-22
"10008983","74170","1601","9","484",5,Credit Card,2025-08-08
"10008984","125500","2899","11","348",11,Digital Wallet,2025-11-11
"10008985","114038","1262","20","394",6,Credit Card,2025-08-26
"10008986","80148","1171","14","482",4,Cash,2025-02-02
"10008987","138799","2384","11","532",14,Points,2025-08-10
"10008988","79752","1957","6","458",15,Digital Wallet,2025-04-29
"10008989","103510","2059","11","642",12,Points,2025-03-06
"10008990","74879","2382","15","451",4,Cash,2025-08-28
"10008991","93120","2752","10","611",13,Cash,2025-08-09
"10008992","142629","2551","14","232",12,Cash,2025-08-23
"10008993","119567","2608","4","567",8,Points,2025-02-01
"10008994","56346","2923","20","452",17,Digital Wallet,2025-06-02
"10008995","62035","1939","4","600",11,Points,2025-09-21
"10008996","146860","2726","2","293",7,Digital Wallet,2025-11-06
"10008997","60360","2667","17","324",1,Points,2025-07-17
"10008998","104670","1481","13","321",18,Digital Wallet,2025-02-02
"10008999","131794","1598","4","622",5,Credit Card,2025-05-09
"10009000","86478","2987","1","592",16,Credit Card,2025-06-13
"10009001","140852","1568","9","401",2,Digital Wallet,2025-03-10
"10009002","52032","2971","18","346",8,Digital Wallet,2025-09-02
"10009003","130923","1181","16","422",14,Points,2025-11-18
"10009004","115087","2484","15","533",2,Points,2025-11-24
"10009005","141259","2522","8","578",15,Points,2025-09-05
"10009006","132268","2833","13","277",20,Digital Wallet,2025-09-28
"10009007","53275","2312","10","425",20,Cash,2025-05-09
"10009008","114147","1358","8","443",14,Credit Card,2025-07-05
"10009009","117686","2242","19","508",4,Credit Card,2025-04-30
"10009010","59635","2655","5","416",16,Points,2025-06-27
"10009011","119710","2400","19","684",14,Points,2025-03-23
"10009012","138759","1643","4","691",5,Credit Card,2025-12-27
"10009013","109170","2376","13","461",4,Digital Wallet,2025-10-15
"10009014","52679","1446","20","472",18,Credit Card,2025-02-25
"10009015","70830","1492","4","549",16,Cash,2025-05-18
"10009016","59013","2781","9","471",8,Cash,2025-05-26
"10009017","144742","2401","6","304",3,Points,2025-09-16
"10009018","70225","1860","15","502",7,Credit Card,2025-05-25
"10009019","123599","2725","10","612",20,Points,2025-06-13
"10009020","149333","2948","8","335",13,Digital Wallet,2025-09-06
"10009021","119070","2199","4","570",17,Points,2025-03-10
"10009022","121968","1190","13","562",14,Digital Wallet,2025-10-19
"10009023","54350","2993","3","335",6,Credit Card,2025-07-21
"10009024","131171","2775","17","374",20,Cash,2025-08-26
"10009025","84098","1893","2","307",6,Points,2025-07-21
"10009026","105391","2376","15","600",17,Points,2025-12-17
"10009027","50680","2342","9","201",13,Cash,2025-08-26
"10009028","124933","1995","12","503",9,Points,2025-02-03
"10009029","103204","1871","9","521",13,Points,2025-01-08
"10009030","105234","2035","11","365",16,Cash,2025-03-06
"10009031","105113","2240","9","499",13,Points,2025-10-14
"10009032","146736","1073","12","544",3,Credit Card,2025-05-14
"10009033","112230","2788","18","685",19,Digital Wallet,2025-03-29
"10009034","52149","1648","12","319",11,Digital Wallet,2025-05-23
"10009035","137542","1134","15","338",9,Cash,2025-01-09
"10009036","67971","1324","1","676",20,Digital Wallet,2025-02-15
"10009037","67451","2336","8","583",19,Digital Wallet,2025-05-23
"10009038","145853","1851","9","537",3,Cash,2025-10-19
"10009039","94967","1208","18","298",9,Credit Card,2025-01-13
"10009040","89544","2522","9","272",9,Points,2025-04-25
"10009041","144345","2987","15","550",5,Digital Wallet,2025-09-19
"10009042","125002","2119","14","463",7,Points,2025-04-02
"10009043","94229","1833","15","638",4,Points,2025-04-18
"10009044","131289","2233","15","620",3,Digital Wallet,2025-06-22
"10009045","142142","1339","2","424",9,Cash,2025-01-27
"10009046","74490","2299","12","643",3,Points,2025-04-18
"10009047","122630","2711","13","500",18,Cash,2025-09-14
"10009048","80974","1040","10","478",4,Digital Wallet,2025-04-11
"10009049","136258","2451","13","496",19,Points,2025-06-22
"10009050","59841","1701","12","633",15,Points,2025-02-12
"10009051","115032","2798","15","291",5,Points,2025-08-02
"10009052","73813","1911","13","637",18,Credit Card,2025-05-14
"10009053","95502","1369","20","258",18,Cash,2025-12-01
"10009054","93729","2485","9","291",11,Points,2025-03-17
"10009055","97051","1389","9","352",1,Digital Wallet,2025-09-07
"10009056","139110","1348","7","240",1,Points,2025-06-14
"10009057","132152","1776","5","545",14,Credit Card,2025-11-05
"10009058","137877","1883","4","598",12,Cash,2025-03-19
"10009059","67598","2122","7","387",19,Points,2025-08-15
"10009060","56247","1027","1","320",14,Cash,2025-05-06
"10009061","53544","1805","7","436",10,Cash,2025-10-20
"10009062","119635","1418","1","411",6,Cash,2025-01-27
"10009063","148158","1156","11","500",1,Credit Card,2025-04-23
"10009064","130371","2842","14","528",8,Points,2025-01-30
"10009065","130473","1223","8","317",1,Credit Card,2025-05-15
"10009066","136074","1169","3","678",2,Digital Wallet,2025-10-01
"10009067","127590","2632","2","271",9,Cash,2025-06-21
"10009068","56020","1833","17","223",4,Cash,2025-11-27
"10009069","86315","1150","8","582",17,Cash,2025-03-02
"10009070","91054","1680","12","416",4,Digital Wallet,2025-10-01
"10009071","123065","1410","4","310",13,Credit Card,2025-09-09
"10009072","80742","1825","10","270",6,Cash,2025-07-26
"10009073","114154","2305","9","350",14,Credit Card,2025-12-20
"10009074","75853","2589","4","204",2,Digital Wallet,2025-08-19
"10009075","67835","1562","1","512",4,Cash,2025-10-22
"10009076","103625","2747","18","311",18,Cash,2025-09-17
"10009077","89058","1422","2","440",8,Cash,2025-03-04
"10009078","138532","2912","18","225",6,Digital Wallet,2025-01-27
"10009079","148163","2001","8","229",6,Digital Wallet,2025-03-28
"10009080","128908","2028","4","450",3,Points,2025-12-27
"10009081","116760","2443","4","546",14,Points,2025-06-09
"10009082","52513","2433","4","508",6,Digital Wallet,2025-06-29
"10009083","89186","1867","18","397",18,Points,2025-01-31
"10009084","108961","1348","14","593",9,Cash,2025-11-17
"10009085","56579","1616","15","221",13,Points,2025-12-30
"10009086","64889","2174","5","655",4,Credit Card,2025-07-19
"10009087","64704","1642","17","533",15,Credit Card,2025-02-19
"10009088","93966","2656","3","550",4,Cash,2025-03-27
"10009089","93564","1562","17","624",12,Points,2025-04-01
"10009090","114187","2577","19","448",15,Credit Card,2025-09-13
"10009091","68790","2216","14","698",11,Credit Card,2025-10-20
"10009092","85525","1452","2","645",4,Points,2025-02-09
"10009093","70233","1444","1","651",17,Cash,2025-11-22
"10009094","96881","1076","19","403",6,Cash,2025-03-09
"10009095","86671","1343","2","517",1,Credit Card,2025-10-21
"10009096","92663","1484","14","656",18,Digital Wallet,2025-06-18
"10009097","95748","1607","17","570",11,Digital Wallet,2025-12-15
"10009098","143429","1043","4","202",2,Credit Card,2025-12-04
"10009099","129718","1657","5","598",8,Credit Card,2025-11-24
"10009100","114444","2505","15","444",8,Credit Card,2025-05-21
"10009101","121432","1863","7","443",9,Digital Wallet,2025-01-11
"10009102","83105","1294","3","305",13,Digital Wallet,2025-09-02
"10009103","58810","1913","2","210",11,Points,2025-12-29
"10009104","133080","1914","19","591",20,Digital Wallet,2025-12-28
"10009105","85992","1785","4","289",10,Digital Wallet,2025-04-28
"10009106","62195","1034","13","653",17,Digital Wallet,2025-02-06
"10009107","83364","2219","7","432",10,Digital Wallet,2025-12-09
"10009108","84470","1842","19","450",14,Credit Card,2025-01-11
"10009109","126383","2596","12","301",17,Credit Card,2025-04-05
"10009110","128439","1889","2","295",19,Digital Wallet,2025-05-04
"10009111","135043","1842","9","414",5,Points,2025-09-30
"10009112","76556","2875","15","347",15,Credit Card,2025-03-17
"10009113","131314","1809","18","642",3,Cash,2025-03-29
"10009114","110418","2803","14","558",10,Points,2025-01-03
"10009115","55757","1310","11","639",8,Points,2025-10-30
"10009116","130131","2860","10","508",16,Cash,2025-05-05
"10009117","72423","2135","17","515",19,Credit Card,2025-09-01
"10009118","80422","1395","16","504",17,Digital Wallet,2025-05-09
"10009119","118796","2043","20","288",15,Credit Card,2025-03-04
"10009120","57408","1979","19","676",13,Credit Card,2025-02-15
"10009121","134219","2748","19","442",13,Cash,2025-01-23
"10009122","87278","1022","13","316",9,Points,2025-07-27
"10009123","77413","1319","11","225",3,Digital Wallet,2025-09-18
"10009124","57931","2959","11","288",14,Digital Wallet,2025-09-03
"10009125","92186","1005","7","404",3,Digital Wallet,2025-09-03
"10009126","117487","1505","15","304",9,Digital Wallet,2025-06-28
"10009127","114541","2545","1","391",11,Digital Wallet,2025-10-30
"10009128","123260","2199","5","595",6,Credit Card,2025-10-06
"10009129","107092","2240","3","604",19,Digital Wallet,2025-07-13
"10009130","65327","2592","7","506",11,Cash,2025-12-17
"10009131","114883","1365","7","414",10,Digital Wallet,2025-05-27
"10009132","92809","1134","1","276",7,Digital Wallet,2025-05-01
"10009133","137551","1447","5","293",9,Digital Wallet,2025-10-04
"10009134","117628","1685","11","660",13,Cash,2025-08-03
"10009135","96988","1539","20","291",13,Cash,2025-10-01
"10009136","103368","2291","11","670",5,Credit Card,2025-09-30
"10009137","63873","1578","18","459",15,Cash,2025-01-15
"10009138","55025","1715","6","333",8,Points,2025-02-16
"10009139","53072","2087","16","216",5,Credit Card,2025-08-02
"10009140","54832","2306","18","599",12,Digital Wallet,2025-04-21
"10009141","106810","1471","2","279",5,Credit Card,2025-04-11
"10009142","100304","2900","15","667",15,Cash,2025-01-13
"10009143","98391","1723","11","661",15,Cash,2025-10-30
"10009144","91093","1551","7","521",4,Cash,2025-10-04
"10009145","60328","1451","12","681",1,Points,2025-10-10
"10009146","61121","1812","13","317",6,Cash,2025-07-22
"10009147","103050","2675","8","322",18,Cash,2025-09-20
"10009148","108410","2091","11","364",3,Cash,2025-11-21
"10009149","77114","2972","18","378",3,Points,2025-07-07
"10009150","127201","1685","5","582",9,Cash,2025-02-05
"10009151","132233","2912","13","296",7,Credit Card,2025-08-29
"10009152","75097","2273","9","375",16,Cash,2025-06-12
"10009153","66003","2960","9","550",4,Credit Card,2025-01-14
"10009154","71399","2224","5","603",19,Digital Wallet,2025-12-06
"10009155","137781","2852","20","537",17,Digital Wallet,2025-06-18
"10009156","103397","1253","3","402",6,Points,2025-11-25
"10009157","51580","1006","19","367",11,Credit Card,2025-06-04
"10009158","139533","1959","15","541",18,Credit Card,2025-07-01
"10009159","127536","2247","18","208",2,Points,2025-06-03
"10009160","60608","1624","17","565",15,Credit Card,2025-06-13
"10009161","138575","2463","4","669",5,Cash,2025-04-08
"10009162","77810","1287","20","630",16,Credit Card,2025-03-18
"10009163","124793","1596","10","476",19,Cash,2025-09-19
"10009164","118685","2367","11","225",19,Credit Card,2025-03-23
"10009165","56122","1276","1","325",5,Credit Card,2025-06-07
"10009166","116477","2401","8","253",8,Digital Wallet,2025-11-11
"10009167","110421","2333","7","228",19,Cash,2025-02-18
"10009168","133289","1447","1","641",11,Cash,2025-04-22
"10009169","81000","1264","11","628",18,Digital Wallet,2025-01-04
"10009170","52677","2833","17","382",7,Credit Card,2025-04-12
"10009171","113741","1788","16","640",10,Digital Wallet,2025-05-23
"10009172","103983","1366","2","253",1,Credit Card,2025-11-26
"10009173","134426","2493","7","206",19,Points,2025-01-19
"10009174","52735","2349","15","673",10,Digital Wallet,2025-07-28
"10009175","75653","1918","15","551",10,Digital Wallet,2025-11-16
"10009176","120971","2288","3","350",7,Credit Card,2025-11-04
"10009177","83962","1019","16","639",2,Points,2025-11-08
"10009178","69930","2133","1","537",13,Credit Card,2025-07-14
"10009179","129496","1095","13","516",5,Credit Card,2025-07-28
"10009180","121395","2284","9","245",6,Cash,2025-07-25
"10009181","110673","1591","16","498",17,Cash,2025-12-19
"10009182","149040","2965","20","205",4,Cash,2025-05-26
"10009183","68024","1260","8","329",18,Points,2025-05-25
"10009184","120015","1877","8","317",14,Cash,2025-12-24
"10009185","118218","2002","7","281",12,Points,2025-06-01
"10009186","128142","1230","15","303",14,Cash,2025-11-11
"10009187","86301","2836","9","620",13,Cash,2025-10-22
"10009188","129333","1859","3","564",17,Points,2025-02-21
"10009189","123388","1414","20","310",19,Points,2025-09-11
"10009190","80995","2536","17","247",14,Points,2025-03-22
"10009191","123453","1716","17","365",1,Points,2025-09-15
"10009192","133247","1941","4","432",15,Cash,2025-03-17
"10009193","133524","2866","1","385",11,Points,2025-12-30
"10009194","97716","2643","9","672",2,Credit Card,2025-10-19
"10009195","68632","1910","15","361",19,Points,2025-03-16
"10009196","108147","2034","1","336",12,Points,2025-11-08
"10009197","58389","2796","14","391",13,Credit Card,2025-02-15
"10009198","104803","2405","13","652",2,Cash,2025-02-14
"10009199","114464","2030","14","313",8,Cash,2025-09-17
"10009200","145892","1507","19","443",16,Digital Wallet,2025-03-07
"10009201","51976","1013","1","652",16,Points,2025-07-14
"10009202","138899","2214","15","400",17,Points,2025-10-29
"10009203","134689","2144","9","568",19,Credit Card,2025-10-03
"10009204","55204","2382","7","519",5,Digital Wallet,2025-05-22
"10009205","138065","2691","14","587",18,Digital Wallet,2025-11-14
"10009206","59477","1253","14","318",20,Digital Wallet,2025-02-18
"10009207","87816","1234","6","487",17,Credit Card,2025-05-30
"10009208","105478","2028","10","691",12,Digital Wallet,2025-03-02
"10009209","107826","2811","14","562",15,Points,2025-06-11
"10009210","116521","1016","11","559",15,Digital Wallet,2025-11-27
"10009211","133570","1703","3","238",12,Cash,2025-05-25
"10009212","61082","2517","1","526",2,Points,2025-11-29
"10009213","85481","1609","17","651",11,Credit Card,2025-11-06
"10009214","130131","2496","10","399",3,Digital Wallet,2025-02-04
"10009215","65765","2542","17","617",6,Cash,2025-08-10
"10009216","71465","1895","1","349",15,Cash,2025-03-08
"10009217","71974","1201","2","238",10,Digital Wallet,2025-05-04
"10009218","71494","1309","6","443",4,Cash,2025-10-03
"10009219","106881","1765","19","242",11,Digital Wallet,2025-11-03
"10009220","94023","2075","5","374",3,Points,2025-03-07
"10009221","62311","2095","8","275",17,Digital Wallet,2025-09-12
"10009222","145079","1193","1","453",14,Cash,2025-04-21
"10009223","140520","1980","3","317",1,Digital Wallet,2025-11-20
"10009224","108451","2455","7","623",18,Cash,2025-01-11
"10009225","116093","1833","6","635",19,Cash,2025-05-09
"10009226","134806","2039","18","652",20,Credit Card,2025-07-29
"10009227","104655","2147","15","255",16,Digital Wallet,2025-02-17
"10009228","141917","2389","6","665",2,Credit Card,2025-07-06
"10009229","106908","1834","4","480",6,Digital Wallet,2025-08-31
"10009230","112919","1852","15","310",12,Points,2025-08-16
"10009231","92754","2211","1","268",3,Points,2025-10-16
"10009232","110420","2230","11","225",7,Cash,2025-12-21
"10009233","85964","2393","10","577",16,Digital Wallet,2025-08-03
"10009234","64785","1979","20","663",15,Digital Wallet,2025-11-19
"10009235","86848","1528","2","636",18,Cash,2025-08-18
"10009236","146922","2650","6","420",10,Cash,2025-09-10
"10009237","135126","2110","16","529",6,Credit Card,2025-10-07
"10009238","118503","1228","13","526",12,Credit Card,2025-04-06
"10009239","83362","1210","15","669",13,Credit Card,2025-04-04
"10009240","120444","1473","13","289",9,Credit Card,2025-07-07
"10009241","119198","1597","10","264",7,Cash,2025-12-04
"10009242","111731","2815","17","583",7,Credit Card,2025-12-17
"10009243","82772","1172","12","331",3,Digital Wallet,2025-01-13
"10009244","70288","2114","17","298",7,Points,2025-10-17
"10009245","87455","1709","16","301",2,Digital Wallet,2025-12-30
"10009246","79745","1847","10","478",15,Credit Card,2025-06-13
"10009247","54868","2467","20","356",12,Digital Wallet,2025-05-23
"10009248","99519","2747","6","403",12,Digital Wallet,2025-03-30
"10009249","140984","2504","10","528",17,Digital Wallet,2025-02-07
"10009250","68735","1490","12","684",15,Points,2025-01-21
"10009251","133463","1619","16","646",5,Points,2025-09-03
"10009252","112805","1382","4","215",8,Points,2025-02-23
"10009253","96065","1482","19","381",18,Cash,2025-07-14
"10009254","89741","2698","15","281",4,Credit Card,2025-11-22
"10009255","57560","1418","13","439",3,Points,2025-01-29
"10009256","107437","1026","16","683",20,Digital Wallet,2025-02-20
"10009257","109100","2793","15","678",20,Points,2025-04-04
"10009258","120838","1204","17","242",14,Cash,2025-11-29
"10009259","107839","2671","3","206",14,Credit Card,2025-10-16
"10009260","132140","1899","11","699",2,Cash,2025-02-15
"10009261","70342","2703","2","299",13,Credit Card,2025-07-03
"10009262","119795","2414","12","241",2,Cash,2025-06-03
"10009263","53037","1261","15","366",19,Digital Wallet,2025-10-22
"10009264","149172","2556","16","366",6,Credit Card,2025-09-17
"10009265","95066","2811","12","317",17,Digital Wallet,2025-02-19
"10009266","51270","2586","10","405",20,Points,2025-09-01
"10009267","143314","1988","11","242",14,Digital Wallet,2025-01-20
"10009268","93532","1386","7","445",17,Digital Wallet,2025-09-29
"10009269","100616","1062","9","583",19,Digital Wallet,2025-02-09
"10009270","66417","2841","16","543",6,Credit Card,2025-07-01
"10009271","101956","2252","12","279",16,Points,2025-05-19
"10009272","138762","2948","16","326",10,Cash,2025-05-06
"10009273","116215","2441","6","422",20,Cash,2025-09-21
"10009274","100180","1688","14","552",11,Credit Card,2025-08-01
"10009275","89044","2728","16","430",16,Cash,2025-10-11
"10009276","61490","1499","14","380",6,Cash,2025-04-16
"10009277","122155","1959","8","633",5,Digital Wallet,2025-02-19
"10009278","97695","2978","14","599",17,Points,2025-03-15
"10009279","107887","1043","20","274",2,Credit Card,2025-04-04
"10009280","62161","2064","9","674",18,Points,2025-08-23
"10009281","110369","2955","2","309",12,Credit Card,2025-09-14
"10009282","114153","1326","6","381",11,Points,2025-07-17
"10009283","72353","2366","13","688",13,Digital Wallet,2025-09-27
"10009284","92413","1904","2","248",16,Digital Wallet,2025-04-17
"10009285","82895","1904","11","440",8,Digital Wallet,2025-03-18
"10009286","124434","1150","9","268",3,Digital Wallet,2025-03-19
"10009287","96730","2419","7","415",3,Points,2025-02-15
"10009288","79726","2793","17","311",2,Credit Card,2025-01-16
"10009289","76545","1597","14","440",5,Points,2025-09-23
"10009290","118768","2259","17","209",15,Credit Card,2025-10-16
"10009291","143742","1592","7","493",1,Digital Wallet,2025-08-30
"10009292","110240","2104","16","544",14,Cash,2025-09-05
"10009293","124494","2236","1","207",1,Cash,2025-09-15
"10009294","87627","2559","17","600",13,Digital Wallet,2025-07-31
"10009295","53920","1280","13","597",9,Points,2025-01-25
"10009296","61080","2579","20","308",8,Points,2025-07-12
"10009297","120750","1519","20","220",9,Cash,2025-11-09
"10009298","111545","2186","13","554",8,Points,2025-03-01
"10009299","108836","1007","15","452",4,Credit Card,2025-01-30
"10009300","138692","2596","4","684",11,Digital Wallet,2025-06-09
"10009301","60696","2959","5","272",1,Points,2025-01-29
"10009302","109233","2715","16","426",18,Credit Card,2025-01-16
"10009303","127003","2233","14","283",15,Digital Wallet,2025-08-25
"10009304","61020","1302","10","252",12,Credit Card,2025-01-14
"10009305","112072","2176","19","601",2,Cash,2025-01-01
"10009306","117649","2476","6","439",17,Cash,2025-11-19
"10009307","71536","1554","5","498",17,Points,2025-10-27
"10009308","77165","1877","14","401",20,Cash,2025-02-09
"10009309","101398","1914","7","506",20,Cash,2025-08-02
"10009310","132113","2206","6","575",5,Credit Card,2025-07-22
"10009311","108971","1118","7","590",3,Credit Card,2025-09-18
"10009312","122033","2691","13","229",9,Points,2025-11-06
"10009313","72651","2747","13","369",1,Cash,2025-06-13
"10009314","91651","1079","7","607",3,Digital Wallet,2025-06-29
"10009315","105986","2150","2","373",2,Credit Card,2025-04-01
"10009316","53337","1258","20","276",19,Points,2025-05-08
"10009317","137590","2441","5","570",4,Credit Card,2025-07-17
"10009318","113099","1156","13","608",6,Cash,2025-12-15
"10009319","104509","2800","2","471",5,Points,2025-01-05
"10009320","75961","1955","14","386",1,Credit Card,2025-10-01
"10009321","131070","1978","18","478",15,Digital Wallet,2025-06-03
"10009322","122079","2127","11","487",7,Digital Wallet,2025-04-06
"10009323","140799","1474","15","248",17,Cash,2025-03-16
"10009324","52530","2524","11","253",6,Credit Card,2025-01-03
"10009325","119922","2341","8","363",5,Digital Wallet,2025-12-17
"10009326","81646","2800","10","238",7,Digital Wallet,2025-06-23
"10009327","61694","2864","17","324",13,Cash,2025-10-13
"10009328","60361","2281","5","696",2,Points,2025-01-01
"10009329","130945","1756","14","290",3,Credit Card,2025-08-15
"10009330","126309","2748","12","429",14,Digital Wallet,2025-02-12
"10009331","84663","1990","12","250",16,Points,2025-09-12
"10009332","75086","2403","8","602",17,Digital Wallet,2025-11-29
"10009333","73240","2122","11","584",12,Cash,2025-06-19
"10009334","124240","1044","16","473",4,Digital Wallet,2025-08-18
"10009335","98441","1229","11","374",20,Cash,2025-08-08
"10009336","65164","1922","7","299",9,Points,2025-02-28
"10009337","108388","2867","17","461",11,Points,2025-05-27
"10009338","99634","1323","2","571",18,Digital Wallet,2025-11-02
"10009339","138213","2073","3","661",8,Digital Wallet,2025-09-25
"10009340","139590","1263","11","488",5,Credit Card,2025-09-24
"10009341","111103","2596","13","483",12,Cash,2025-08-12
"10009342","105738","2337","14","575",19,Digital Wallet,2025-02-04
"10009343","107798","2186","8","408",17,Cash,2025-04-08
"10009344","126025","2242","9","444",4,Cash,2025-12-29
"10009345","148588","2210","18","365",19,Digital Wallet,2025-12-03
"10009346","102978","1517","16","539",15,Points,2025-05-27
"10009347","52887","1563","13","375",13,Credit Card,2025-04-27
"10009348","54449","2024","9","233",9,Points,2025-02-27
"10009349","64442","1703","6","483",5,Credit Card,2025-04-25
"10009350","65647","2346","20","215",16,Points,2025-10-17
"10009351","135981","1214","12","454",5,Points,2025-07-12
"10009352","84762","2087","20","270",3,Digital Wallet,2025-09-10
"10009353","65197","1852","4","220",6,Cash,2025-03-14
"10009354","143542","2547","19","394",4,Digital Wallet,2025-05-30
"10009355","106192","2851","12","257",5,Points,2025-03-20
"10009356","119388","1318","15","449",15,Digital Wallet,2025-03-10
"10009357","104689","2245","5","462",16,Digital Wallet,2025-10-05
"10009358","86730","2711","13","501",11,Points,2025-12-19
"10009359","113014","2091","14","670",12,Digital Wallet,2025-05-04
"10009360","122342","2617","4","382",5,Credit Card,2025-02-05
"10009361","74634","1962","8","574",18,Credit Card,2025-11-25
"10009362","102918","1303","18","297",17,Digital Wallet,2025-08-29
"10009363","74322","2882","16","508",6,Cash,2025-06-01
"10009364","89427","1058","16","515",1,Credit Card,2025-12-02
"10009365","110584","2072","1","524",6,Cash,2025-07-17
"10009366","70976","2449","2","313",18,Cash,2025-09-07
"10009367","64919","2803","7","365",19,Cash,2025-09-01
"10009368","87157","1429","1","202",17,Points,2025-01-27
"10009369","141445","2762","9","477",9,Credit Card,2025-12-13
"10009370","110967","2347","19","325",19,Points,2025-05-15
"10009371","135584","2337","9","642",20,Digital Wallet,2025-12-30
"10009372","108283","1831","11","650",8,Digital Wallet,2025-05-21
"10009373","123832","1169","5","286",1,Cash,2025-02-13
"10009374","88290","1868","10","274",2,Points,2025-03-25
"10009375","96986","2751","17","546",1,Credit Card,2025-07-15
"10009376","114735","2946","19","206",8,Points,2025-03-16
"10009377","109031","2190","12","695",11,Points,2025-10-18
"10009378","53015","1044","11","608",4,Digital Wallet,2025-06-07
"10009379","105753","1239","10","654",1,Credit Card,2025-12-25
"10009380","125066","2387","12","299",18,Cash,2025-12-02
"10009381","149795","1306","2","486",13,Credit Card,2025-03-31
"10009382","65667","2538","13","614",11,Digital Wallet,2025-01-28
"10009383","79024","2553","3","688",6,Cash,2025-10-07
"10009384","139034","2200","3","416",14,Digital Wallet,2025-12-05
"10009385","98242","1453","15","398",13,Points,2025-06-28
"10009386","105836","2179","16","499",17,Credit Card,2025-01-05
"10009387","119296","2612","3","612",15,Cash,2025-09-03
"10009388","145667","1800","13","571",19,Credit Card,2025-05-11
"10009389","93534","1539","4","283",4,Points,2025-03-13
"10009390","53869","1565","16","502",20,Credit Card,2025-04-07
"10009391","107573","2748","5","255",18,Points,2025-05-06
"10009392","102560","2052","1","479",11,Points,2025-01-08
"10009393","97074","1791","8","483",5,Credit Card,2025-12-23
"10009394","114689","2188","15","279",10,Points,2025-12-24
"10009395","68682","2956","15","376",3,Points,2025-09-24
"10009396","109212","1921","11","301",18,Digital Wallet,2025-10-01
"10009397","61157","2143","14","697",8,Cash,2025-12-29
"10009398","108841","2764","12","321",5,Cash,2025-07-04
"10009399","125093","1244","9","508",3,Cash,2025-12-23
"10009400","104759","2133","15","255",3,Digital Wallet,2025-04-12
"10009401","146341","1550","20","486",15,Digital Wallet,2025-12-08
"10009402","94651","2463","7","420",18,Points,2025-12-06
"10009403","74196","2683","9","430",7,Credit Card,2025-04-05
"10009404","84898","2001","1","423",20,Points,2025-02-26
"10009405","137345","1963","20","625",16,Digital Wallet,2025-12-18
"10009406","94493","2588","15","263",3,Digital Wallet,2025-08-12
"10009407","110195","1129","13","654",1,Cash,2025-09-09
"10009408","87773","2985","11","641",7,Points,2025-07-09
"10009409","143370","2706","20","283",19,Points,2025-06-14
"10009410","136344","2216","3","311",11,Points,2025-04-08
"10009411","89786","1966","9","577",5,Cash,2025-02-18
"10009412","110365","2766","6","217",20,Points,2025-01-19
"10009413","121390","2022","3","380",5,Credit Card,2025-02-28
"10009414","50496","2334","20","352",19,Digital Wallet,2025-02-07
"10009415","144782","1954","5","355",16,Digital Wallet,2025-10-15
"10009416","55576","1022","10","399",3,Points,2025-11-18
"10009417","142580","2535","15","392",20,Digital Wallet,2025-05-06
"10009418","55648","1585","3","361",14,Points,2025-12-11
"10009419","59471","2321","12","470",10,Cash,2025-08-05
"10009420","70806","1027","10","661",13,Digital Wallet,2025-06-09
"10009421","96281","1314","5","208",20,Points,2025-10-08
"10009422","67262","1145","11","509",15,Points,2025-01-02
"10009423","80800","2999","5","418",14,Points,2025-11-29
"10009424","62114","2488","19","342",19,Cash,2025-02-25
"10009425","107265","1308","14","668",2,Digital Wallet,2025-10-17
"10009426","114849","1209","7","529",17,Digital Wallet,2025-08-27
"10009427","138292","2216","7","460",14,Points,2025-03-24
"10009428","108013","1851","8","313",16,Points,2025-09-24
"10009429","82115","1174","1","374",6,Digital Wallet,2025-01-23
"10009430","87471","2285","3","637",7,Digital Wallet,2025-07-04
"10009431","68235","2107","12","697",18,Credit Card,2025-03-18
"10009432","128572","2235","20","450",6,Points,2025-04-30
"10009433","127992","2766","9","590",15,Credit Card,2025-12-21
"10009434","142871","1578","3","665",3,Points,2025-10-01
"10009435","115038","2602","9","675",2,Points,2025-09-27
"10009436","103814","1398","9","208",13,Digital Wallet,2025-06-13
"10009437","127072","1702","10","366",9,Points,2025-09-16
"10009438","120465","2180","4","679",2,Points,2025-03-05
"10009439","111116","2503","20","466",19,Credit Card,2025-03-10
"10009440","67130","2897","5","606",18,Credit Card,2025-08-07
"10009441","75502","1831","13","675",15,Digital Wallet,2025-07-08
"10009442","92168","1033","8","528",6,Points,2025-12-04
"10009443","144906","1274","9","650",8,Digital Wallet,2025-02-20
"10009444","79085","2617","5","415",8,Digital Wallet,2025-01-08
"10009445","134616","2126","7","227",3,Digital Wallet,2025-02-26
"10009446","71543","1008","16","522",1,Credit Card,2025-06-20
"10009447","132166","1366","1","618",9,Credit Card,2025-03-12
"10009448","85010","1657","20","410",19,Cash,2025-09-28
"10009449","134977","2330","6","393",7,Points,2025-05-08
"10009450","58176","1655","5","237",20,Digital Wallet,2025-05-19
"10009451","110729","1763","20","254",7,Digital Wallet,2025-04-23
"10009452","74900","2794","6","540",1,Credit Card,2025-01-30
"10009453","88150","1339","1","217",17,Points,2025-09-29
"10009454","101702","2433","3","214",8,Cash,2025-07-24
"10009455","108786","2391","7","216",20,Credit Card,2025-11-10
"10009456","50020","1973","9","646",6,Digital Wallet,2025-10-03
"10009457","50240","1651","3","205",16,Points,2025-08-08
"10009458","120750","2224","16","343",19,Credit Card,2025-01-26
"10009459","99453","1671","14","241",11,Digital Wallet,2025-09-09
"10009460","80146","2096","17","547",7,Cash,2025-03-28
"10009461","87069","1480","16","229",8,Credit Card,2025-12-29
"10009462","67272","1099","14","244",15,Digital Wallet,2025-05-16
"10009463","89046","1916","13","491",18,Credit Card,2025-08-30
"10009464","105260","1122","4","207",16,Cash,2025-04-12
"10009465","144224","2764","3","602",15,Points,2025-01-08
"10009466","51019","1697","9","589",14,Credit Card,2025-10-30
"10009467","86441","1574","17","494",14,Digital Wallet,2025-12-01
"10009468","64818","2109","5","462",13,Digital Wallet,2025-08-01
"10009469","97232","1179","19","242",2,Cash,2025-05-11
"10009470","139009","2799","6","246",1,Credit Card,2025-09-13
"10009471","86428","1745","10","489",3,Digital Wallet,2025-01-29
"10009472","133077","1557","1","565",5,Points,2025-11-09
"10009473","55946","2263","15","651",12,Credit Card,2025-07-28
"10009474","80440","2443","10","484",14,Credit Card,2025-09-23
"10009475","51000","1413","10","569",9,Digital Wallet,2025-08-11
"10009476","94015","1371","19","599",2,Points,2025-07-12
"10009477","75638","2328","17","362",17,Points,2025-01-22
"10009478","50382","2124","15","675",6,Points,2025-10-16
"10009479","79891","1888","8","503",16,Digital Wallet,2025-10-24
"10009480","112572","2535","16","692",17,Cash,2025-07-22
"10009481","55659","2570","12","596",19,Points,2025-09-03
"10009482","104324","1016","9","292",6,Credit Card,2025-11-16
"10009483","121074","1255","18","241",13,Cash,2025-04-27
"10009484","61163","2813","17","612",9,Points,2025-06-24
"10009485","72149","1412","8","364",19,Points,2025-11-03
"10009486","91153","2820","2","263",20,Digital Wallet,2025-03-15
"10009487","113825","1917","10","517",6,Points,2025-03-06
"10009488","51342","2545","1","302",13,Points,2025-07-08
"10009489","65049","1265","10","460",6,Credit Card,2025-08-25
"10009490","103991","2253","9","655",12,Cash,2025-02-09
"10009491","145461","1497","3","519",3,Cash,2025-07-25
"10009492","86621","1709","20","433",13,Points,2025-12-09
"10009493","126735","1141","9","519",20,Points,2025-03-20
"10009494","124265","1751","18","430",20,Points,2025-10-26
"10009495","139113","2561","20","434",19,Credit Card,2025-09-03
"10009496","56421","1447","12","514",6,Points,2025-02-03
"10009497","133747","2579","2","417",18,Points,2025-10-13
"10009498","97166","2391","4","382",1,Digital Wallet,2025-07-12
"10009499","67938","1583","17","670",19,Points,2025-03-31
"10009500","61064","1461","11","436",13,Points,2025-06-27
"10009501","75778","2809","13","554",2,Points,2025-11-18
"10009502","87509","1028","13","351",18,Credit Card,2025-01-16
"10009503","74929","2921","6","646",17,Credit Card,2025-04-28
"10009504","58227","2697","13","679",6,Credit Card,2025-07-28
"10009505","149621","1069","18","221",16,Digital Wallet,2025-09-11
"10009506","120433","1743","9","480",1,Points,2025-04-29
"10009507","138611","2661","11","331",20,Points,2025-05-26
"10009508","79799","1498","5","304",9,Credit Card,2025-12-19
"10009509","77146","1551","4","497",18,Points,2025-08-03
"10009510","102094","1444","11","429",3,Cash,2025-01-09
"10009511","89070","2238","13","450",18,Cash,2025-08-18
"10009512","121489","2564","4","433",3,Points,2025-04-20
"10009513","62081","1176","7","452",14,Credit Card,2025-12-29
"10009514","112849","2114","8","688",13,Credit Card,2025-07-13
"10009515","78312","2509","14","421",19,Points,2025-12-13
"10009516","145681","1757","4","488",9,Credit Card,2025-03-01
"10009517","146625","1191","16","546",9,Points,2025-02-06
"10009518","123169","1792","20","569",10,Digital Wallet,2025-08-23
"10009519","67071","2062","18","686",14,Credit Card,2025-02-21
"10009520","56167","1486","4","605",4,Cash,2025-07-21
"10009521","105138","2458","7","655",15,Digital Wallet,2025-11-01
"10009522","127416","2268","8","392",18,Credit Card,2025-10-31
"10009523","110759","2611","13","206",3,Cash,2025-07-04
"10009524","91638","2027","11","574",20,Digital Wallet,2025-11-27
"10009525","64318","2664","8","526",4,Points,2025-02-25
"10009526","141229","1682","5","490",10,Points,2025-10-31
"10009527","87189","2771","7","609",3,Credit Card,2025-02-05
"10009528","120525","2623","17","444",1,Points,2025-03-23
"10009529","76264","2217","7","364",1,Points,2025-03-09
"10009530","124537","1485","4","525",20,Points,2025-04-10
"10009531","125713","2564","11","266",6,Credit Card,2025-03-03
"10009532","108808","2686","5","233",10,Points,2025-01-08
"10009533","117029","1031","5","230",13,Points,2025-04-17
"10009534","133860","1312","3","576",8,Points,2025-10-15
"10009535","96397","2166","3","393",4,Credit Card,2025-01-08
"10009536","90916","2813","4","283",12,Cash,2025-11-21
"10009537","131944","2973","10","451",15,Credit Card,2025-11-01
"10009538","103252","2915","20","663",8,Cash,2025-08-19
"10009539","144897","2343","11","662",19,Credit Card,2025-02-04
"10009540","130367","2077","5","332",20,Digital Wallet,2025-02-18
"10009541","61341","1654","16","461",13,Points,2025-01-25
"10009542","55594","2920","3","650",8,Cash,2025-08-05
"10009543","107405","1260","15","255",8,Cash,2025-11-01
"10009544","86016","1602","10","381",15,Cash,2025-03-12
"10009545","59772","2168","19","563",15,Credit Card,2025-12-22
"10009546","75062","2076","19","657",3,Credit Card,2025-06-20
"10009547","50033","2617","16","606",15,Points,2025-03-24
"10009548","120955","2567","2","583",15,Credit Card,2025-03-13
"10009549","63726","2875","20","450",16,Cash,2025-07-03
"10009550","122519","1228","5","571",8,Digital Wallet,2025-04-04
"10009551","132657","1870","19","246",12,Digital Wallet,2025-07-13
"10009552","113444","2271","20","618",5,Credit Card,2025-01-19
"10009553","81621","1286","13","542",10,Credit Card,2025-04-25
"10009554","121406","1004","9","458",19,Credit Card,2025-04-29
"10009555","88610","2551","19","672",3,Points,2025-04-04
"10009556","75529","2505","8","612",18,Cash,2025-05-04
"10009557","123659","1952","18","506",15,Credit Card,2025-11-29
"10009558","77555","1396","12","483",2,Cash,2025-12-27
"10009559","134714","1398","10","402",12,Points,2025-10-10
"10009560","64869","2822","19","279",15,Credit Card,2025-01-04
"10009561","146965","1948","19","632",13,Credit Card,2025-10-06
"10009562","145753","2876","15","643",3,Digital Wallet,2025-04-26
"10009563","85802","1249","10","660",9,Cash,2025-12-30
"10009564","134428","1287","13","386",13,Credit Card,2025-04-21
"10009565","144649","1503","16","368",14,Credit Card,2025-07-26
"10009566","64843","1461","2","524",9,Points,2025-01-03
"10009567","119810","1063","10","469",15,Points,2025-07-04
"10009568","75108","1551","9","417",13,Credit Card,2025-04-18
"10009569","66616","2303","6","698",18,Credit Card,2025-07-15
"10009570","98225","1844","12","448",16,Credit Card,2025-05-27
"10009571","130552","1112","16","584",17,Digital Wallet,2025-04-01
"10009572","141144","1468","20","517",15,Cash,2025-06-24
"10009573","99063","2822","3","424",15,Credit Card,2025-12-22
"10009574","80513","1497","20","443",18,Credit Card,2025-02-09
"10009575","68154","2221","3","282",12,Points,2025-09-24
"10009576","141614","2486","6","503",17,Digital Wallet,2025-11-22
"10009577","82802","1845","3","246",9,Points,2025-12-03
"10009578","113690","1048","13","471",8,Cash,2025-01-20
"10009579","82584","2722","20","286",17,Points,2025-10-16
"10009580","57061","2973","5","405",16,Credit Card,2025-03-31
"10009581","55393","2674","7","417",13,Credit Card,2025-01-04
"10009582","85735","2236","10","504",1,Credit Card,2025-10-31
"10009583","83063","2932","10","252",7,Credit Card,2025-06-02
"10009584","124799","1620","9","297",20,Cash,2025-10-07
"10009585","63707","2531","19","591",17,Credit Card,2025-11-01
"10009586","114051","1147","14","493",9,Points,2025-09-18
"10009587","67749","1550","11","571",13,Points,2025-10-24
"10009588","83093","2143","20","663",2,Points,2025-02-22
"10009589","111063","1751","18","454",16,Cash,2025-12-11
"10009590","68071","2800","7","518",19,Credit Card,2025-10-08
"10009591","146877","1349","8","583",14,Credit Card,2025-12-25
"10009592","68804","1069","6","661",13,Cash,2025-08-31
"10009593","96139","2860","13","201",17,Points,2025-10-17
"10009594","70207","2584","18","314",7,Cash,2025-06-11
"10009595","63496","1588","5","236",15,Digital Wallet,2025-08-28
"10009596","112316","2340","4","546",9,Cash,2025-11-06
"10009597","129260","1728","4","635",19,Points,2025-07-05
"10009598","87874","1981","2","683",15,Cash,2025-08-30
"10009599","139886","1769","6","247",12,Points,2025-03-09
"10009600","121253","2977","17","507",14,Digital Wallet,2025-07-19
"10009601","68088","1405","15","352",19,Cash,2025-09-12
"10009602","51540","1260","16","697",4,Credit Card,2025-11-03
"10009603","132225","1947","16","608",10,Digital Wallet,2025-02-20
"10009604","98148","2173","10","336",6,Digital Wallet,2025-11-04
"10009605","89776","2567","11","335",9,Points,2025-09-04
"10009606","144788","1191","3","456",11,Digital Wallet,2025-10-02
"10009607","118934","1901","3","674",20,Cash,2025-04-30
"10009608","64032","1857","5","463",14,Credit Card,2025-11-26
"10009609","101025","2379","5","679",13,Points,2025-01-30
"10009610","79281","1673","18","566",5,Credit Card,2025-10-23
"10009611","145356","1060","6","658",12,Digital Wallet,2025-12-27
"10009612","133038","2199","6","348",16,Credit Card,2025-09-09
"10009613","92684","1351","10","598",3,Credit Card,2025-09-10
"10009614","65899","2671","9","444",6,Cash,2025-01-20
"10009615","57173","1413","10","658",10,Points,2025-12-13
"10009616","50195","2482","1","341",3,Cash,2025-12-06
"10009617","78692","1891","20","255",6,Digital Wallet,2025-10-22
"10009618","124245","2032","13","259",6,Points,2025-08-21
"10009619","143566","2834","8","553",10,Credit Card,2025-03-01
"10009620","104855","1608","11","261",15,Points,2025-01-02
"10009621","101828","2662","11","458",4,Digital Wallet,2025-04-18
"10009622","87704","1977","20","344",17,Digital Wallet,2025-07-06
"10009623","73026","1462","4","679",19,Cash,2025-06-26
"10009624","78464","2273","4","413",10,Credit Card,2025-09-11
"10009625","124720","2807","15","331",5,Digital Wallet,2025-06-06
"10009626","129088","1854","5","246",17,Cash,2025-06-06
"10009627","129267","1991","1","638",16,Credit Card,2025-12-05
"10009628","74074","1359","6","422",3,Digital Wallet,2025-11-06
"10009629","69177","2217","10","412",7,Cash,2025-03-14
"10009630","117980","1408","5","613",10,Digital Wallet,2025-01-04
"10009631","113038","1747","20","611",3,Credit Card,2025-03-27
"10009632","128903","1720","11","439",10,Credit Card,2025-08-08
"10009633","72312","2086","7","616",4,Digital Wallet,2025-12-09
"10009634","70949","1263","4","314",20,Digital Wallet,2025-12-01
"10009635","93640","2607","8","390",6,Cash,2025-11-26
"10009636","56389","2492","17","600",11,Digital Wallet,2025-06-17
"10009637","51931","2781","1","439",20,Digital Wallet,2025-05-21
"10009638","109155","1954","6","349",17,Points,2025-06-23
"10009639","69745","1205","16","213",19,Cash,2025-05-09
"10009640","70763","2749","16","401",7,Cash,2025-03-15
"10009641","98424","1361","7","641",2,Points,2025-09-23
"10009642","146855","2899","18","444",5,Points,2025-11-27
"10009643","138261","1819","9","698",4,Points,2025-03-13
"10009644","58522","2745","1","234",15,Cash,2025-11-24
"10009645","96228","1615","12","245",15,Points,2025-06-04
"10009646","97804","2869","12","616",9,Credit Card,2025-03-25
"10009647","60339","2673","9","274",15,Digital Wallet,2025-08-07
"10009648","57478","2548","11","605",6,Digital Wallet,2025-02-17
"10009649","75246","2050","2","473",10,Credit Card,2025-10-21
"10009650","57931","2555","2","573",5,Points,2025-12-13
"10009651","61713","2624","20","551",16,Points,2025-06-01
"10009652","88701","2861","4","381",2,Cash,2025-09-09
"10009653","98027","2750","16","563",9,Digital Wallet,2025-11-30
"10009654","108934","1493","1","386",2,Credit Card,2025-01-27
"10009655","55857","1889","6","351",4,Points,2025-09-25
"10009656","79921","2429","13","290",5,Digital Wallet,2025-08-26
"10009657","102112","2305","18","655",11,Cash,2025-06-28
"10009658","76089","2982","18","626",14,Cash,2025-05-03
"10009659","117279","1033","7","389",11,Digital Wallet,2025-05-22
"10009660","113533","2468","5","242",15,Points,2025-07-22
"10009661","95785","1279","14","477",16,Points,2025-12-11
"10009662","144108","2245","13","673",10,Cash,2025-07-26
"10009663","108750","1824","3","262",20,Cash,2025-02-20
"10009664","91429","1146","15","470",15,Digital Wallet,2025-10-20
"10009665","148553","2123","20","245",18,Points,2025-05-27
"10009666","133331","1760","4","449",19,Points,2025-05-10
"10009667","112769","1971","5","559",19,Credit Card,2025-08-15
"10009668","128572","1399","6","532",1,Cash,2025-09-21
"10009669","70887","1330","6","359",1,Points,2025-01-21
"10009670","123006","2198","6","427",20,Cash,2025-10-08
"10009671","121127","1713","16","310",5,Digital Wallet,2025-11-24
"10009672","64689","1315","12","228",5,Points,2025-09-26
"10009673","85874","2865","4","575",8,Points,2025-06-07
"10009674","64614","2903","3","655",16,Credit Card,2025-05-11
"10009675","82445","2580","6","558",11,Cash,2025-10-04
"10009676","134500","2513","15","673",13,Digital Wallet,2025-03-31
"10009677","65788","2631","8","667",14,Credit Card,2025-02-03
"10009678","122502","2134","3","277",11,Credit Card,2025-10-31
"10009679","130456","1198","13","467",13,Digital Wallet,2025-10-24
"10009680","121379","2349","11","500",2,Points,2025-03-27
"10009681","97617","1957","6","566",10,Credit Card,2025-11-27
"10009682","51758","2890","11","263",18,Credit Card,2025-07-01
"10009683","76828","2970","2","324",14,Cash,2025-08-20
"10009684","80638","2823","18","293",10,Points,2025-04-14
"10009685","121165","1462","7","516",1,Cash,2025-01-18
"10009686","83596","2174","13","505",15,Credit Card,2025-03-01
"10009687","106496","2109","15","287",12,Credit Card,2025-04-08
"10009688","132617","1772","11","205",14,Credit Card,2025-10-23
"10009689","84341","2512","10","291",16,Digital Wallet,2025-04-14
"10009690","134811","2773","1","606",9,Digital Wallet,2025-01-20
"10009691","98865","2166","16","579",1,Cash,2025-08-17
"10009692","138361","2512","6","474",19,Points,2025-09-08
"10009693","100447","2220","7","357",4,Points,2025-03-28
"10009694","71564","1357","13","666",13,Digital Wallet,2025-05-06
"10009695","104850","2202","19","610",16,Digital Wallet,2025-03-11
"10009696","58257","1887","6","545",17,Cash,2025-10-10
"10009697","85144","1435","4","297",5,Digital Wallet,2025-10-26
"10009698","88952","2259","2","352",6,Cash,2025-07-07
"10009699","87511","1023","11","618",12,Digital Wallet,2025-02-12
"10009700","58939","2773","8","562",6,Points,2025-08-05
"10009701","106776","1069","10","554",8,Cash,2025-09-28
"10009702","79793","1763","2","234",17,Points,2025-02-19
"10009703","128630","1409","12","573",10,Credit Card,2025-11-01
"10009704","129731","1569","12","683",16,Points,2025-02-16
"10009705","119370","1682","14","496",6,Digital Wallet,2025-11-08
"10009706","125339","2625","13","592",8,Cash,2025-12-17
"10009707","50108","1461","19","237",7,Points,2025-05-22
"10009708","131889","1122","16","417",20,Cash,2025-03-27
"10009709","140089","2779","2","578",14,Digital Wallet,2025-05-13
"10009710","87122","2635","6","560",10,Credit Card,2025-05-18
"10009711","136261","2105","16","435",18,Credit Card,2025-10-29
"10009712","117838","2624","10","253",3,Points,2025-10-22
"10009713","72024","2653","11","313",11,Digital Wallet,2025-11-02
"10009714","63388","2278","15","639",15,Digital Wallet,2025-11-10
"10009715","84709","1693","10","331",12,Digital Wallet,2025-04-06
"10009716","144451","2966","3","265",11,Credit Card,2025-11-07
"10009717","60488","2260","5","615",11,Cash,2025-12-20
"10009718","55286","1063","8","226",9,Credit Card,2025-09-04
"10009719","107603","1990","11","290",6,Points,2025-06-09
"10009720","56464","1528","15","386",10,Points,2025-12-24
"10009721","75971","1996","16","548",6,Digital Wallet,2025-01-01
"10009722","132360","2425","16","641",10,Points,2025-08-24
"10009723","112966","2185","14","319",8,Credit Card,2025-04-16
"10009724","95502","1793","1","209",3,Points,2025-12-03
"10009725","98438","1243","11","433",15,Digital Wallet,2025-01-27
"10009726","65777","2080","2","632",1,Points,2025-09-03
"10009727","63751","1165","13","340",10,Credit Card,2025-12-19
"10009728","111088","2438","15","470",19,Credit Card,2025-04-29
"10009729","73771","2610","1","602",1,Points,2025-08-17
"10009730","129487","2103","17","330",10,Cash,2025-02-10
"10009731","142792","1605","5","445",16,Points,2025-11-21
"10009732","103893","2988","20","658",3,Points,2025-07-26
"10009733","136975","2970","9","416",1,Cash,2025-12-13
"10009734","123136","1047","8","603",18,Digital Wallet,2025-02-18
"10009735","59656","1188","7","373",13,Cash,2025-04-19
"10009736","86209","2919","20","542",6,Cash,2025-07-16
"10009737","103012","2869","9","436",15,Credit Card,2025-09-23
"10009738","94796","1791","8","214",13,Points,2025-11-23
"10009739","103718","2743","15","675",7,Points,2025-10-04
"10009740","64675","2197","20","582",19,Credit Card,2025-08-05
"10009741","140321","1458","18","347",2,Credit Card,2025-04-26
"10009742","77555","1233","12","389",19,Cash,2025-04-08
"10009743","148087","1903","9","685",15,Digital Wallet,2025-06-22
"10009744","146862","1700","12","306",11,Cash,2025-11-03
"10009745","73615","1478","16","669",14,Digital Wallet,2025-11-23
"10009746","56256","1616","13","472",15,Cash,2025-01-29
"10009747","96806","1010","17","636",19,Credit Card,2025-01-20
"10009748","108821","2116","12","251",7,Points,2025-07-21
"10009749","66063","2252","10","593",12,Credit Card,2025-01-01
"10009750","102633","2036","8","313",19,Digital Wallet,2025-02-16
"10009751","78120","2835","5","570",2,Credit Card,2025-02-07
"10009752","135983","2499","6","454",13,Points,2025-04-11
"10009753","112194","1865","5","558",17,Points,2025-01-01
"10009754","71478","1321","3","367",10,Points,2025-01-26
"10009755","66100","2953","17","688",1,Credit Card,2025-10-06
"10009756","55015","1359","13","631",16,Cash,2025-12-16
"10009757","97518","1012","8","394",20,Cash,2025-09-08
"10009758","132680","2499","12","583",14,Credit Card,2025-08-13
"10009759","80774","2259","1","272",7,Points,2025-08-17
"10009760","93152","1774","4","523",1,Digital Wallet,2025-05-12
"10009761","122329","2678","14","414",19,Cash,2025-08-29
"10009762","99100","1719","2","611",2,Cash,2025-09-01
"10009763","84393","2708","17","294",9,Digital Wallet,2025-09-16
"10009764","62358","2568","18","232",9,Digital Wallet,2025-05-18
"10009765","66741","2114","1","653",15,Credit Card,2025-03-30
"10009766","52112","2166","8","571",12,Points,2025-06-15
"10009767","135305","1086","5","287",18,Cash,2025-11-18
"10009768","84660","2596","1","354",6,Credit Card,2025-10-12
"10009769","115627","2307","5","431",11,Credit Card,2025-12-11
"10009770","144525","2848","8","472",10,Digital Wallet,2025-11-18
"10009771","60462","1232","16","578",6,Points,2025-02-16
"10009772","125486","2145","17","241",18,Digital Wallet,2025-01-15
"10009773","140742","1458","10","228",8,Credit Card,2025-12-14
"10009774","59414","1048","10","516",19,Points,2025-11-15
"10009775","148594","2140","2","666",5,Cash,2025-08-20
"10009776","92019","1610","13","632",16,Points,2025-04-28
"10009777","75107","1300","19","679",8,Points,2025-07-22
"10009778","50464","1553","19","322",18,Digital Wallet,2025-09-20
"10009779","105770","2207","14","332",10,Points,2025-06-12
"10009780","91605","1480","17","299",2,Points,2025-07-21
"10009781","85518","2620","3","655",19,Points,2025-03-10
"10009782","125644","2712","3","648",18,Cash,2025-02-07
"10009783","145844","1005","16","246",20,Credit Card,2025-05-23
"10009784","104304","2995","20","444",6,Cash,2025-06-03
"10009785","55929","2433","4","638",13,Credit Card,2025-12-14
"10009786","125192","2767","2","373",16,Credit Card,2025-04-21
"10009787","93951","2296","9","677",9,Credit Card,2025-11-11
"10009788","96624","2243","7","423",4,Digital Wallet,2025-10-20
"10009789","54486","1015","13","656",10,Credit Card,2025-04-22
"10009790","112245","2367","9","421",13,Credit Card,2025-12-08
"10009791","107526","2685","17","290",3,Points,2025-05-02
"10009792","103447","2245","3","370",15,Digital Wallet,2025-10-10
"10009793","144048","1575","7","663",1,Points,2025-06-23
"10009794","66360","1985","10","492",13,Points,2025-01-26
"10009795","53566","2191","17","514",18,Points,2025-01-26
"10009796","86046","1063","16","650",13,Digital Wallet,2025-10-13
"10009797","58963","2518","17","615",19,Cash,2025-07-11
"10009798","98366","2330","1","250",7,Cash,2025-03-02
"10009799","87651","1047","7","425",19,Cash,2025-08-12
"10009800","104803","2452","11","600",15,Cash,2025-01-29
"10009801","122280","2265","1","428",10,Credit Card,2025-05-11
"10009802","134204","2804","15","374",16,Credit Card,2025-10-20
"10009803","68160","1902","8","226",5,Points,2025-03-05
"10009804","64895","1491","3","286",19,Points,2025-09-11
"10009805","99809","2185","3","344",9,Cash,2025-05-12
"10009806","80358","1005","16","625",17,Credit Card,2025-02-07
"10009807","61886","2454","8","641",18,Digital Wallet,2025-11-01
"10009808","120127","2822","2","527",12,Cash,2025-03-06
"10009809","81803","1696","7","567",4,Credit Card,2025-02-13
"10009810","69960","2849","4","416",19,Digital Wallet,2025-04-06
"10009811","127168","1716","6","460",19,Cash,2025-10-20
"10009812","87462","2804","4","586",7,Cash,2025-02-03
"10009813","58869","1599","12","243",11,Digital Wallet,2025-01-08
"10009814","52563","1562","12","468",11,Cash,2025-06-26
"10009815","117784","1300","5","310",11,Credit Card,2025-03-29
"10009816","143118","2914","20","506",17,Digital Wallet,2025-06-29
"10009817","79605","1138","11","255",3,Digital Wallet,2025-02-26
"10009818","95904","1879","13","413",14,Points,2025-12-16
"10009819","100799","1615","10","344",5,Credit Card,2025-10-20
"10009820","146815","2719","20","451",15,Digital Wallet,2025-01-06
"10009821","100328","1176","9","439",17,Credit Card,2025-08-19
"10009822","67361","1571","10","449",15,Credit Card,2025-10-28
"10009823","83826","2103","12","371",15,Points,2025-11-12
"10009824","80469","2753","9","215",10,Credit Card,2025-08-28
"10009825","101255","1513","15","531",20,Cash,2025-09-25
"10009826","101037","1863","19","681",15,Digital Wallet,2025-07-22
"10009827","55787","1084","9","436",7,Credit Card,2025-10-11
"10009828","68267","1938","10","317",14,Points,2025-08-15
"10009829","134042","2815","17","558",3,Credit Card,2025-05-13
"10009830","69949","2662","16","565",1,Cash,2025-11-15
"10009831","139627","1473","19","202",3,Points,2025-12-24
"10009832","101015","1063","9","299",16,Digital Wallet,2025-09-14
"10009833","106332","2840","20","533",14,Points,2025-03-27
"10009834","146633","1720","10","240",1,Digital Wallet,2025-03-22
"10009835","57243","2641","10","231",12,Credit Card,2025-05-18
"10009836","87557","2998","7","210",13,Cash,2025-07-20
"10009837","73141","1503","15","282",20,Points,2025-07-31
"10009838","122808","2323","10","548",8,Points,2025-04-19
"10009839","62873","2530","11","591",12,Points,2025-09-07
"10009840","78473","2072","14","342",4,Credit Card,2025-05-16
"10009841","124736","2723","17","362",5,Digital Wallet,2025-09-10
"10009842","73744","1387","17","657",6,Credit Card,2025-09-27
"10009843","122606","1345","1","272",9,Digital Wallet,2025-04-02
"10009844","135847","1466","6","301",17,Cash,2025-11-20
"10009845","57040","2015","12","671",17,Digital Wallet,2025-10-25
"10009846","108552","1265","11","675",19,Credit Card,2025-02-02
"10009847","68032","2325","19","681",3,Credit Card,2025-07-02
"10009848","132935","1618","4","297",10,Cash,2025-03-21
"10009849","89049","1137","14","476",7,Credit Card,2025-04-20
"10009850","92572","1993","9","630",10,Points,2025-08-01
"10009851","70939","1375","20","429",5,Cash,2025-06-26
"10009852","97835","1301","18","648",13,Digital Wallet,2025-12-04
"10009853","94888","2851","2","571",2,Cash,2025-09-16
"10009854","110383","2886","18","410",6,Cash,2025-10-14
"10009855","114284","1073","13","637",8,Digital Wallet,2025-02-09
"10009856","129962","2946","7","289",6,Points,2025-01-29
"10009857","138726","1406","7","618",12,Points,2025-01-12
"10009858","104728","2800","8","351",17,Points,2025-08-01
"10009859","54736","1635","6","601",2,Digital Wallet,2025-07-01
"10009860","101579","1167","10","554",12,Digital Wallet,2025-03-04
"10009861","120423","2604","19","604",5,Points,2025-01-14
"10009862","69956","2254","15","389",9,Points,2025-05-23
"10009863","99270","1627","19","467",1,Points,2025-05-31
"10009864","77208","1967","20","591",17,Cash,2025-09-17
"10009865","125688","1826","3","546",11,Cash,2025-06-04
"10009866","89350","1572","16","650",16,Cash,2025-02-06
"10009867","90919","1021","1","465",2,Points,2025-05-17
"10009868","139639","1685","15","597",6,Digital Wallet,2025-08-30
"10009869","129348","1131","17","241",13,Points,2025-05-12
"10009870","131184","2056","16","207",19,Credit Card,2025-03-03
"10009871","121632","1293","18","496",10,Cash,2025-03-11
"10009872","83847","1651","6","529",16,Cash,2025-01-19
"10009873","91753","1992","8","407",18,Cash,2025-09-09
"10009874","51627","2070","12","567",4,Cash,2025-04-24
"10009875","78848","2259","10","633",1,Credit Card,2025-04-20
"10009876","125773","2179","1","429",14,Cash,2025-09-28
"10009877","60672","1130","14","489",19,Credit Card,2025-04-05
"10009878","79564","2638","8","316",11,Cash,2025-11-13
"10009879","64930","1122","2","539",4,Cash,2025-07-09
"10009880","139483","2473","15","224",19,Points,2025-07-31
"10009881","111373","1525","8","586",1,Credit Card,2025-06-19
"10009882","119052","2065","18","699",14,Credit Card,2025-06-23
"10009883","109574","1492","12","259",8,Points,2025-11-09
"10009884","62352","1621","6","335",15,Credit Card,2025-01-27
"10009885","128252","2179","7","591",10,Cash,2025-04-08
"10009886","148488","2846","1","493",16,Credit Card,2025-09-11
"10009887","114997","2471","15","535",14,Points,2025-07-25
"10009888","87365","1413","6","654",2,Cash,2025-04-21
"10009889","143407","2430","17","323",8,Digital Wallet,2025-09-04
"10009890","86385","1527","15","383",6,Credit Card,2025-09-15
"10009891","121109","1254","6","380",6,Points,2025-04-17
"10009892","133095","1119","17","372",12,Points,2025-10-02
"10009893","63088","2247","5","643",14,Points,2025-09-26
"10009894","68644","2507","17","612",19,Cash,2025-08-31
"10009895","114787","1160","5","203",13,Credit Card,2025-10-06
"10009896","99736","2810","19","519",7,Cash,2025-09-15
"10009897","113490","1485","1","403",15,Cash,2025-07-07
"10009898","91286","1056","9","353",1,Cash,2025-04-23
"10009899","51394","1208","6","660",7,Cash,2025-11-29
"10009900","96236","1470","2","448",15,Points,2025-11-16
"10009901","65778","1742","10","331",17,Digital Wallet,2025-09-25
"10009902","116384","2008","14","315",14,Digital Wallet,2025-09-25
"10009903","118568","1383","8","266",15,Credit Card,2025-09-08
"10009904","99024","1468","5","676",14,Digital Wallet,2025-09-17
"10009905","101906","2943","11","570",5,Digital Wallet,2025-02-13
"10009906","144140","1410","5","230",11,Cash,2025-12-08
"10009907","127615","2612","14","405",7,Credit Card,2025-01-18
"10009908","133041","2446","4","671",20,Digital Wallet,2025-01-24
"10009909","74384","1088","10","636",3,Cash,2025-09-08
"10009910","142481","1696","3","625",17,Credit Card,2025-12-13
"10009911","65379","2694","9","602",4,Points,2025-08-24
"10009912","56160","2744","1","214",4,Credit Card,2025-10-20
"10009913","67442","2251","16","590",2,Points,2025-06-04
"10009914","70567","1556","18","218",3,Points,2025-04-13
"10009915","105226","2042","8","560",14,Credit Card,2025-01-15
"10009916","91022","1541","12","303",4,Points,2025-12-28
"10009917","53602","2025","17","566",19,Cash,2025-11-11
"10009918","78417","1087","9","283",17,Points,2025-12-10
"10009919","52284","1917","20","531",11,Digital Wallet,2025-05-23
"10009920","141314","1967","8","319",6,Credit Card,2025-04-17
"10009921","126222","1227","7","604",6,Digital Wallet,2025-08-05
"10009922","124057","2512","10","683",19,Digital Wallet,2025-10-27
"10009923","136749","2504","11","244",15,Digital Wallet,2025-06-08
"10009924","82330","2845","14","312",18,Cash,2025-01-17
"10009925","101590","2398","1","385",18,Digital Wallet,2025-06-11
"10009926","107191","1144","1","278",20,Points,2025-06-26
"10009927","63208","1113","11","348",12,Credit Card,2025-11-14
"10009928","90462","1159","19","290",13,Points,2025-07-22
"10009929","125077","2043","13","657",18,Cash,2025-04-03
"10009930","72829","2455","15","477",20,Credit Card,2025-10-02
"10009931","111060","1279","2","367",13,Points,2025-11-18
"10009932","129084","2803","2","391",11,Digital Wallet,2025-04-16
"10009933","103535","2389","9","286",7,Credit Card,2025-01-13
"10009934","121349","2269","14","357",5,Credit Card,2025-09-20
"10009935","75150","1381","16","508",5,Digital Wallet,2025-07-05
"10009936","50768","2716","3","633",19,Digital Wallet,2025-11-19
"10009937","100135","2811","4","554",8,Cash,2025-07-10
"10009938","125765","1788","18","408",3,Cash,2025-08-08
"10009939","75031","2636","10","212",13,Cash,2025-02-09
"10009940","121803","1783","15","348",10,Points,2025-09-30
"10009941","110221","2394","8","274",16,Credit Card,2025-10-20
"10009942","137477","1690","16","607",2,Cash,2025-11-02
"10009943","62378","1652","2","202",9,Points,2025-02-22
"10009944","139276","2323","14","573",20,Credit Card,2025-07-24
"10009945","143817","1994","11","379",20,Points,2025-08-26
"10009946","104935","1111","5","415",12,Points,2025-09-25
"10009947","124163","2219","1","639",3,Points,2025-05-28
"10009948","149222","1992","6","349",7,Cash,2025-04-26
"10009949","114291","2846","18","560",13,Points,2025-04-22
"10009950","62436","1240","19","393",20,Points,2025-04-10
"10009951","51799","2244","4","456",13,Points,2025-06-22
"10009952","132528","2176","12","623",2,Credit Card,2025-07-25
"10009953","61782","2996","13","699",12,Digital Wallet,2025-11-13
"10009954","129134","2247","11","595",9,Digital Wallet,2025-10-15
"10009955","67275","2843","8","212",11,Digital Wallet,2025-12-13
"10009956","128940","2053","3","673",8,Points,2025-07-18
"10009957","140189","1565","18","368",17,Digital Wallet,2025-06-02
"10009958","120105","2392","3","476",12,Points,2025-04-30
"10009959","148851","1715","14","325",5,Cash,2025-01-06
"10009960","60484","2917","18","376",8,Credit Card,2025-03-19
"10009961","88703","1967","2","380",18,Credit Card,2025-12-23
"10009962","109282","1905","11","648",12,Digital Wallet,2025-06-21
"10009963","136881","1938","10","322",20,Digital Wallet,2025-06-06
"10009964","53674","1134","9","377",8,Cash,2025-05-02
"10009965","113806","2217","7","395",8,Points,2025-10-20
"10009966","132516","2315","9","345",3,Cash,2025-06-28
"10009967","139352","2962","11","522",1,Credit Card,2025-11-02
"10009968","83275","1618","1","407",14,Credit Card,2025-11-17
"10009969","115337","1227","7","387",9,Digital Wallet,2025-12-04
"10009970","77660","1164","15","563",8,Digital Wallet,2025-07-20
"10009971","75792","1845","10","242",11,Digital Wallet,2025-07-29
"10009972","109436","1897","19","583",7,Credit Card,2025-11-17
"10009973","85341","2958","11","612",2,Digital Wallet,2025-05-20
"10009974","113130","2493","9","642",19,Credit Card,2025-02-28
"10009975","111154","1328","9","247",18,Digital Wallet,2025-05-13
"10009976","106036","1378","17","677",4,Points,2025-11-16
"10009977","117535","1086","12","564",15,Points,2025-08-17
"10009978","71020","1371","11","631",11,Points,2025-08-09
"10009979","136304","2586","4","426",5,Credit Card,2025-09-19
"10009980","55976","1064","12","649",14,Credit Card,2025-02-15
"10009981","127693","2584","10","584",16,Cash,2025-01-19
"10009982","79962","2662","19","496",12,Points,2025-08-30
"10009983","129977","1393","16","342",20,Cash,2025-01-29
"10009984","113245","1968","4","568",5,Cash,2025-03-01
"10009985","86503","1512","14","229",9,Cash,2025-08-30
"10009986","127248","1266","18","680",4,Points,2025-10-25
"10009987","107270","1874","11","257",20,Credit Card,2025-11-13
"10009988","114554","2959","10","679",4,Cash,2025-10-30
"10009989","134306","2326","2","424",12,Digital Wallet,2025-03-18
"10009990","138394","2426","16","506",7,Points,2025-01-17
"10009991","106524","2629","12","536",5,Points,2025-01-08
"10009992","123939","2396","20","300",19,Cash,2025-06-19
"10009993","87057","1539","6","643",2,Cash,2025-11-14
"10009994","85394","2538","17","244",7,Points,2025-06-28
"10009995","109790","1640","12","382",3,Credit Card,2025-07-30
"10009996","123290","2720","20","242",3,Points,2025-05-11
"10009997","77189","2007","17","319",12,Cash,2025-08-02
"10009998","82492","2403","2","356",10,Digital Wallet,2025-07-19
"10009999","143756","1783","6","625",5,Digital Wallet,2025-12-12
"10010000","61269","1381","13","572",11,Credit Card,2025-07-26
